processo,ano,tribunal,comarca,autor_tipo,reu,setor,resultado,ganhou_autor,valor_condenacao,n_chars
0000002-56.2021.8.17.2500,2021,TJPE,Gravatá,PESSOA FÍSICA,BRADESCO SAUDE,Plano de saúde,IMPROCEDENTE,False,,12448
0000010-25.2015.8.18.0072,2015,TJPI,São Pedro do Piauí,PESSOA FÍSICA,BANCO DO BRASIL,Banco e financeira,IMPROCEDENTE,False,,6902
0000010-58.2020.8.17.8226,2020,TJPE,,,,,PROCEDENTE,True,4315.65,3474
0000010-67.2021.8.17.3200,2021,TJPE,Rio Formoso,PESSOA FÍSICA,CELPE-COMPANHIA ENERGETICA DE PERNAMBUCO,Energia,PROCEDENTE,True,3000.0,18758
0000012-63.2022.8.17.8224,2022,TJPE,,,,,,,,781
0000014-89.2019.8.17.3260,2019,TJPE,Santa Maria da Boa Vista,PESSOA FÍSICA,NEONERGIA PERNAMBUCO - CIA ENERGETICA DE PERNAMBUCO,Energia,IMPROCEDENTE,False,4000.0,11182
0000019-54.2024.8.17.8234,2024,TJPE,,PESSOA FÍSICA,GOL LINHAS AEREAS,Transporte aéreo,EXTINTO SEM MÉRITO,False,,1897
0000026-18.2020.8.17.3180,2020,TJPE,Riacho das Almas,PESSOA FÍSICA,BANCO BRADESCO,Banco e financeira,PARCIALMENTE PROCEDENTE,True,,7751
0000027-98.2014.8.10.0143,2014,TJMA,Morros,PESSOA FÍSICA,,,IMPROCEDENTE,False,,8852
0000030-35.2023.8.17.8229,2023,TJPE,Palmares,,,,IMPROCEDENTE,False,,10742
0000032-06.2017.8.18.0075,2017,TJPI,Simplício Mendes,PESSOA FÍSICA,BANCO DO BRASIL,Banco e financeira,PROCEDENTE,True,,7325
0000033-40.2024.8.17.8201,2024,TJPE,,,,,EXTINTO SEM MÉRITO,False,,1282
0000043-13.2018.8.10.0143,2018,TJMA,Morros,PESSOA FÍSICA,,,PROCEDENTE,True,7000.0,8717
0000048-56.2014.8.17.8234,2014,TJPE,,,,,ACORDO HOMOLOGADO,,,1749
0000051-76.2016.8.10.0040,2016,TJMA,,,,,PARCIALMENTE PROCEDENTE,True,5000.0,11693
0000063-34.2014.8.18.0074,2014,TJPI,Simões,PESSOA FÍSICA,MUNICIPIO DE CARIDADE DO PIAUI,Poder público,IMPROCEDENTE,False,,13864
0000065-46.2024.8.17.8233,2024,TJPE,,,,,PARCIALMENTE PROCEDENTE,True,,7991
0000068-60.2022.8.17.8236,2022,TJPE,,,,,EXTINTO SEM MÉRITO,False,,2754
0000080-26.2024.8.17.4220,2024,TJPE,Arcoverde,,OLX ATIVIDADES DE INTERNET,Outros,IMPROCEDENTE,False,,7731
0000080-67.2023.8.17.8227,2023,TJPE,,,,,IMPROCEDENTE,False,,3710
0000088-76.2015.8.18.0053,2015,TJPI,Guadalupe,PESSOA FÍSICA,A. S. E SILVA BARROSO,Outros,PROCEDENTE,True,10000.0,7338
0000098-35.2016.8.25.0007,2016,TJSE,,,,,IMPROCEDENTE,False,,3773
0000100-82.2019.8.17.8232,2019,TJPE,,,,,ACORDO HOMOLOGADO,,,1348
0000102-64.2021.8.17.2450,2021,TJPE,Capoeiras,PESSOA FÍSICA,BANCO DO BRASIL,Banco e financeira,ACORDO HOMOLOGADO,,,4777
0000117-72.2016.8.18.0092,2016,TJPI,Avelino Lopes,PESSOA FÍSICA,TIM CELULAR,Telecomunicações,EXTINTO SEM MÉRITO,False,,7086
0000120-28.2017.8.18.0048,2017,TJPI,Demerval Lobão,PESSOA FÍSICA,BANCO PAN,Banco e financeira,PROCEDENTE,True,,11609
0000120-98.2022.8.17.8222,2022,TJPE,,PESSOA FÍSICA,,,IMPROCEDENTE,False,,4690
0000123-53.2021.8.17.8201,2021,TJPE,,,,,PARCIALMENTE PROCEDENTE,True,,5491
0000124-52.2024.8.17.8227,2024,TJPE,,,,,IMPROCEDENTE,False,,4434
0000128-59.2017.8.10.0102,2017,TJMA,Montes Altos,PESSOA FÍSICA,BANCO PANAMERICANO,Banco e financeira,IMPROCEDENTE,False,,6408
0000131-72.2018.8.17.8221,2018,TJPE,,,,,IMPROCEDENTE,False,,4666
0000149-96.2023.8.17.8228,2023,TJPE,,PESSOA FÍSICA,,,PARCIALMENTE PROCEDENTE,True,930.35,8474
0000153-05.2021.8.17.3120,2021,TJPE,Petrolândia,PESSOA FÍSICA,,,EXTINTO SEM MÉRITO,False,,5094
0000154-20.2014.8.18.0044,2014,TJPI,Canto do Buriti,PESSOA FÍSICA,TELEFONICA BRASIL,Telecomunicações,IMPROCEDENTE,False,,7704
0000166-58.2019.8.17.8201,2019,TJPE,,,,,PARCIALMENTE PROCEDENTE,True,1500.0,9357
0000167-09.2025.8.26.0271,2025,TJSP,Itapevi,PESSOA FÍSICA,,,PARCIALMENTE PROCEDENTE,True,3999.0,8548
0000169-58.2015.8.10.0114,2015,TJMA,Riachão,PESSOA FÍSICA,BV LEASING - ARRENDAMENTO MERCANTIL,Banco e financeira,IMPROCEDENTE,False,,2388
0000173-48.2023.8.17.8221,2023,TJPE,Palmares,PESSOA FÍSICA,,,EXTINTO SEM MÉRITO,False,,3363
0000185-15.2021.8.17.8227,2021,TJPE,,,,,EXTINTO SEM MÉRITO,False,,4554
0000190-42.2018.8.17.8227,2018,TJPE,,,,,IMPROCEDENTE,False,,6722
0000198-24.2025.8.12.0043,2025,TJMS,São Gabriel do Oeste,PESSOA FÍSICA,,,IMPROCEDENTE,False,,3260
0000200-63.2017.8.18.0089,2017,TJPI,Caracol,PESSOA FÍSICA,,,IMPROCEDENTE,False,,3113
0000201-41.2022.8.17.8224,2022,TJPE,,,,,IMPROCEDENTE,False,2000.0,5134
0000204-05.2018.8.17.2220,2018,TJPE,Tuparetama,PESSOA FÍSICA,COVEPEL COMERCIO DE VEICULOS E PECAS,Outros,ACORDO HOMOLOGADO,,,2054
0000208-17.2018.8.10.0125,2018,TJMA,São João Batista,PESSOA FÍSICA,BANCO PAN,Banco e financeira,EXTINTO SEM MÉRITO,False,,1888
0000221-40.2019.8.17.2500,2019,TJPE,Chã Grande,PESSOA FÍSICA,BANCO BRADESCO,Banco e financeira,PROCEDENTE,True,5000.0,9418
0000221-93.2017.8.18.0071,2017,TJPI,São Miguel do Tapuio,PESSOA FÍSICA,CREFISA SA CREDITO FINANCIAMENTO E INVESTIMENTOS,Banco e financeira,IMPROCEDENTE,False,,4329
0000240-15.2020.8.17.8222,2020,TJPE,,,,,PARCIALMENTE PROCEDENTE,True,558.63,5931
0000242-73.2020.8.17.8225,2020,TJPE,,,,,IMPROCEDENTE,False,,8350
0000244-55.2020.8.17.8221,2020,TJPE,,,,,ACORDO HOMOLOGADO,,,893
0000248-85.2017.8.17.8225,2017,TJPE,,,,,EXTINTO SEM MÉRITO,False,,4778
0000249-12.2016.8.18.0034,2016,TJPI,Água Branca,PESSOA JURÍDICA,,,EXTINTO SEM MÉRITO,False,,4516
0000258-15.2020.8.17.8229,2020,TJPE,,,,,ACORDO HOMOLOGADO,,,1089
0000260-77.2018.8.17.8221,2018,TJPE,,,,,IMPROCEDENTE,False,,6536
0000266-83.2020.8.17.8231,2020,TJPE,,,,,ACORDO HOMOLOGADO,,,1648
0000267-77.2020.8.17.8228,2020,TJPE,,,,,EXTINTO SEM MÉRITO,False,,2030
0000268-96.2024.8.17.8236,2024,TJPE,Surubim,PESSOA FÍSICA,NU FINANCEIRA S.A. - SOCIEDADE DE CREDITO,Banco e financeira,EXTINTO SEM MÉRITO,False,,2860
0000269-40.2018.8.17.3500,2018,TJPE,Tracunhaém,PESSOA FÍSICA,,,IMPROCEDENTE,False,,8368
0000277-31.2021.8.17.2750,2021,TJPE,Itaíba,PESSOA FÍSICA,BANCO VOTORANTIM,Banco e financeira,PROCEDENTE,True,,5232
0000278-82.2025.8.27.2722,2025,TJTO,Gurupi,PESSOA FÍSICA,ENERGISA TOCANTINS DISTRIBUIDORA DE ENERGIA,Energia,PROCEDENTE,True,21.4,11903
0000286-84.2021.8.17.2170,2021,TJPE,Aliança,PESSOA FÍSICA,BANCO MERCANTIL DO BRASIL,Banco e financeira,IMPROCEDENTE,False,,9388
0000288-87.2024.8.17.8236,2024,TJPE,Surubim,,,,IMPROCEDENTE,False,,7623
0000316-79.2019.8.18.0063,2019,TJPI,Amarante,PESSOA FÍSICA,BANCO DO ESTADO DO RIO GRANDE DO SUL,Banco e financeira,IMPROCEDENTE,False,,4849
0000327-09.2023.8.17.3390,2023,TJPE,Sertânia,,MUNICIPIO DE SERTANIA,Poder público,PROCEDENTE,True,,8968
0000329-96.2019.8.10.0129,2019,TJMA,São Raimundo das Mangabeiras,PESSOA FÍSICA,BANCO PANAMERICANO,Banco e financeira,EXTINTO SEM MÉRITO,False,,3384
0000330-27.2019.8.17.8232,2019,TJPE,,,,,ACORDO HOMOLOGADO,,,833
0000334-83.2019.8.17.3020,2019,TJPE,Ouricuri,,TREVO TRANSPORTES,Outros,PROCEDENTE,True,50000.0,8233
0000353-28.2023.8.17.8233,2023,TJPE,,PESSOA FÍSICA,,,EXTINTO SEM MÉRITO,False,,3449
0000362-58.2017.8.18.0089,2017,TJPI,Caracol,PESSOA FÍSICA,KABUM COMERCIO ELETRONICO,Energia,EXTINTO SEM MÉRITO,False,,1959
0000362-58.2021.8.17.8233,2021,TJPE,,PESSOA FÍSICA,,,PARCIALMENTE PROCEDENTE,True,4000.0,8486
0000370-30.2015.8.05.0198,2015,TJBA,Planalto Bahia,PESSOA FÍSICA,JAIR LAGOA MOTOCICLETAS,Outros,PROCEDENTE,True,5696.0,5814
0000370-58.2023.8.17.8235,2023,TJPE,Pesqueira,,,,IMPROCEDENTE,False,,4378
0000375-20.2024.8.26.0435,2024,TJSP,Pedreira,,,,PROCEDENTE,True,20000.0,6333
0000379-91.2025.8.12.0021,2025,TJMS,,PESSOA FÍSICA,,,EXTINTO SEM MÉRITO,False,,1270
0000384-42.2023.8.17.8235,2023,TJPE,Pesqueira,,,,IMPROCEDENTE,False,,7619
0000385-49.2016.8.10.0125,2016,TJMA,,PESSOA FÍSICA,BRADESCO FINANCIAMENTOS,Banco e financeira,EXTINTO SEM MÉRITO,False,,6289
0000404-44.2020.8.17.3480,2020,TJPE,Timbaúba,PESSOA FÍSICA,CRED - SYSTEM ADMINISTRADORA DE CARTOES DE CREDITO,Banco e financeira,IMPROCEDENTE,False,,8939
0000420-16.2020.8.17.8227,2020,TJPE,Sua Continuidade,,,,ACORDO HOMOLOGADO,,,1208
0000429-72.2020.8.17.8228,2020,TJPE,,,,,IMPROCEDENTE,False,,4286
0000435-65.2023.8.17.8231,2023,TJPE,,,,,IMPROCEDENTE,False,,4468
0000443-81.2019.8.17.8231,2019,TJPE,,,,,EXTINTO SEM MÉRITO,False,,1871
0000447-78.2020.8.17.8233,2020,TJPE,,,,,PROCEDENTE,True,380.0,10650
0000451-59.2018.8.17.2810,2018,TJPE,Jaboatão dos Guararapes,PESSOA FÍSICA,,,PROCEDENTE,True,1500.0,15503
0000454-71.2017.8.18.0045,2017,TJPI,Castelo do Piauí,PESSOA FÍSICA,BANCO BRADESCO,Banco e financeira,IMPROCEDENTE,False,,3949
0000472-60.2021.8.17.8232,2021,TJPE,,PESSOA FÍSICA,CRED - SYSTEM ADMINISTRADORA DE CARTOES DE CREDITO,Banco e financeira,,,,3844
0000484-63.2014.8.05.0081,2014,TJBA,,PESSOA FÍSICA,NET SERVICOS DE COMUNICACAO,Telecomunicações,EXTINTO SEM MÉRITO,False,,5893
0000486-67.2021.8.26.0157,2021,TJSP,Cubatão,PESSOA JURÍDICA,,,EXTINTO SEM MÉRITO,False,,1139
0000492-08.2022.8.17.8235,2022,TJPE,,,,,EXTINTO SEM MÉRITO,False,,2019
0000494-92.2019.8.17.8231,2019,TJPE,,,,,IMPROCEDENTE,False,,3468
0000507-45.2023.8.17.8201,2023,TJPE,,PESSOA FÍSICA,,,PROCEDENTE,True,3000.0,4239
0000512-21.2019.8.17.3250,2019,TJPE,Santa Cruz do Capibaribe,PESSOA FÍSICA,NEONERGIA PERNAMBUCO - CIA ENERGETICA DE PERNAMBUCO,Energia,IMPROCEDENTE,False,,16541
0000513-55.2024.8.17.8221,2024,TJPE,,,,,PROCEDENTE,True,2000.0,6389
0000518-96.2021.8.17.2170,2021,TJPE,Aliança,PESSOA FÍSICA,BP PROMOTORA DE VENDAS,Outros,ACORDO HOMOLOGADO,,,4695
0000519-16.2023.8.17.3430,2023,TJPE,Tacaimbó,PESSOA FÍSICA,HAPVIDA ASSISTENCIA MEDICA,Plano de saúde,IMPROCEDENTE,False,,5621
0000521-28.2017.8.14.0116,2017,TJPA,,,,,IMPROCEDENTE,False,,4294
0000527-64.2023.8.17.8224,2023,TJPE,Gravatá,,,,EXTINTO SEM MÉRITO,False,,1343
0000529-62.2017.8.10.0036,2017,TJMA,Estreito,PESSOA FÍSICA,BANCO CELETEM,Banco e financeira,IMPROCEDENTE,False,,8128
0000531-32.2022.8.17.8226,2022,TJPE,,,,,EXTINTO SEM MÉRITO,False,,3199
0000540-39.2023.8.17.8232,2023,TJPE,,PESSOA FÍSICA,SKY BRASIL SERVICOS,Telecomunicações,IMPROCEDENTE,False,200.0,6639
0000545-07.2022.8.17.8229,2022,TJPE,,PESSOA FÍSICA,AZUL LINHAS AEREAS BRASILEIRAS,Transporte aéreo,PARCIALMENTE PROCEDENTE,True,4000.0,4839
0000553-62.2023.8.17.2210,2023,TJPE,Araripina,PESSOA FÍSICA,GOL LINHAS AEREAS,Transporte aéreo,ACORDO HOMOLOGADO,,,1858
0000553-64.2020.8.17.8225,2020,TJPE,,,,,IMPROCEDENTE,False,,3341
0000556-58.2021.8.17.8233,2021,TJPE,,PESSOA FÍSICA,,,EXTINTO SEM MÉRITO,False,,3734
0000558-55.2021.8.17.8224,2021,TJPE,,PESSOA FÍSICA,BANCO BMG,Banco e financeira,IMPROCEDENTE,False,,10517
0000565-41.2021.8.17.8226,2021,TJPE,,,,,EXTINTO SEM MÉRITO,False,,3712
0000570-91.2017.8.10.0080,2017,TJMA,,,,,IMPROCEDENTE,False,,4379
0000572-61.2015.8.18.0063,2015,TJPI,Amarante,PESSOA FÍSICA,TELEMAR NORTE LESTE,Telecomunicações,PROCEDENTE,True,3000.0,6664
0000573-62.2019.8.17.8234,2019,TJPE,,,,,IMPROCEDENTE,False,,3696
0000579-15.2015.8.05.0225,2015,TJBA,,PESSOA FÍSICA,MUNICIPIO DE SANTA TERESINHA,Poder público,IMPROCEDENTE,False,,10280
0000585-48.2025.8.27.2718,2025,TJTO,,PESSOA FÍSICA,PICPAY INSTITUICAO DE PAGAMENTO,Outros,PROCEDENTE,True,,10748
0000594-75.2019.8.10.0072,2019,TJMA,,PESSOA FÍSICA,BANCO BRADESCO,Banco e financeira,EXTINTO SEM MÉRITO,False,,1963
0000594-93.2018.8.17.8227,2018,TJPE,,,,,PROCEDENTE,True,1000.0,3449
0000595-23.2023.8.17.8221,2023,TJPE,,PESSOA FÍSICA,MAGAZINE LUIZA/,Varejo e serviços,PARCIALMENTE PROCEDENTE,True,1500.0,4436
0000598-72.2023.8.17.8222,2023,TJPE,,,,,ACORDO HOMOLOGADO,,,3012
0000605-08.2021.8.17.8231,2021,TJPE,,,,,EXTINTO SEM MÉRITO,False,,2969
0000608-21.2021.8.17.2230,2021,TJPE,Barreiros,PESSOA FÍSICA,NEONERGIA PERNAMBUCO - CIA ENERGETICA DE PERNAMBUCO,Energia,IMPROCEDENTE,False,,7974
0000610-34.2016.8.10.0072,2016,TJMA,,PESSOA FÍSICA,VANESSA MÓVEIS,Outros,EXTINTO SEM MÉRITO,False,,1825
0000615-82.2021.8.17.8221,2021,TJPE,,PESSOA FÍSICA,OI MOVEL,Telecomunicações,IMPROCEDENTE,False,,10320
0000622-64.2014.8.05.0199,2014,TJBA,Poções,,,,PARCIALMENTE PROCEDENTE,True,16000.0,24587
0000623-37.2018.8.17.8230,2018,TJPE,,,,,PROCEDENTE,True,2000.0,3740
0000633-38.2019.8.17.8233,2019,TJPE,,,,,EXTINTO SEM MÉRITO,False,,2690
0000641-39.2018.8.10.0119,2018,TJMA,Santo Antonio dos Lopes,PESSOA FÍSICA,BANCO BRADESCO FINANCIAMENTOS,Banco e financeira,IMPROCEDENTE,False,,8042
0000643-50.2021.8.17.8221,2021,TJPE,,PESSOA FÍSICA,BANCO BRADESCO,Banco e financeira,EXTINTO SEM MÉRITO,False,,1262
0000646-02.2021.8.17.8222,2021,TJPE,,PESSOA FÍSICA,RECOVERY DO BRASIL CONSULTORIA,Outros,PARCIALMENTE PROCEDENTE,True,,8532
0000646-28.2023.8.17.8223,2023,TJPE,,,,,IMPROCEDENTE,False,,3376
0000669-44.2023.8.17.8232,2023,TJPE,,PESSOA FÍSICA,SKY SERVICOS DE BANDA LARGA,Telecomunicações,ACORDO HOMOLOGADO,,,1240
0000670-86.2024.8.17.8234,2024,TJPE,,,,,IMPROCEDENTE,False,,4356
0000673-30.2017.8.18.0063,2017,TJPI,Amarante,PESSOA FÍSICA,BANCO CETELEM,Banco e financeira,ACORDO HOMOLOGADO,,,1348
0000673-81.2023.8.17.8232,2023,TJPE,,PESSOA FÍSICA,BANCO DO BRASIL,Banco e financeira,ACORDO HOMOLOGADO,,,1234
0000676-74.2016.8.25.0014,2016,TJSE,Canindé de São Francisco,PESSOA FÍSICA,,,EXTINTO SEM MÉRITO,False,,1849
0000677-17.2020.8.17.8235,2020,TJPE,,PESSOA FÍSICA,BANCO FICSA,Banco e financeira,IMPROCEDENTE,False,,4000
0000691-39.2022.8.17.8232,2022,TJPE,,PESSOA FÍSICA,,,EXTINTO SEM MÉRITO,False,,6414
0000693-62.2015.8.18.0072,2015,TJPI,São Pedro do Piauí,PESSOA FÍSICA,EMPRESA DE TELEFONIA TIM CELULAR,Telecomunicações,ACORDO HOMOLOGADO,,,2182
0000705-64.2019.8.18.0063,2019,TJPI,Amarante,PESSOA FÍSICA,BANCO CETELEM,Banco e financeira,IMPROCEDENTE,False,,3225
0000707-28.2014.8.18.0057,2014,TJPI,Jaicós,PESSOA FÍSICA,BCV - BANCO DE CREDITO E VAREJO,Banco e financeira,EXTINTO SEM MÉRITO,False,,1075
0000707-95.2019.8.17.8232,2019,TJPE,,,,,PROCEDENTE,True,4000.0,5984
0000719-81.2020.8.17.8230,2020,TJPE,,,,,ACORDO HOMOLOGADO,,,3297
0000721-97.2023.8.17.2490,2023,TJPE,Catende,PESSOA FÍSICA,RGA PROMOTORA DE NEGOCIOS,Outros,EXTINTO SEM MÉRITO,False,,2071
0000724-16.2023.8.17.8225,2023,TJPE,Santa Cruz do Capibaribe,PESSOA FÍSICA,WILL S.A. INSTITUICAO DE PAGAMENTO,Outros,PROCEDENTE,True,3000.0,9502
0000724-27.2020.8.17.8223,2020,TJPE,,,,,EXTINTO SEM MÉRITO,False,,5031
0000736-39.2023.8.17.8222,2023,TJPE,,PESSOA FÍSICA,GOL LINHAS AEREAS,Transporte aéreo,PROCEDENTE,True,5000.0,6264
0000746-95.2019.8.17.8231,2019,TJPE,,,,,IMPROCEDENTE,False,,2460
0000752-79.2017.8.10.0144,2017,TJMA,São Pedro da Água Branca,PESSOA FÍSICA,,,PARCIALMENTE PROCEDENTE,True,2000.0,13951
0000756-42.2015.8.14.0026,2015,TJPA,Jacundá,,,,IMPROCEDENTE,False,,15327
0000762-69.2021.8.17.8234,2021,TJPE,,PESSOA FÍSICA,BANCO BRADESCO,Banco e financeira,EXTINTO SEM MÉRITO,False,,3069
0000779-17.2021.8.17.8231,2021,TJPE,,,,,EXTINTO SEM MÉRITO,False,,2952
0000787-77.2017.8.10.0099,2017,TJMA,,PESSOA FÍSICA,MUNICÍPIO DE MIRADOR/MA,Poder público,IMPROCEDENTE,False,,8738
0000788-59.2024.8.17.8235,2024,TJPE,Pesqueira,PESSOA FÍSICA,GOL LINHAS AEREAS,Transporte aéreo,PROCEDENTE,True,5000.0,12960
0000795-72.2019.8.18.0063,2019,TJPI,Amarante,PESSOA FÍSICA,BANCO OLÉ BONSUCESSO CONSIGNADO,Banco e financeira,IMPROCEDENTE,False,,3705
0000805-76.2022.8.17.3220,2022,TJPE,Salgueiro,PESSOA FÍSICA,MAGAZINE LUIZA,Varejo e serviços,PROCEDENTE,True,208.91,21102
0000806-34.2020.8.17.8231,2020,TJPE,,,,,PROCEDENTE,True,5000.0,14809
0000815-35.2016.8.18.0074,2016,TJPI,Simões,PESSOA FÍSICA,BANCO VOTORANTIM,Banco e financeira,EXTINTO SEM MÉRITO,False,,12963
0000818-11.2021.8.17.8232,2021,TJPE,,PESSOA FÍSICA,BANCO DO BRASIL,Banco e financeira,,,,2272
0000818-42.2020.8.17.8233,2020,TJPE,,PESSOA FÍSICA,,,PROCEDENTE,True,,10330
0000824-33.2021.8.17.8227,2021,TJPE,,,,,IMPROCEDENTE,False,,4213
0000835-16.2016.8.18.0045,2016,TJPI,Castelo do Piauí,PESSOA FÍSICA,BANCO ITAU CONSIGNADO,Banco e financeira,IMPROCEDENTE,False,,13991
0000863-13.2014.8.05.0272,2014,TJBA,Valente,PESSOA FÍSICA,LG ELECTRONICS DO BRASIL,Outros,EXTINTO SEM MÉRITO,False,,4772
0000864-51.2017.8.10.0143,2017,TJMA,Morros,PESSOA FÍSICA,BANCO PAN,Banco e financeira,PARCIALMENTE PROCEDENTE,True,54.0,8300
0000870-30.2023.8.17.8234,2023,TJPE,,,,,IMPROCEDENTE,False,,3100
0000873-74.2021.8.27.2705,2021,TJTO,,PESSOA FÍSICA,BANCO BMG,Banco e financeira,IMPROCEDENTE,False,,15957
0000887-41.2024.8.17.8231,2024,TJPE,Configuração de Falta Funcional Grave,,,,EXTINTO SEM MÉRITO,False,,2456
0000892-65.2021.8.17.8232,2021,TJPE,,PESSOA FÍSICA,BANCO CSF,Banco e financeira,,,,5716
0000896-49.2014.8.17.8232,2014,TJPE,,,,,PROCEDENTE,True,3000.0,6015
0000899-84.2018.8.18.0100,2018,TJPI,Manoel Emídio,PESSOA FÍSICA,,,IMPROCEDENTE,False,,10387
0000901-95.2019.8.17.8232,2019,TJPE,,,,,ACORDO HOMOLOGADO,,,1417
0000904-24.2016.8.10.0125,2016,TJMA,São João Batista,PESSOA FÍSICA,BANCO ITAÚ CONSIGNADOS,Banco e financeira,IMPROCEDENTE,False,500.0,7232
0000923-12.2023.8.17.2640,2023,TJPE,Garanhuns,PESSOA FÍSICA,UNASPUB - UNIAO NACIONAL DE AUXILIO AOS SERVIDORES PUBLICOS,Poder público,PROCEDENTE,True,5000.0,21940
0000925-63.2018.8.17.8231,2018,TJPE,,,,,IMPROCEDENTE,False,,9777
0000929-04.2024.8.25.0072,2024,TJSE,,,,,,,,4055
0000952-64.2023.8.17.8233,2023,TJPE,,,,,EXTINTO SEM MÉRITO,False,,3184
0000962-26.2014.8.10.0051,2014,TJMA,Pedreiras,PESSOA FÍSICA,,,EXTINTO SEM MÉRITO,False,,1811
0000980-71.2019.8.17.8233,2019,TJPE,,,,,IMPROCEDENTE,False,,3730
0000987-72.2014.8.05.0182,2014,TJBA,,PESSOA FÍSICA,AZUL COMPANHIA DE SEGUROS GERAIS,Transporte aéreo,EXTINTO SEM MÉRITO,False,,1918
0000997-21.2016.8.17.8231,2016,TJPE,,,,,PARCIALMENTE PROCEDENTE,True,,11662
0001000-50.2023.8.17.8224,2023,TJPE,Gravatá,,,,,,,744
0001016-70.2015.8.10.0143,2015,TJMA,Morros,PESSOA FÍSICA,BANCO BRADESCO FINANCIAMENTOS,Banco e financeira,IMPROCEDENTE,False,,8328
0001017-08.2015.8.05.0139,2015,TJBA,,PESSOA FÍSICA,BANCO ORIGINAL,Banco e financeira,IMPROCEDENTE,False,,10793
0001018-13.2022.8.17.2370,2022,TJPE,,PESSOA FÍSICA,BANCO ITAU CONSIGNADO,Banco e financeira,IMPROCEDENTE,False,,11590
0001019-89.2022.8.17.2760,2022,TJPE,Itamaracá,PESSOA FÍSICA,GENERAL MOTORS DO BRASIL,Outros,ACORDO HOMOLOGADO,,,2301
0001022-33.2016.8.10.0114,2016,TJMA,Riachão,PESSOA FÍSICA,,,PARCIALMENTE PROCEDENTE,True,,4585
0001027-03.2023.8.17.8234,2023,TJPE,,,,,IMPROCEDENTE,False,,10080
0001029-76.2023.8.17.8232,2023,TJPE,,,,,EXTINTO SEM MÉRITO,False,,1785
0001033-74.2017.8.10.0131,2017,TJMA,Senador La Rocque,PESSOA FÍSICA,BANCO BRADESCO FINANCIAMENTOS,Banco e financeira,IMPROCEDENTE,False,,2525
0001062-14.2017.8.10.0103,2017,TJMA,Olho D'água das Cunhãs,PESSOA FÍSICA,TAM LINHAS AEREAS S/A E OUTROS,Transporte aéreo,ACORDO HOMOLOGADO,,,7687
0001062-14.2023.8.17.2300,2023,TJPE,Bom Conselho,PESSOA FÍSICA,NEONERGIA PERNAMBUCO - CIA ENERGETICA DE PERNAMBUCO,Energia,IMPROCEDENTE,False,,12193
0001066-11.2020.8.17.8232,2020,TJPE,,,,,ACORDO HOMOLOGADO,,,757
0001071-23.2017.8.10.0055,2017,TJMA,,PESSOA JURÍDICA,,,EXTINTO SEM MÉRITO,False,,1118
0001071-64.2019.8.17.8233,2019,TJPE,,,,,EXTINTO SEM MÉRITO,False,,4440
0001072-50.2016.8.18.0045,2016,TJPI,Castelo do Piauí,PESSOA FÍSICA,FINANCEIRA ITAU CBD S.A. - CREDITO,Banco e financeira,IMPROCEDENTE,False,,4220
0001077-70.2014.8.15.2003,2014,TJPB,,PESSOA FÍSICA,BANCO HONDA,Banco e financeira,EXTINTO SEM MÉRITO,False,,1306
0001077-89.2019.8.17.8227,2019,TJPE,,,,,ACORDO HOMOLOGADO,,,941
0001079-09.2025.8.02.0001,2025,TJAL,Guarulhos,PESSOA FÍSICA,TAM - LINHAS AÉREAS,Transporte aéreo,PROCEDENTE,True,1820.0,16507
0001079-85.2021.8.17.8228,2021,TJPE,,,,,EXTINTO SEM MÉRITO,False,,5523
0001082-59.2014.8.05.0261,2014,TJBA,Tucano,PESSOA FÍSICA,,,EXTINTO SEM MÉRITO,False,,6947
0001092-92.2023.8.17.8235,2023,TJPE,Pesqueira,PESSOA FÍSICA,ART VIAGENS E TURISMO,Outros,EXTINTO SEM MÉRITO,False,,997
0001109-64.2018.8.10.0131,2018,TJMA,Senador La Rocque,PESSOA FÍSICA,BANCO ITAÚ CONSIGNADOS,Banco e financeira,IMPROCEDENTE,False,,2913
0001123-78.2024.8.17.8235,2024,TJPE,Pesqueira,PESSOA FÍSICA,AZUL LINHAS AEREAS BRASILEIRAS,Transporte aéreo,PROCEDENTE,True,83.93,10366
0001135-23.2024.8.27.2736,2024,TJTO,,PESSOA FÍSICA,UNASPUB - UNIAO NACIONAL DE AUXILIO AOS SERVIDORES PUBLICOS,Poder público,PROCEDENTE,True,2000.0,12712
0001153-69.2014.8.05.0226,2014,TJBA,Santaluz,PESSOA FÍSICA,,,PROCEDENTE,True,4000.0,4866
0001156-86.2019.8.17.8221,2019,TJPE,,,,,EXTINTO SEM MÉRITO,False,,870
0001172-90.2023.8.27.2734,2023,TJTO,,PESSOA FÍSICA,VIA,Outros,ACORDO HOMOLOGADO,,,2394
0001175-26.2023.8.17.8230,2023,TJPE,Uso das Vias Judiciais Ordinárias de Cobrança,,,,PROCEDENTE,True,,6742
0001176-09.2021.8.17.2110,2021,TJPE,Afogados da Ingazeira,PESSOA FÍSICA,BANCO SANTANDER (BRASIL),Banco e financeira,ACORDO HOMOLOGADO,,,2411
0001190-54.2021.8.17.8233,2021,TJPE,,PESSOA FÍSICA,,,EXTINTO SEM MÉRITO,False,,1330
0001196-07.2014.8.17.8201,2014,TJPE,,,,,EXTINTO SEM MÉRITO,False,,857
0001198-38.2015.8.18.0077,2015,TJPI,Uruçuí,PESSOA FÍSICA,BANCO BRADESCO,Banco e financeira,IMPROCEDENTE,False,,11686
0001200-08.2014.8.22.0020,2014,TJRO,,PESSOA FÍSICA,,,IMPROCEDENTE,False,,6493
0001203-93.2023.8.25.0074,2023,TJSE,,,,,,,,1902
0001212-52.2020.8.17.8232,2020,TJPE,,,,,ACORDO HOMOLOGADO,,,747
0001215-30.2022.8.17.8234,2022,TJPE,,PESSOA FÍSICA,CASA BAHIA COMERCIAL,Outros,ACORDO HOMOLOGADO,,,1911
0001216-70.2021.8.17.8227,2021,TJPE,,,,,PROCEDENTE,True,1565.9,5017
0001223-21.2014.8.17.8223,2014,TJPE,,,,,EXTINTO SEM MÉRITO,False,,499
0001227-58.2014.8.17.8223,2014,TJPE,,,,,ACORDO HOMOLOGADO,,,5192
0001242-39.2019.8.17.8227,2019,TJPE,,,,,ACORDO HOMOLOGADO,,,1452
0001282-64.2023.8.17.8232,2023,TJPE,,,,,ACORDO HOMOLOGADO,,,770
0001294-70.2017.8.10.0056,2017,TJMA,Santa Inês,PESSOA FÍSICA,BANCO BMG,Banco e financeira,IMPROCEDENTE,False,1000.0,13134
0001300-97.2022.8.17.2290,2022,TJPE,Bodocó,PESSOA FÍSICA,BANCO BMG,Banco e financeira,ACORDO HOMOLOGADO,,,1612
0001304-17.2017.8.10.0056,2017,TJMA,,PESSOA FÍSICA,BANCO BMG,Banco e financeira,ACORDO HOMOLOGADO,,,2766
0001315-29.2019.8.17.8221,2019,TJPE,,,,,IMPROCEDENTE,False,,7337
0001327-64.2023.8.17.8201,2023,TJPE,,,,,IMPROCEDENTE,False,,2665
0001338-74.2021.8.17.8230,2021,TJPE,,,,,IMPROCEDENTE,False,,3854
0001363-52.2019.8.17.8232,2019,TJPE,,PESSOA FÍSICA,,,,,5000.0,22079
0001400-41.2020.8.17.8201,2020,TJPE,,,,,PROCEDENTE,True,998.0,5147
0001413-03.2022.8.17.8223,2022,TJPE,Cunho Moral,,,,IMPROCEDENTE,False,,7052
0001413-49.2014.8.05.0226,2014,TJBA,Santaluz,PESSOA FÍSICA,,,IMPROCEDENTE,False,,13967
0001438-76.2023.8.17.8224,2023,TJPE,Gravatá,,,,ACORDO HOMOLOGADO,,,1172
0001442-20.2022.8.17.8234,2022,TJPE,,,,,IMPROCEDENTE,False,,16276
0001449-69.2019.8.27.2727,2019,TJTO,,PESSOA FÍSICA,BANCO ITAU CONSIGNADO,Banco e financeira,ACORDO HOMOLOGADO,,,2158
0001459-63.2014.8.10.0108,2014,TJMA,Pindaré Mirim,PESSOA FÍSICA,,,PROCEDENTE,True,600.0,6752
0001460-41.2022.8.17.2220,2022,TJPE,Arcoverde,PESSOA FÍSICA,,,ACORDO HOMOLOGADO,,,1558
0001493-43.2023.8.27.2729,2023,TJTO,,PESSOA FÍSICA,AZUL LINHAS AEREAS BRASILEIRAS,Transporte aéreo,IMPROCEDENTE,False,,5703
0001511-25.2020.8.17.8201,2020,TJPE,,,,,IMPROCEDENTE,False,,2749
0001516-96.2015.8.10.0027,2015,TJMA,Barra do Corda,PESSOA FÍSICA,,,EXTINTO SEM MÉRITO,False,,1704
0001540-16.2019.8.17.8232,2019,TJPE,,,,,ACORDO HOMOLOGADO,,,1442
0001545-34.2019.8.06.0055,2019,TJCE,Canindé,PESSOA FÍSICA,BANCO BRADESCO FINANCIAMENTOS S/ABANCO BRADESCO FINANCIAMENTOS,Banco e financeira,EXTINTO SEM MÉRITO,False,,2686
0001546-86.2020.8.17.8232,2020,TJPE,,,,,ACORDO HOMOLOGADO,,,740
0001550-26.2020.8.17.8232,2020,TJPE,,,,,ACORDO HOMOLOGADO,,,1313
0001578-04.2023.8.17.8227,2023,TJPE,,,,,IMPROCEDENTE,False,900.67,4669
0001604-26.2019.8.17.8232,2019,TJPE,,,,,ACORDO HOMOLOGADO,,,1326
0001604-89.2020.8.17.8232,2020,TJPE,,,,,ACORDO HOMOLOGADO,,,1324
0001625-02.2019.8.17.8232,2019,TJPE,,,,,ACORDO HOMOLOGADO,,,1259
0001628-64.2022.8.17.8227,2022,TJPE,,,,,EXTINTO SEM MÉRITO,False,,1118
0001629-68.2021.8.17.8232,2021,TJPE,,,,,,,1500.0,3079
0001639-43.2016.8.25.0027,2016,TJSE,,,,,EXTINTO SEM MÉRITO,False,,2191
0001642-10.2017.8.10.0082,2017,TJMA,,PESSOA FÍSICA,MUNICIPIO DE CARUTAPERA,Poder público,PARCIALMENTE PROCEDENTE,True,,12446
0001642-25.2021.8.17.3590,2021,TJPE,Valor Em Sede de Sentença,PESSOA FÍSICA,LOJAS RIACHUELO,Varejo e serviços,IMPROCEDENTE,False,,10824
0001661-78.2018.8.17.8232,2018,TJPE,,,,,ACORDO HOMOLOGADO,,,1311
0001672-61.2023.8.17.8223,2023,TJPE,,,,,EXTINTO SEM MÉRITO,False,,5139
0001672-73.2019.8.17.8232,2019,TJPE,,,,,ACORDO HOMOLOGADO,,,1257
0001674-71.2022.8.17.8221,2022,TJPE,,,,,ACORDO HOMOLOGADO,,,2037
0001706-95.2016.8.10.0036,2016,TJMA,Estreito,PESSOA FÍSICA,MUNICÍPIO DE ESTREITO,Poder público,IMPROCEDENTE,False,,8388
0001743-70.2023.8.27.2731,2023,TJTO,,PESSOA FÍSICA,ENERGISA TOCANTINS DISTRIBUIDORA DE ENERGIA,Energia,IMPROCEDENTE,False,,17914
0001744-59.2015.8.10.0031,2015,TJMA,,PESSOA FÍSICA,BANCO BONSUCESSO,Banco e financeira,PARCIALMENTE PROCEDENTE,True,6000.0,14552
0001758-64.2024.8.17.8201,2024,TJPE,,,,,IMPROCEDENTE,False,,5488
0001768-07.2014.8.05.0211,2014,TJBA,,PESSOA FÍSICA,LUCIANO FALCAO CARNEIRO,Outros,IMPROCEDENTE,False,,10991
0001791-46.2016.8.10.0080,2016,TJMA,Cantanhede,,,,EXTINTO SEM MÉRITO,False,,2167
0001821-08.2015.8.25.0013,2015,TJSE,,PESSOA FÍSICA,BANCO DO BRASIL,Banco e financeira,EXTINTO SEM MÉRITO,False,,3342
0001848-47.2023.8.27.2731,2023,TJTO,,PESSOA FÍSICA,ENERGISA TOCANTINS DISTRIBUIDORA DE ENERGIA,Energia,IMPROCEDENTE,False,,12303
0001848-52.2019.8.17.8232,2019,TJPE,,,,,ACORDO HOMOLOGADO,,,1314
0001855-71.2019.8.17.8223,2019,TJPE,,,,,PARCIALMENTE PROCEDENTE,True,,11482
0001861-17.2020.8.17.8232,2020,TJPE,,,,,ACORDO HOMOLOGADO,,,757
0001880-57.2019.8.17.8232,2019,TJPE,,,,,ACORDO HOMOLOGADO,,,1453
0001883-90.2020.8.17.8227,2020,TJPE,,,,,ACORDO HOMOLOGADO,,,1391
0001890-80.2023.8.17.8226,2023,TJPE,,,,,PROCEDENTE,True,2000.0,10096
0001893-50.2019.8.17.8234,2019,TJPE,,,,,IMPROCEDENTE,False,,3074
0001917-41.2023.8.17.8201,2023,TJPE,,,DI SANTINNI COMERCIAL DE CALCADOS,Outros,IMPROCEDENTE,False,,2523
0001921-30.2014.8.17.8222,2014,TJPE,,,,,ACORDO HOMOLOGADO,,,701
0001922-49.2018.8.17.8230,2018,TJPE,,,,,IMPROCEDENTE,False,,6112
0001955-32.2024.8.26.0291,2024,TJSP,Jaboticabal,,,,,,,4816
0001972-35.2019.8.17.8232,2019,TJPE,,,,,ACORDO HOMOLOGADO,,,1463
0001973-35.2019.8.17.8227,2019,TJPE,,,,,ACORDO HOMOLOGADO,,,1529
0001981-12.2015.8.10.0058,2015,TJMA,Ilha de São Luís,PESSOA FÍSICA,,,EXTINTO SEM MÉRITO,False,,4958
0001988-31.2024.8.17.8226,2024,TJPE,,,,,EXTINTO SEM MÉRITO,False,,4010
0001995-11.2024.8.17.8230,2024,TJPE,,,,,EXTINTO SEM MÉRITO,False,,1763
0001997-48.2019.8.17.8232,2019,TJPE,,,,,ACORDO HOMOLOGADO,,,1267
0002013-02.2019.8.17.8232,2019,TJPE,,,,,ACORDO HOMOLOGADO,,,1461
0002034-70.2016.8.17.2480,2016,TJPE,Caruaru,PESSOA FÍSICA,BANCO BRADESCO,Banco e financeira,EXTINTO SEM MÉRITO,False,,2533
0002039-90.2020.8.17.8223,2020,TJPE,,,,,IMPROCEDENTE,False,,8497
0002048-28.2020.8.17.8231,2020,TJPE,,PESSOA FÍSICA,BANCO ITAU BMG CONSIGNADO,Banco e financeira,ACORDO HOMOLOGADO,,,1379
0002063-43.2019.8.17.8227,2019,TJPE,,,,,IMPROCEDENTE,False,,1389
0002072-52.2017.8.17.8234,2017,TJPE,,,,,IMPROCEDENTE,False,278.9,20504
0002132-27.2020.8.17.3220,2020,TJPE,Salgueiro,PESSOA FÍSICA,,,EXTINTO SEM MÉRITO,False,,2563
0002167-83.2020.8.17.8232,2020,TJPE,,,,,ACORDO HOMOLOGADO,,,750
0002182-11.2022.8.17.8223,2022,TJPE,,,,,EXTINTO SEM MÉRITO,False,,2924
0002183-27.2016.8.10.0034,2016,TJMA,Codó,PESSOA FÍSICA,M A MONTEIRO DE SOUSA COMERCIO - EPP E OUTROS,Outros,IMPROCEDENTE,False,,6633
0002217-56.2022.8.17.8227,2022,TJPE,,,,,IMPROCEDENTE,False,,2549
0002249-79.2018.8.17.8234,2018,TJPE,,,,,PARCIALMENTE PROCEDENTE,True,3428.0,9492
0002267-88.2017.8.18.0060,2017,TJPI,Luzilândia,PESSOA FÍSICA,BANCO BRADESCO,Banco e financeira,IMPROCEDENTE,False,,2903
0002269-13.2017.8.17.8232,2017,TJPE,,,,,PROCEDENTE,True,,7933
0002271-04.2022.8.17.8233,2022,TJPE,,,,,IMPROCEDENTE,False,,5466
0002274-79.2019.8.17.8227,2019,TJPE,,,,,ACORDO HOMOLOGADO,,,1229
0002362-33.2017.8.10.0031,2017,TJMA,,PESSOA FÍSICA,,,ACORDO HOMOLOGADO,,,1876
0002441-87.2019.8.17.8230,2019,TJPE,,,,,EXTINTO SEM MÉRITO,False,,3857
0002452-47.2018.8.17.8232,2018,TJPE,,,,,IMPROCEDENTE,False,,3760
0002479-25.2024.8.25.0075,2024,TJSE,Cognição Sumária,,,,EXTINTO SEM MÉRITO,False,,5795
0002480-32.2024.8.17.8223,2024,TJPE,,,,,PROCEDENTE,True,129.9,2364
0002485-45.2024.8.17.8226,2024,TJPE,,,,,PROCEDENTE,True,5600.0,3108
0002528-17.2023.8.17.3020,2023,TJPE,Ouricuri,PESSOA FÍSICA,NEONERGIA PERNAMBUCO - CIA ENERGETICA DE PERNAMBUCO,Energia,ACORDO HOMOLOGADO,,,2347
0002532-75.2021.8.17.2001,2021,TJPE,,PESSOA FÍSICA,RENATO LUNA DE MELO,Outros,ACORDO HOMOLOGADO,,,1168
0002570-04.2019.8.17.8227,2019,TJPE,,,,,IMPROCEDENTE,False,,6155
0002574-82.2021.8.17.8223,2021,TJPE,,,,,EXTINTO SEM MÉRITO,False,,3616
0002576-11.2019.8.17.8227,2019,TJPE,,,,,ACORDO HOMOLOGADO,,,1241
0002583-81.2020.8.17.8222,2020,TJPE,,,,,ACORDO HOMOLOGADO,,,1688
0002604-88.2019.8.17.8223,2019,TJPE,Custas e Taxa Judiciária,,,,IMPROCEDENTE,False,,5737
0002613-48.2021.8.17.8201,2021,TJPE,,PESSOA FÍSICA,,,IMPROCEDENTE,False,,3367
0002619-39.2017.8.10.0102,2017,TJMA,,,,,PROCEDENTE,True,2000.0,13563
0002621-41.2021.8.17.2990,2021,TJPE,Olinda,PESSOA JURÍDICA,F C PUNDRICH,Outros,ACORDO HOMOLOGADO,,,2387
0002674-68.2025.8.27.2710,2025,TJTO,Augustinópolis,PESSOA FÍSICA,TAM LINHAS AEREAS,Transporte aéreo,PROCEDENTE,True,7000.0,16754
0002722-57.2024.8.17.8201,2024,TJPE,,,,,IMPROCEDENTE,False,,9751
0002740-83.2022.8.17.8222,2022,TJPE,,,,,PROCEDENTE,True,1500.0,8145
0002752-10.2021.8.17.8230,2021,TJPE,,,,,EXTINTO SEM MÉRITO,False,,5468
0002756-59.2016.8.10.0036,2016,TJMA,Estreito,PESSOA FÍSICA,,,ACORDO HOMOLOGADO,,,2396
0002772-91.2017.8.10.0031,2017,TJMA,Chapadinha,PESSOA FÍSICA,,,EXTINTO SEM MÉRITO,False,,3942
0002811-85.2021.8.17.8201,2021,TJPE,Próprio Sustento e de Sua Família,,,,IMPROCEDENTE,False,,5996
0002869-42.2023.8.17.8226,2023,TJPE,,PESSOA FÍSICA,BANCO ITAU CONSIGNADO,Banco e financeira,IMPROCEDENTE,False,,4077
0002912-42.2024.8.17.8226,2024,TJPE,,,,,PARCIALMENTE PROCEDENTE,True,1742.82,5135
0002927-27.2023.8.17.2218,2023,TJPE,Goiana,PESSOA FÍSICA,NOVO ATACADO COMERCIO DE ALIMENTOS,Varejo e serviços,IMPROCEDENTE,False,,18599
0002977-42.2021.8.17.8226,2021,TJPE,,,,,IMPROCEDENTE,False,,6215
0003018-69.2022.8.17.8227,2022,TJPE,,PESSOA FÍSICA,STONE PAGAMENTOS,Outros,IMPROCEDENTE,False,,7743
0003023-43.2021.8.17.8222,2021,TJPE,,,,,IMPROCEDENTE,False,,4808
0003034-55.2024.8.17.8226,2024,TJPE,São José dos Campos,,,,EXTINTO SEM MÉRITO,False,17975.0,7223
0003039-62.2019.8.17.8223,2019,TJPE,,,,,PROCEDENTE,True,315.46,3868
0003108-60.2020.8.17.8223,2020,TJPE,,PESSOA FÍSICA,,,PROCEDENTE,True,1290.14,15131
0003120-46.2014.8.05.0228,2014,TJBA,,PESSOA FÍSICA,PLUMBUM MINERAÇAO E METALURGICA,Outros,EXTINTO SEM MÉRITO,False,,1056
0003169-58.2024.8.27.2707,2024,TJTO,,PESSOA FÍSICA,EDITORA E DISTRIBUIDORA EDUCACIONAL,Ensino,IMPROCEDENTE,False,,11454
0003211-04.2019.8.17.8223,2019,TJPE,Análise da Pretensão Indenizatória,,,,PROCEDENTE,True,,7926
0003229-81.2017.8.17.8227,2017,TJPE,,,,,PROCEDENTE,True,,5034
0003241-08.2024.8.26.0271,2024,TJSP,Itapevi,PESSOA FÍSICA,MAGAZINE LUIZA,Varejo e serviços,PARCIALMENTE PROCEDENTE,True,146.14,7163
0003299-91.2023.8.17.8226,2023,TJPE,,,,,IMPROCEDENTE,False,,3959
0003302-06.2024.8.27.2706,2024,TJTO,,PESSOA FÍSICA,TAM LINHAS AEREAS,Transporte aéreo,ACORDO HOMOLOGADO,,,2182
0003315-54.2023.8.17.8223,2023,TJPE,,,,,EXTINTO SEM MÉRITO,False,,3974
0003352-69.2023.8.17.8227,2023,TJPE,,,,,IMPROCEDENTE,False,,13006
0003418-76.2019.8.17.8231,2019,TJPE,,,,,ACORDO HOMOLOGADO,,,1088
0003423-11.2022.8.17.8226,2022,TJPE,,,,,IMPROCEDENTE,False,,10146
0003428-65.2014.8.10.0027,2014,TJMA,Barra do Corda,PESSOA FÍSICA,BANCO PAN,Banco e financeira,EXTINTO SEM MÉRITO,False,,3086
0003453-55.2022.8.17.8223,2022,TJPE,,,,,IMPROCEDENTE,False,,2831
0003466-25.2020.8.17.8223,2020,TJPE,,,,,ACORDO HOMOLOGADO,,,1367
0003495-06.2020.8.17.3590,2020,TJPE,,PESSOA FÍSICA,BANCO PAN,Banco e financeira,EXTINTO SEM MÉRITO,False,,2794
0003566-92.2022.8.17.3410,2022,TJPE,Surubim,PESSOA FÍSICA,BANCO SANTANDER (BRASIL),Banco e financeira,,,,479
0003585-69.2023.8.17.8226,2023,TJPE,,,,,IMPROCEDENTE,False,,6007
0003601-28.2020.8.17.8226,2020,TJPE,Eventuais Perdas e Danos,,,,PARCIALMENTE PROCEDENTE,True,1000.0,9960
0003606-69.2014.8.17.8223,2014,TJPE,,,,,IMPROCEDENTE,False,,4841
0003614-61.2019.8.17.8226,2019,TJPE,,,,,PARCIALMENTE PROCEDENTE,True,261.5,11408
0003619-08.2024.8.27.2737,2024,TJTO,,PESSOA FÍSICA,MUNICIPIO DE PORTO NACIONAL-TO,Poder público,PARCIALMENTE PROCEDENTE,True,5000.0,14524
0003656-51.2021.8.17.8223,2021,TJPE,Fluência do Prazo Prescricional,,,,PROCEDENTE,True,2000.0,8268
0003659-28.2020.8.17.8227,2020,TJPE,,,,,ACORDO HOMOLOGADO,,,2001
0003681-64.2021.8.17.8223,2021,TJPE,Fluência do Prazo Prescricional,,,,IMPROCEDENTE,False,,7657
0003715-42.2021.8.17.8222,2021,TJPE,,PESSOA FÍSICA,NEONERGIA PERNAMBUCO - CIA ENERGETICA DE PERNAMBUCO,Energia,IMPROCEDENTE,False,,3602
0003722-30.2023.8.17.8233,2023,TJPE,,,,,EXTINTO SEM MÉRITO,False,,2731
0003732-92.2023.8.17.8227,2023,TJPE,,,,,EXTINTO SEM MÉRITO,False,,1017
0003758-61.2021.8.17.8227,2021,TJPE,,PESSOA JURÍDICA,COMPANHIA ENERGETICA DE PERNAMBUCO,Energia,EXTINTO SEM MÉRITO,False,,1531
0003788-82.2019.8.17.8222,2019,TJPE,,,,,PARCIALMENTE PROCEDENTE,True,1299.9,4459
0003822-57.2019.8.17.8222,2019,TJPE,,,,,IMPROCEDENTE,False,,5518
0003860-64.2021.8.17.8201,2021,TJPE,,,,,IMPROCEDENTE,False,,4348
0003869-26.2021.8.17.8201,2021,TJPE,,,,,ACORDO HOMOLOGADO,,,946
0003916-38.2023.8.25.0075,2023,TJSE,Probabilidade,,,,EXTINTO SEM MÉRITO,False,,5616
0003923-06.2024.8.17.8227,2024,TJPE,,PESSOA FÍSICA,AZUL LINHAS AEREAS BRASILEIRAS,Transporte aéreo,PROCEDENTE,True,1000.0,6025
0003958-42.2019.8.17.8226,2019,TJPE,,,,,IMPROCEDENTE,False,,14868
0003970-14.2023.8.17.8227,2023,TJPE,,,,,EXTINTO SEM MÉRITO,False,,1538
0003970-82.2021.8.17.8227,2021,TJPE,Verossimilhança,,,,IMPROCEDENTE,False,,3050
0004009-60.2021.8.17.8201,2021,TJPE,,PESSOA FÍSICA,MAGAZINE LUIZA/,Varejo e serviços,PROCEDENTE,True,269.0,6916
0004032-96.2019.8.17.8226,2019,TJPE,Eventuais Perdas e Danos,,,,PARCIALMENTE PROCEDENTE,True,1547.56,9714
0004113-37.2022.8.17.8227,2022,TJPE,,,,,IMPROCEDENTE,False,,3686
0004119-54.2024.8.17.8201,2024,TJPE,,,,,PROCEDENTE,True,3000.0,4385
0004137-02.2021.8.17.8227,2021,TJPE,,PESSOA FÍSICA,,,ACORDO HOMOLOGADO,,,1715
0004203-62.2019.8.17.8223,2019,TJPE,,,,,IMPROCEDENTE,False,852.52,13212
0004210-40.2022.8.17.8226,2022,TJPE,,,,,EXTINTO SEM MÉRITO,False,,5419
0004217-07.2023.8.17.8223,2023,TJPE,,,,,ACORDO HOMOLOGADO,,,1696
0004243-07.2022.8.17.2640,2022,TJPE,Garanhuns,PESSOA FÍSICA,123 VIAGENS E TURISMO,Outros,PROCEDENTE,True,5000.0,17824
0004257-28.2019.8.17.8223,2019,TJPE,,,,,IMPROCEDENTE,False,,5684
0004270-21.2017.8.10.0098,2017,TJMA,Matões,PESSOA FÍSICA,BANCO DAYCOVAL,Banco e financeira,EXTINTO SEM MÉRITO,False,,8278
0004306-26.2020.8.17.8226,2020,TJPE,,PESSOA FÍSICA,TELEMAR NORTE LESTE S.A-(OI),Telecomunicações,IMPROCEDENTE,False,,4801
0004312-42.2020.8.17.8223,2020,TJPE,,PESSOA FÍSICA,OI MOVEL,Telecomunicações,PARCIALMENTE PROCEDENTE,True,105.48,12839
0004334-88.2020.8.17.8227,2020,TJPE,,,,,EXTINTO SEM MÉRITO,False,,4485
0004479-54.2023.8.17.8223,2023,TJPE,Formar Uma Convicção Segura Sobre O Mérito,,,,EXTINTO SEM MÉRITO,False,,4445
0004584-97.2023.8.17.8201,2023,TJPE,Recife,,,,IMPROCEDENTE,False,,9789
0004588-42.2020.8.17.8201,2020,TJPE,,,,,IMPROCEDENTE,False,,2848
0004614-40.2020.8.17.8201,2020,TJPE,,,,,IMPROCEDENTE,False,,3901
0004620-06.2016.8.25.0040,2016,TJSE,,,,,IMPROCEDENTE,False,,5922
0004641-53.2016.8.26.0072,2016,TJSP,Bebedouro,PESSOA FÍSICA,,,EXTINTO SEM MÉRITO,False,,1202
0004675-02.2023.8.25.0075,2023,TJSE,,,,,EXTINTO SEM MÉRITO,False,,16023
0004708-82.2021.8.17.8223,2021,TJPE,,,,,IMPROCEDENTE,False,,1604
0004716-16.2022.8.17.8226,2022,TJPE,,,,,EXTINTO SEM MÉRITO,False,,3172
0004717-71.2017.8.17.8227,2017,TJPE,,,,,IMPROCEDENTE,False,,4693
0004772-78.2024.8.17.8226,2024,TJPE,,,,,EXTINTO SEM MÉRITO,False,,1327
0004818-52.2019.8.17.8223,2019,TJPE,,,,,EXTINTO SEM MÉRITO,False,,2424
0004842-54.2022.8.17.8230,2022,TJPE,,PESSOA FÍSICA,LAN AIRLINES,Outros,PROCEDENTE,True,573.87,9855
0005006-72.2023.8.17.8201,2023,TJPE,Ser Revista Ou Revisitada,,,,ACORDO HOMOLOGADO,,,2842
0005012-55.2019.8.17.8222,2019,TJPE,,,,,PARCIALMENTE PROCEDENTE,True,3000.0,6310
0005026-91.2022.8.17.2480,2022,TJPE,Caruaru,PESSOA FÍSICA,BANCO SANTANDER - CNPJ 90.400.888/1991-27,Banco e financeira,IMPROCEDENTE,False,1500.0,12087
0005054-19.2024.8.17.8226,2024,TJPE,,,,,ACORDO HOMOLOGADO,,,1256
0005094-98.2024.8.17.8226,2024,TJPE,,,,,EXTINTO SEM MÉRITO,False,,847
0005154-54.2022.8.17.8222,2022,TJPE,,PESSOA FÍSICA,TIM,Telecomunicações,IMPROCEDENTE,False,,7310
0005196-79.2022.8.17.8230,2022,TJPE,,,,,IMPROCEDENTE,False,,5508
0005268-92.2019.8.17.8223,2019,TJPE,,,,,IMPROCEDENTE,False,,9791
0005306-31.2024.8.17.8223,2024,TJPE,,PESSOA FÍSICA,BOOKING.COM INTERNATIONAL B.V,Outros,EXTINTO SEM MÉRITO,False,,2400
0005379-64.2022.8.17.2470,2022,TJPE,Carpina,PESSOA FÍSICA,EDITORA MODERNA,Outros,PROCEDENTE,True,6000.0,15121
0005390-03.2022.8.17.8223,2022,TJPE,,,,,EXTINTO SEM MÉRITO,False,,2761
0005426-33.2022.8.17.8227,2022,TJPE,,,,,IMPROCEDENTE,False,,6502
0005592-77.2022.8.17.8223,2022,TJPE,,,,,PARCIALMENTE PROCEDENTE,True,75.99,9349
0005638-69.2022.8.17.8222,2022,TJPE,,PESSOA FÍSICA,UBER DO BRASIL TECNOLOGIA,Outros,IMPROCEDENTE,False,,9085
0005657-65.2019.8.17.8227,2019,TJPE,,,,,ACORDO HOMOLOGADO,,,2025
0005662-73.2022.8.17.8230,2022,TJPE,,,,,IMPROCEDENTE,False,724.17,6485
0005700-31.2021.8.17.8227,2021,TJPE,Revisão e Majoração,,,,IMPROCEDENTE,False,,2524
0005700-73.2017.8.17.8226,2017,TJPE,,,,,IMPROCEDENTE,False,9009.0,7673
0005737-70.2021.8.17.8223,2021,TJPE,,,,,EXTINTO SEM MÉRITO,False,,5194
0005739-43.2020.8.17.8201,2020,TJPE,,,,,IMPROCEDENTE,False,,2992
0005765-89.2022.8.17.8227,2022,TJPE,,,,,IMPROCEDENTE,False,,5889
0005825-46.2015.8.25.0027,2015,TJSE,,,,,,,3000.0,4819
0005849-08.2021.8.17.8201,2021,TJPE,,PESSOA FÍSICA,,,ACORDO HOMOLOGADO,,,842
0005899-34.2021.8.17.8201,2021,TJPE,,,,,PARCIALMENTE PROCEDENTE,True,,3992
0005968-61.2024.8.17.8201,2024,TJPE,,,,,ACORDO HOMOLOGADO,,,767
0005981-67.2019.8.17.8223,2019,TJPE,,,,,IMPROCEDENTE,False,,7650
0006059-61.2019.8.17.8223,2019,TJPE,,,,,EXTINTO SEM MÉRITO,False,,4739
0006180-12.2021.8.17.8226,2021,TJPE,,,,,IMPROCEDENTE,False,,5309
0006312-76.2023.8.17.8201,2023,TJPE,,,,,IMPROCEDENTE,False,,5313
0006325-78.2016.8.25.0027,2016,TJSE,,,,,ACORDO HOMOLOGADO,,,549
0006357-85.2020.8.17.8201,2020,TJPE,,,,,EXTINTO SEM MÉRITO,False,,5779
0006377-12.2023.8.27.2731,2023,TJTO,,PESSOA JURÍDICA,FLOR DO IPE EMPREENDIMENTOS IMOBILIARIOS,Outros,IMPROCEDENTE,False,,14051
0006499-57.2019.8.17.8223,2019,TJPE,,,,,IMPROCEDENTE,False,,2432
0006502-07.2022.8.17.8223,2022,TJPE,,,,,IMPROCEDENTE,False,100.0,5408
0006519-63.2024.8.17.8226,2024,TJPE,,,,,EXTINTO SEM MÉRITO,False,,6838
0006655-79.2018.8.17.8223,2018,TJPE,,,,,IMPROCEDENTE,False,,6330
0006695-56.2021.8.17.8223,2021,TJPE,,,,,EXTINTO SEM MÉRITO,False,,2115
0006700-76.2023.8.17.8201,2023,TJPE,,,,,PROCEDENTE,True,,3298
0006720-60.2021.8.17.8226,2021,TJPE,,,,,EXTINTO SEM MÉRITO,False,,2411
0006743-66.2020.8.08.0021,2020,TJES,Vitória,PESSOA FÍSICA,BANCO BRADESCO,Banco e financeira,PROCEDENTE,True,170000.0,26013
0006780-98.2019.8.17.8227,2019,TJPE,,,,,ACORDO HOMOLOGADO,,,1247
0006795-16.2018.8.17.8223,2018,TJPE,,,,,PROCEDENTE,True,,7304
0006796-84.2021.8.17.8226,2021,TJPE,,,,,IMPROCEDENTE,False,985.28,10032
0006914-82.2014.8.17.8201,2014,TJPE,,,,,PROCEDENTE,True,3000.0,3492
0006998-68.2023.8.17.8201,2023,TJPE,,,,,ACORDO HOMOLOGADO,,,1257
0007036-80.2023.8.17.8201,2023,TJPE,,,,,EXTINTO SEM MÉRITO,False,,4250
0007047-14.2021.8.17.8223,2021,TJPE,Fluência do Prazo Prescricional,,,,PROCEDENTE,True,1000.0,8554
0007162-04.2021.8.17.8201,2021,TJPE,,,,,PROCEDENTE,True,4000.0,9864
0007167-28.2019.8.17.8223,2019,TJPE,,,,,IMPROCEDENTE,False,,5473
0007247-84.2022.8.17.8223,2022,TJPE,,,,,IMPROCEDENTE,False,,2233
0007418-34.2019.8.17.8227,2019,TJPE,,,,,EXTINTO SEM MÉRITO,False,,3646
0007446-41.2023.8.17.8201,2023,TJPE,,,,,PROCEDENTE,True,6749.87,5325
0007488-16.2023.8.26.0223,2023,TJSP,Guarujá,PESSOA FÍSICA,MADEIRAMADEIRA COMÉRCIO ELETRÔNICO,Energia,EXTINTO SEM MÉRITO,False,,4556
0007762-73.2023.8.17.8227,2023,TJPE,,PESSOA FÍSICA,AZUL LINHAS AEREAS BRASILEIRAS,Transporte aéreo,PROCEDENTE,True,3000.0,8512
0007771-81.2022.8.17.8223,2022,TJPE,,,,,IMPROCEDENTE,False,,2352
0007772-57.2022.8.17.8226,2022,TJPE,,,,,EXTINTO SEM MÉRITO,False,,2436
0007785-65.2022.8.17.8223,2022,TJPE,,,,,IMPROCEDENTE,False,,6300
0007795-42.2015.8.25.0040,2015,TJSE,,,,,PARCIALMENTE PROCEDENTE,True,973.81,14096
0007821-40.2015.8.25.0040,2015,TJSE,,,,,PARCIALMENTE PROCEDENTE,True,3000.0,6188
0007965-72.2022.8.17.8226,2022,TJPE,Petrolina,,,,EXTINTO SEM MÉRITO,False,,3091
0007972-07.2023.8.17.2640,2023,TJPE,Garanhuns,,,,EXTINTO SEM MÉRITO,False,,2046
0008078-23.2022.8.17.8227,2022,TJPE,Petição Inoportuna,,,,IMPROCEDENTE,False,,12469
0008092-69.2022.8.17.3130,2022,TJPE,,,,,EXTINTO SEM MÉRITO,False,,5445
0008334-97.2021.8.17.8227,2021,TJPE,,PESSOA FÍSICA,CENTRO DE ACADEMIA SUPERACAO,Outros,IMPROCEDENTE,False,1148.0,9359
0008372-22.2023.8.17.8201,2023,TJPE,,,,,PROCEDENTE,True,,3910
0008467-74.2023.8.17.8226,2023,TJPE,,PESSOA FÍSICA,ITAU UNIBANCO,Banco e financeira,IMPROCEDENTE,False,,7188
0008469-53.2023.8.17.8223,2023,TJPE,Disposto Nos Arts,,,,IMPROCEDENTE,False,,4929
0008482-26.2020.8.17.8201,2020,TJPE,,,,,IMPROCEDENTE,False,,2196
0008510-57.2021.8.17.8201,2021,TJPE,,PESSOA FÍSICA,UBER DO BRASIL TECNOLOGIA,Outros,IMPROCEDENTE,False,,2286
0008524-36.2024.8.17.8201,2024,TJPE,,PESSOA FÍSICA,TRANSPORTES AEREOS PORTUGUESES,Outros,IMPROCEDENTE,False,3854.48,9837
0008564-08.2022.8.17.8227,2022,TJPE,,PESSOA FÍSICA,,,IMPROCEDENTE,False,,3937
0008575-84.2016.8.25.0027,2016,TJSE,Estância,,,,PROCEDENTE,True,4000.0,7807
0008587-20.2023.8.17.8226,2023,TJPE,Belo Horizonte,PESSOA FÍSICA,FACEBOOK SERVICOS ONLINE DO BRASIL,Outros,EXTINTO SEM MÉRITO,False,,2902
0008718-26.2022.8.17.8227,2022,TJPE,,PESSOA FÍSICA,SHPS TECNOLOGIA E SERVICOS,Outros,IMPROCEDENTE,False,,1645
0008741-21.2020.8.17.8201,2020,TJPE,,,,,IMPROCEDENTE,False,,12434
0008808-03.2023.8.17.8226,2023,TJPE,,,,,PROCEDENTE,True,2000.0,12855
0008812-21.2016.8.25.0027,2016,TJSE,Estância,,,,IMPROCEDENTE,False,,5379
0008817-45.2020.8.17.8201,2020,TJPE,,,,,ACORDO HOMOLOGADO,,,1274
0009006-74.2022.8.17.8226,2022,TJPE,,,,,EXTINTO SEM MÉRITO,False,,4638
0009031-50.2023.8.17.8227,2023,TJPE,,PESSOA FÍSICA,AZUL LINHAS AEREAS BRASILEIRAS,Transporte aéreo,PROCEDENTE,True,2000.0,8244
0009660-63.2019.8.17.8227,2019,TJPE,Revisão,,,,IMPROCEDENTE,False,,2227
0009738-21.2023.8.17.8226,2023,TJPE,,PESSOA FÍSICA,HIPERCARD BANCO MULTIPLO,Banco e financeira,IMPROCEDENTE,False,,5803
0009819-67.2023.8.17.8226,2023,TJPE,,,,,EXTINTO SEM MÉRITO,False,,2918
0009846-70.2021.8.17.2810,2021,TJPE,Olinda,PESSOA FÍSICA,,,,,,1336
0010002-87.2016.8.20.0114,2016,TJRN,Canguaretama,PESSOA FÍSICA,BANCO BRADESCO,Banco e financeira,,,,2809
0010003-54.2018.8.20.0162,2018,TJRN,,,,,IMPROCEDENTE,False,,4537
0010023-34.2014.8.20.0114,2014,TJRN,,PESSOA FÍSICA,BANCO DO BRASIL,Banco e financeira,PROCEDENTE,True,4000.0,6302
0010046-57.2023.8.17.8226,2023,TJPE,,PESSOA FÍSICA,AZUL LINHAS AEREAS BRASILEIRAS,Transporte aéreo,PROCEDENTE,True,3000.0,6372
0010053-32.2020.8.17.8201,2020,TJPE,,,,,IMPROCEDENTE,False,,3694
0010068-59.2024.8.17.8201,2024,TJPE,,,,,IMPROCEDENTE,False,,3402
0010093-31.2023.8.17.8226,2023,TJPE,,PESSOA FÍSICA,GOL LINHAS AEREAS,Transporte aéreo,PROCEDENTE,True,5000.0,12276
0010123-66.2023.8.17.8226,2023,TJPE,,PESSOA FÍSICA,AZUL LINHAS AEREAS BRASILEIRAS,Transporte aéreo,PROCEDENTE,True,3000.0,8705
0010149-13.2021.8.17.8201,2021,TJPE,,PESSOA FÍSICA,BANCO C6 CONSIGNADO,Banco e financeira,EXTINTO SEM MÉRITO,False,,4442
0010191-36.2014.8.20.0114,2014,TJRN,Canguaretama,PESSOA FÍSICA,,,PROCEDENTE,True,100.0,5802
0010194-91.2016.8.20.0155,2016,TJRN,São Tomé,PESSOA FÍSICA,SKY SERVICOS DE BANDA LARGA,Telecomunicações,EXTINTO SEM MÉRITO,False,,1719
0010209-51.2014.8.20.0116,2014,TJRN,,,,,,,,1330
0010229-48.2014.8.20.0114,2014,TJRN,,PESSOA FÍSICA,SEMAR COMERCIO DE MOVEIS,Outros,IMPROCEDENTE,False,,2158
0010252-59.2024.8.27.2729,2024,TJTO,,PESSOA FÍSICA,MOURA E GONÇALVES ENGENHARIA,Outros,IMPROCEDENTE,False,,11271
0010331-83.2018.8.20.0129,2018,TJRN,São Gonçalo do Amarante,PESSOA FÍSICA,BV FINANCEIRA SA CREDITO FINANCIAMENTO E INVESTIMENTO E OUTROS,Banco e financeira,PROCEDENTE,True,,5049
0010364-26.2015.8.20.0114,2015,TJRN,,,,,ACORDO HOMOLOGADO,,,1271
0010451-71.2023.8.17.8201,2023,TJPE,,,,,PROCEDENTE,True,,3714
0010466-76.2018.8.20.0103,2018,TJRN,Currais Novos,PESSOA FÍSICA,TELEMAR NORTE LESTE,Telecomunicações,PROCEDENTE,True,,7976
0010640-37.2024.8.17.8226,2024,TJPE,,PESSOA FÍSICA,NEONERGIA PERNAMBUCO - CIA ENERGETICA DE PERNAMBUCO,Energia,EXTINTO SEM MÉRITO,False,,5190
0010772-82.2017.8.20.0102,2017,TJRN,Ceará,PESSOA FÍSICA,MAPFRE SEGUROS E OUTRO,Seguros,PROCEDENTE,True,5000.0,8620
0011338-59.2021.8.17.2370,2021,TJPE,,PESSOA FÍSICA,VIA CERTA FINANCIADORA S/A - CREDITO,Banco e financeira,ACORDO HOMOLOGADO,,,2119
0011378-59.2023.8.17.8226,2023,TJPE,,,,,IMPROCEDENTE,False,,7757
0011430-67.2022.8.17.8201,2022,TJPE,,PESSOA FÍSICA,,,EXTINTO SEM MÉRITO,False,,3506
0011537-77.2023.8.17.8201,2023,TJPE,,,,,PROCEDENTE,True,43.8,2980
0011614-11.2023.8.17.8226,2023,TJPE,,PESSOA FÍSICA,MAGAZINE LUIZA,Varejo e serviços,IMPROCEDENTE,False,,4871
0011858-59.2023.8.27.2729,2023,TJTO,Verossimilhança,PESSOA FÍSICA,,,IMPROCEDENTE,False,,5435
0011955-22.2019.8.18.0087,2019,TJPI,Piracuruca,PESSOA FÍSICA,,,IMPROCEDENTE,False,,4200
0012074-73.2023.8.17.8201,2023,TJPE,,PESSOA FÍSICA,GOL LINHAS AEREAS,Transporte aéreo,,,3000.0,9796
0012079-02.2021.8.17.2370,2021,TJPE,,PESSOA FÍSICA,BANCO ITAU CONSIGNADO,Banco e financeira,EXTINTO SEM MÉRITO,False,,2838
0012107-85.2023.8.17.8226,2023,TJPE,,,,,IMPROCEDENTE,False,,4156
0012284-90.2024.8.17.8201,2024,TJPE,,,,,ACORDO HOMOLOGADO,,,1062
0012365-10.2022.8.17.8201,2022,TJPE,,PESSOA JURÍDICA,BANCO INTERMEDIUM,Banco e financeira,IMPROCEDENTE,False,,6197
0012367-96.2022.8.17.8227,2022,TJPE,,PESSOA JURÍDICA,IDEAL CONFECCOES DE FARDAMENTOS,Outros,,,3000.0,5738
0012424-92.2024.8.27.2722,2024,TJTO,,PESSOA FÍSICA,SEI SISTEMA DE ENSINO IBRA,Ensino,IMPROCEDENTE,False,,5722
0012657-22.2024.8.26.0005,2024,TJSP,São Paulo,PESSOA JURÍDICA,,,PARCIALMENTE PROCEDENTE,True,9748.75,3600
0012823-92.2019.8.18.0024,2019,TJPI,Campo Maior,PESSOA FÍSICA,BANCO PAN,Banco e financeira,IMPROCEDENTE,False,,4470
0012858-47.2025.8.27.2722,2025,TJTO,,PESSOA FÍSICA,,,PARCIALMENTE PROCEDENTE,True,2000.0,15996
0012907-62.2021.8.17.8201,2021,TJPE,,PESSOA FÍSICA,,,IMPROCEDENTE,False,,3924
0013376-50.2022.8.17.2001,2022,TJPE,,PESSOA JURÍDICA,ITAU UNIBANCO,Banco e financeira,EXTINTO SEM MÉRITO,False,,4039
0013684-13.2022.8.17.8201,2022,TJPE,,,,,PARCIALMENTE PROCEDENTE,True,469.29,8625
0013901-37.2021.8.27.2729,2021,TJTO,,PESSOA FÍSICA,BTA ASSESSORIA DE COBRANCA,Outros,IMPROCEDENTE,False,,26940
0014237-41.2014.8.17.8201,2014,TJPE,,,,,IMPROCEDENTE,False,,4891
0014514-57.2014.8.17.8201,2014,TJPE,,,,,PROCEDENTE,True,84.76,5609
0014623-27.2021.8.17.8201,2021,TJPE,,,,,PROCEDENTE,True,100.0,5737
0015531-61.2025.8.27.2706,2025,TJTO,,PESSOA FÍSICA,BANCO BRADESCO,Banco e financeira,IMPROCEDENTE,False,,5132
0015652-44.2023.8.17.8201,2023,TJPE,,,,,PARCIALMENTE PROCEDENTE,True,1985.0,5239
0016030-12.2020.8.26.0002,2020,TJSP,São Paulo,PESSOA FÍSICA,,,EXTINTO SEM MÉRITO,False,,1375
0016075-38.2022.8.17.8201,2022,TJPE,,,,,IMPROCEDENTE,False,,8913
0016296-55.2021.8.17.8201,2021,TJPE,Ser Revista Ou Revisitada,,,,ACORDO HOMOLOGADO,,,1263
0016460-65.2023.8.27.2706,2023,TJTO,Birigui,PESSOA FÍSICA,,,PROCEDENTE,True,5000.0,45559
0016546-35.2014.8.17.8201,2014,TJPE,,,,,EXTINTO SEM MÉRITO,False,,1631
0016802-94.2022.8.17.8201,2022,TJPE,,PESSOA FÍSICA,ESTADO DE PERNAMBUCO,Poder público,IMPROCEDENTE,False,,3966
0017037-95.2021.8.17.8201,2021,TJPE,,,,,EXTINTO SEM MÉRITO,False,,3423
0017840-44.2022.8.17.8201,2022,TJPE,,PESSOA JURÍDICA,CODIGO PRIME SOLUCOES EM RESTREAMENTO,Outros,ACORDO HOMOLOGADO,,,1165
0017953-61.2023.8.17.8201,2023,TJPE,,PESSOA FÍSICA,AZUL LINHAS AEREAS BRASILEIRAS,Transporte aéreo,ACORDO HOMOLOGADO,,,854
0018235-44.2021.8.17.2810,2021,TJPE,Jaboatão dos Guararapes,PESSOA FÍSICA,BANCO BMG,Banco e financeira,ACORDO HOMOLOGADO,,,3379
0018604-30.2022.8.17.8201,2022,TJPE,,PESSOA FÍSICA,,,ACORDO HOMOLOGADO,,,1200
0019119-65.2022.8.17.8201,2022,TJPE,,,,,,,,2322
0019437-48.2022.8.17.8201,2022,TJPE,,,,,IMPROCEDENTE,False,,3720
0019461-42.2023.8.17.8201,2023,TJPE,,,,,PROCEDENTE,True,201.92,3987
0019700-46.2023.8.17.8201,2023,TJPE,,,,,PROCEDENTE,True,4000.0,4533
0019724-55.2015.8.17.8201,2015,TJPE,,,,,IMPROCEDENTE,False,1000.0,4064
0020199-93.2024.8.17.8201,2024,TJPE,,,,,EXTINTO SEM MÉRITO,False,,6480
0020246-09.2020.8.17.8201,2020,TJPE,,,,,EXTINTO SEM MÉRITO,False,,1706
0020570-38.2021.8.17.2001,2021,TJPE,,PESSOA FÍSICA,,,EXTINTO SEM MÉRITO,False,,6389
0020672-50.2022.8.17.8201,2022,TJPE,Ser Revista Ou Revistada,,,,EXTINTO SEM MÉRITO,False,,6145
0021061-98.2023.8.17.8201,2023,TJPE,Ser Revista Ou Revisitada,,,,EXTINTO SEM MÉRITO,False,,2450
0021220-41.2023.8.17.8201,2023,TJPE,,PESSOA FÍSICA,,,EXTINTO SEM MÉRITO,False,,4032
0021448-50.2022.8.17.8201,2022,TJPE,,,,,ACORDO HOMOLOGADO,,,1302
0021468-70.2024.8.17.8201,2024,TJPE,,,,,IMPROCEDENTE,False,,3510
0021509-08.2022.8.17.8201,2022,TJPE,,,,,IMPROCEDENTE,False,,2706
0021993-62.2023.8.17.2001,2023,TJPE,,PESSOA FÍSICA,NEONERGIA PERNAMBUCO - CIA ENERGETICA DE PERNAMBUCO,Energia,ACORDO HOMOLOGADO,,,1524
0022502-56.2019.8.17.8201,2019,TJPE,Ser Revista Ou Revisitada,,,,EXTINTO SEM MÉRITO,False,,3310
0022691-34.2019.8.17.8201,2019,TJPE,,,,,,,,1834
0023158-42.2021.8.17.8201,2021,TJPE,,PESSOA FÍSICA,COMPANHIA PERNAMBUCANA DE SANEAMENTO (COMPESA),Saneamento,EXTINTO SEM MÉRITO,False,,3437
0023206-35.2020.8.17.8201,2020,TJPE,,,,,IMPROCEDENTE,False,,5729
0023358-20.2019.8.17.8201,2019,TJPE,,,,,IMPROCEDENTE,False,390.5,3173
0023384-91.2014.8.17.8201,2014,TJPE,,,,,PARCIALMENTE PROCEDENTE,True,,9208
0024267-57.2022.8.17.8201,2022,TJPE,,,,,IMPROCEDENTE,False,,3464
0024521-35.2019.8.17.8201,2019,TJPE,,,,,EXTINTO SEM MÉRITO,False,,9881
0025454-42.2018.8.17.8201,2018,TJPE,,,,,IMPROCEDENTE,False,,3648
0025608-21.2022.8.17.8201,2022,TJPE,,,,,IMPROCEDENTE,False,,4336
0025771-98.2022.8.17.8201,2022,TJPE,,,,,EXTINTO SEM MÉRITO,False,,938
0026294-55.2020.8.17.2810,2020,TJPE,Jaboatão dos Guararapes,PESSOA FÍSICA,TAMBAI AUTOMOTORES,Outros,ACORDO HOMOLOGADO,,,4024
0026410-82.2023.8.17.8201,2023,TJPE,,PESSOA FÍSICA,AZUL LINHAS AEREAS BRASILEIRAS,Transporte aéreo,ACORDO HOMOLOGADO,,,1152
0027004-72.2018.8.17.8201,2018,TJPE,,,,,PROCEDENTE,True,30000.0,3725
0027455-63.2019.8.17.8201,2019,TJPE,,,,,IMPROCEDENTE,False,,2511
0027515-31.2022.8.17.8201,2022,TJPE,,,,,ACORDO HOMOLOGADO,,,1346
0027680-49.2020.8.17.8201,2020,TJPE,Ser Revista Ou Revistada,PESSOA FÍSICA,NEONERGIA PERNAMBUCO - CIA ENERGETICA DE PERNAMBUCO,Energia,IMPROCEDENTE,False,,8773
0027968-89.2023.8.17.8201,2023,TJPE,Ser Revista Ou Revistada,PESSOA FÍSICA,NU FINANCEIRA S.A. - SOCIEDADE DE CREDITO,Banco e financeira,IMPROCEDENTE,False,,7206
0028239-06.2020.8.17.8201,2020,TJPE,,PESSOA FÍSICA,VIA VAREJO,Varejo e serviços,PARCIALMENTE PROCEDENTE,True,,11886
0029089-59.2021.8.17.2370,2021,TJPE,,PESSOA FÍSICA,BANCO ITAU CONSIGNADO,Banco e financeira,IMPROCEDENTE,False,,15743
0029588-05.2024.8.17.8201,2024,TJPE,,PESSOA FÍSICA,GOL LINHAS AEREAS,Transporte aéreo,PROCEDENTE,True,4000.0,3849
0030013-32.2024.8.17.8201,2024,TJPE,,,,,EXTINTO SEM MÉRITO,False,,7185
0030417-83.2024.8.17.8201,2024,TJPE,,,,,EXTINTO SEM MÉRITO,False,,2093
0030516-87.2023.8.17.8201,2023,TJPE,,,,,PROCEDENTE,True,170.58,2927
0030587-07.2014.8.17.8201,2014,TJPE,,,,,ACORDO HOMOLOGADO,,,889
0030684-26.2022.8.17.8201,2022,TJPE,,,,,IMPROCEDENTE,False,,3553
0032012-20.2024.8.17.8201,2024,TJPE,,,,,ACORDO HOMOLOGADO,,,864
0032158-66.2021.8.17.8201,2021,TJPE,Profissional Habilitado Para Tanto,,,,EXTINTO SEM MÉRITO,False,,4795
0032703-73.2020.8.17.8201,2020,TJPE,,,,,PARCIALMENTE PROCEDENTE,True,3000.0,2120
0032885-69.2014.8.17.8201,2014,TJPE,,,,,PARCIALMENTE PROCEDENTE,True,698.0,4359
0033265-14.2022.8.17.8201,2022,TJPE,Ipojuca,,,,EXTINTO SEM MÉRITO,False,,2875
0033371-73.2022.8.17.8201,2022,TJPE,,,,,EXTINTO SEM MÉRITO,False,,1182
0033893-66.2023.8.17.8201,2023,TJPE,,,,,ACORDO HOMOLOGADO,,,952
0034491-20.2023.8.17.8201,2023,TJPE,,,,,EXTINTO SEM MÉRITO,False,,3692
0034785-80.2022.8.17.2810,2022,TJPE,Jaboatão dos Guararapes,PESSOA FÍSICA,BANCO SANTANDER (BRASIL),Banco e financeira,EXTINTO SEM MÉRITO,False,,2090
0035758-35.2022.8.17.2810,2022,TJPE,Jaboatão dos Guararapes,,WHITE MARTINS GASES INDUSTRIAIS DO NORDESTE,Outros,ACORDO HOMOLOGADO,,,4540
0035858-60.2020.8.17.2001,2020,TJPE,,PESSOA JURÍDICA,ESTADO DE PERNAMBUCO,Poder público,EXTINTO SEM MÉRITO,False,,8198
0035924-64.2020.8.17.8201,2020,TJPE,,PESSOA FÍSICA,BANCO ITAU CONSIGNADO,Banco e financeira,PROCEDENTE,True,2000.0,2552
0035988-74.2020.8.17.8201,2020,TJPE,,PESSOA FÍSICA,,,IMPROCEDENTE,False,,5941
0036077-29.2022.8.17.8201,2022,TJPE,,,,,PROCEDENTE,True,1261.74,1847
0036198-94.2023.8.17.2810,2023,TJPE,Jaboatão dos Guararapes,PESSOA FÍSICA,NILSON DAVID LIMA DE JESUS E ATAR,Outros,EXTINTO SEM MÉRITO,False,,6658
0036211-90.2021.8.17.8201,2021,TJPE,,,,,EXTINTO SEM MÉRITO,False,,749
0036283-14.2020.8.17.8201,2020,TJPE,,,,,PROCEDENTE,True,49.99,2735
0036598-03.2024.8.17.8201,2024,TJPE,,,,,IMPROCEDENTE,False,,2030
0036934-12.2021.8.17.8201,2021,TJPE,,,,,IMPROCEDENTE,False,298.08,2666
0037230-68.2020.8.17.8201,2020,TJPE,,,,,ACORDO HOMOLOGADO,,,1342
0037575-34.2020.8.17.8201,2020,TJPE,,,,,PROCEDENTE,True,3849.56,3172
0037838-95.2022.8.17.8201,2022,TJPE,,,,,PROCEDENTE,True,,4047
0037862-60.2021.8.17.8201,2021,TJPE,,,,,EXTINTO SEM MÉRITO,False,,3959
0038090-98.2022.8.17.8201,2022,TJPE,Fortaleza,,,,EXTINTO SEM MÉRITO,False,,6955
0038144-06.2023.8.17.2001,2023,TJPE,,PESSOA FÍSICA,INSTITUTO DE RECURSOS HUMANOS DE PERNAMBUCO - IRH-PE,Outros,ACORDO HOMOLOGADO,,,2456
0038538-42.2020.8.17.8201,2020,TJPE,,,,,IMPROCEDENTE,False,,4687
0038651-25.2022.8.17.8201,2022,TJPE,,,,,PROCEDENTE,True,100.0,3374
0038686-87.2019.8.17.8201,2019,TJPE,,,,,ACORDO HOMOLOGADO,,,1705
0038748-88.2023.8.17.8201,2023,TJPE,,,,,PARCIALMENTE PROCEDENTE,True,,5761
0039285-50.2024.8.17.8201,2024,TJPE,,,,,IMPROCEDENTE,False,,4309
0039536-68.2024.8.17.8201,2024,TJPE,,,,,ACORDO HOMOLOGADO,,,719
0039856-12.2015.8.17.2001,2015,TJPE,,PESSOA FÍSICA,BANCO DO BRASIL,Banco e financeira,,,,3305
0040292-87.2018.8.17.8201,2018,TJPE,,,,,PROCEDENTE,True,144.02,2446
0042312-12.2022.8.17.8201,2022,TJPE,,,,,ACORDO HOMOLOGADO,,,1286
0042862-07.2022.8.17.8201,2022,TJPE,,,,,EXTINTO SEM MÉRITO,False,,3448
0042936-71.2023.8.27.2729,2023,TJTO,,PESSOA FÍSICA,AZUL LINHAS AEREAS BRASILEIRAS,Transporte aéreo,ACORDO HOMOLOGADO,,,10249
0043261-07.2020.8.17.8201,2020,TJPE,,,,,IMPROCEDENTE,False,,3717
0043799-22.2019.8.17.8201,2019,TJPE,,,,,PROCEDENTE,True,3000.0,4960
0043839-33.2021.8.17.8201,2021,TJPE,,,,,IMPROCEDENTE,False,,2198
0043852-95.2022.8.17.8201,2022,TJPE,,,,,EXTINTO SEM MÉRITO,False,,3649
0044754-53.2019.8.17.8201,2019,TJPE,,,,,PARCIALMENTE PROCEDENTE,True,1864.04,6801
0044948-53.2019.8.17.8201,2019,TJPE,,,,,IMPROCEDENTE,False,,5740
0045114-85.2019.8.17.8201,2019,TJPE,,,,,PROCEDENTE,True,1500.0,5358
0045333-31.2014.8.10.0001,2014,TJMA,Ilha de São Luís,PESSOA FÍSICA,,,IMPROCEDENTE,False,1000.0,7977
0045422-53.2021.8.17.8201,2021,TJPE,,,,,EXTINTO SEM MÉRITO,False,,2776
0045655-21.2019.8.17.8201,2019,TJPE,,,,,IMPROCEDENTE,False,,5273
0046094-71.2020.8.17.2001,2020,TJPE,,PESSOA FÍSICA,BANCO PAN,Banco e financeira,ACORDO HOMOLOGADO,,,1919
0046540-30.2022.8.17.8201,2022,TJPE,,,,,IMPROCEDENTE,False,,5986
0046560-84.2023.8.17.8201,2023,TJPE,,,,,EXTINTO SEM MÉRITO,False,,6976
0046762-61.2023.8.17.8201,2023,TJPE,,PESSOA FÍSICA,FERREIRA COSTA & CIA,Outros,PARCIALMENTE PROCEDENTE,True,2000.0,2149
0046766-35.2022.8.17.8201,2022,TJPE,Ser Revista Ou Revistada,,,,IMPROCEDENTE,False,,6671
0046911-72.2014.8.17.8201,2014,TJPE,,,,,IMPROCEDENTE,False,,5495
0047034-31.2018.8.17.8201,2018,TJPE,,,,,IMPROCEDENTE,False,,7838
0047041-57.2017.8.17.8201,2017,TJPE,,,,,EXTINTO SEM MÉRITO,False,,1707
0047390-84.2022.8.17.8201,2022,TJPE,,,,,EXTINTO SEM MÉRITO,False,,4758
0048587-11.2021.8.17.8201,2021,TJPE,,,,,IMPROCEDENTE,False,,3953
0048894-62.2021.8.17.8201,2021,TJPE,,PESSOA FÍSICA,IREP SOCIEDADE DE ENSINO SUPERIOR,Ensino,IMPROCEDENTE,False,,2518
0049506-37.2021.8.25.0001,2021,TJSE,Aracaju,PESSOA FÍSICA,ITAU UNIBANCO S.A. E OUTROS,Banco e financeira,PROCEDENTE,True,10000.0,9064
0050120-87.2021.8.06.0157,2021,TJCE,Reriutaba,PESSOA FÍSICA,MUNICIPIO DE ANAPU - PA,Poder público,PARCIALMENTE PROCEDENTE,True,,6133
0050292-02.2021.8.06.0069,2021,TJCE,Coreaú,,,,IMPROCEDENTE,False,,17795
0050542-43.2022.8.17.8201,2022,TJPE,,,,,PROCEDENTE,True,2000.0,5194
0050788-46.2020.8.06.0043,2020,TJCE,Barbalha,PESSOA FÍSICA,CREFISA S/A CREDITO FIANCIAMENTO E INVESTIMENTOS E OUTRO,Banco e financeira,IMPROCEDENTE,False,,9559
0050933-95.2022.8.17.8201,2022,TJPE,,,,,EXTINTO SEM MÉRITO,False,,2462
0051010-07.2022.8.17.8201,2022,TJPE,,PESSOA FÍSICA,99 TECNOLOGIA,Outros,IMPROCEDENTE,False,,3378
0051126-13.2022.8.17.8201,2022,TJPE,,,,,PROCEDENTE,True,122.46,3543
0051742-90.2019.8.17.8201,2019,TJPE,,,,,EXTINTO SEM MÉRITO,False,,992
0051937-70.2022.8.17.8201,2022,TJPE,,PESSOA FÍSICA,IDEAL CONFECCOES DE FARDAMENTOS,Outros,PROCEDENTE,True,100.0,3856
0052485-08.2016.8.17.8201,2016,TJPE,,,,,EXTINTO SEM MÉRITO,False,,2997
0052837-19.2023.8.17.8201,2023,TJPE,,,,,PROCEDENTE,True,1899.0,4428
0053084-34.2022.8.17.8201,2022,TJPE,,,,,IMPROCEDENTE,False,,3161
0053506-72.2023.8.17.8201,2023,TJPE,,,,,ACORDO HOMOLOGADO,,,838
0053605-13.2021.8.17.8201,2021,TJPE,,,,,PROCEDENTE,True,131.94,4393
0053858-30.2023.8.17.8201,2023,TJPE,Qualquer Ordem Para A Autora,,,,IMPROCEDENTE,False,,5034
0054299-50.2019.8.17.8201,2019,TJPE,,,,,PROCEDENTE,True,5000.0,2398
0054875-38.2022.8.17.8201,2022,TJPE,,,,,IMPROCEDENTE,False,,1679
0054932-56.2022.8.17.8201,2022,TJPE,,,,,PROCEDENTE,True,800.0,5796
0054999-21.2022.8.17.8201,2022,TJPE,,PESSOA FÍSICA,,,PROCEDENTE,True,5037.26,6934
0056117-37.2019.8.17.8201,2019,TJPE,,,,,IMPROCEDENTE,False,,7696
0057230-26.2019.8.17.8201,2019,TJPE,,,,,IMPROCEDENTE,False,,3554
0057326-51.2018.8.17.2001,2018,TJPE,,PESSOA FÍSICA,MEGAEVENTUS ASSESSORIA CONSULTORIA E PROMOCOES,Outros,IMPROCEDENTE,False,,5284
0057784-53.2022.8.17.8201,2022,TJPE,,,,,IMPROCEDENTE,False,,5315
0058439-25.2022.8.17.8201,2022,TJPE,,PESSOA FÍSICA,,,PARCIALMENTE PROCEDENTE,True,,5675
0058931-80.2023.8.17.8201,2023,TJPE,,,,,IMPROCEDENTE,False,,3395
0059075-85.2014.8.14.0301,2014,TJPA,,PESSOA FÍSICA,CY COSMETICOS E PERFUMARIA,Outros,IMPROCEDENTE,False,2000.0,12828
0059332-16.2022.8.17.8201,2022,TJPE,,PESSOA FÍSICA,,,,,,2770
0059605-68.2022.8.17.2001,2022,TJPE,,PESSOA FÍSICA,BANCO BRADESCO,Banco e financeira,ACORDO HOMOLOGADO,,,2059
0059716-42.2023.8.17.8201,2023,TJPE,,,,,ACORDO HOMOLOGADO,,,914
0061010-66.2022.8.17.8201,2022,TJPE,,PESSOA FÍSICA,GOL LINHAS AEREAS,Transporte aéreo,EXTINTO SEM MÉRITO,False,,1918
0061023-65.2022.8.17.8201,2022,TJPE,,,,,PROCEDENTE,True,187.55,5917
0062133-65.2023.8.17.8201,2023,TJPE,Ser Revista Ou Revistada,,,,IMPROCEDENTE,False,202.38,7414
0062242-21.2019.8.17.8201,2019,TJPE,,,,,PROCEDENTE,True,2000.0,5483
0062448-35.2019.8.17.8201,2019,TJPE,,,,,IMPROCEDENTE,False,,4600
0062818-82.2022.8.17.2001,2022,TJPE,,PESSOA FÍSICA,,,IMPROCEDENTE,False,,9644
0063002-67.2019.8.17.8201,2019,TJPE,,,,,IMPROCEDENTE,False,,7557
0063151-67.2019.8.26.0100,2019,TJSP,São Paulo,PESSOA FÍSICA,BANCO BRADESCO,Banco e financeira,EXTINTO SEM MÉRITO,False,,4021
0065208-65.2022.8.17.2990,2022,TJPE,Olinda,PESSOA FÍSICA,BANCO SAFRA,Banco e financeira,ACORDO HOMOLOGADO,,,2328
0071477-46.2023.8.17.2001,2023,TJPE,,PESSOA JURÍDICA,NEONERGIA PERNAMBUCO - CIA ENERGETICA DE PERNAMBUCO,Energia,EXTINTO SEM MÉRITO,False,,2585
0072160-25.2019.8.17.2001,2019,TJPE,,PESSOA FÍSICA,LAN AIRLINES,Outros,EXTINTO SEM MÉRITO,False,,2772
0072259-58.2020.8.17.2001,2020,TJPE,,PESSOA FÍSICA,BANCO BRADESCO,Banco e financeira,EXTINTO SEM MÉRITO,False,,1835
0073406-80.2024.8.17.2001,2024,TJPE,,PESSOA FÍSICA,,,ACORDO HOMOLOGADO,,,1844
0092004-19.2023.8.17.2001,2023,TJPE,,PESSOA FÍSICA,BANCO BMG,Banco e financeira,ACORDO HOMOLOGADO,,,2862
0096245-70.2022.8.17.2001,2022,TJPE,,PESSOA FÍSICA,BANCO BRADESCO,Banco e financeira,PROCEDENTE,True,3000.0,16501
0100121-91.2016.8.20.0115,2016,TJRN,Caraúbas,PESSOA FÍSICA,BANCO BRADESCO,Banco e financeira,IMPROCEDENTE,False,,6031
0100422-49.2017.8.20.0100,2017,TJRN,Assu Emitido Em,PESSOA FÍSICA,BANCO DO ESTADO DO RIO GRANDE DO SUL - BANRISUL S/A E OUTROS,Banco e financeira,IMPROCEDENTE,False,,99605
0105735-53.2021.8.17.2001,2021,TJPE,,PESSOA FÍSICA,AZUL LINHAS AEREAS BRASILEIRAS,Transporte aéreo,ACORDO HOMOLOGADO,,,1670
0138737-43.2023.8.17.2001,2023,TJPE,,PESSOA FÍSICA,,,ACORDO HOMOLOGADO,,,3183
0149517-76.2022.8.17.2001,2022,TJPE,,PESSOA FÍSICA,BANCO BRADESCO,Banco e financeira,ACORDO HOMOLOGADO,,,1810
0164659-23.2022.8.17.2001,2022,TJPE,,PESSOA JURÍDICA,NEONERGIA PERNAMBUCO - CIA ENERGETICA DE PERNAMBUCO,Energia,ACORDO HOMOLOGADO,,,2964
0203737-66.2024.8.06.0091,2024,TJCE,Iguatu,PESSOA FÍSICA,EMPRESA GONTIJO DE TRANSPORTES,Outros,ACORDO HOMOLOGADO,,,2165
0228394-92.2016.8.09.0051,2016,TJGO,Goiânia,PESSOA JURÍDICA,MAIS EQUIPAMENTOS DENTALMEDICA EURODONT PRODUTOS ODONTOLOGICOS E MEDICOS,Plano de saúde,PARCIALMENTE PROCEDENTE,True,4798.9,10852
0256647-88.2020.8.06.0001,2020,TJCE,Fortaleza,,,,IMPROCEDENTE,False,3000.0,8404
0286660-36.2021.8.06.0001,2021,TJCE,Iguatu,PESSOA FÍSICA,,,ACORDO HOMOLOGADO,,,1318
0297066-89.2015.8.09.0051,2015,TJGO,Goiânia,PESSOA JURÍDICA,AUTOVIAS S/A SENTENÇA EMENTA: SENTENÇA. AÇÃO DE REPARAÇÃO DE DANOS MATERIAIS C/C LUCRO,Outros,IMPROCEDENTE,False,46774.91,17812
0300211-70.2019.8.24.0060,2019,TJSC,São Domingos,PESSOA FÍSICA,BANCO BRADESCO FINANCIAMENTOS,Banco e financeira,PARCIALMENTE PROCEDENTE,True,,32777
0301137-92.2014.8.05.0274,2014,TJBA,,,,,ACORDO HOMOLOGADO,,,9092
0301813-37.2015.8.24.0028,2015,TJSC,Içara,PESSOA FÍSICA,BANCO ITAUCARD,Banco e financeira,IMPROCEDENTE,False,,11746
0303426-44.2018.8.24.0010,2018,TJSC,Braço do Norte,PESSOA FÍSICA,UNIVERSO ONLINE,Outros,PROCEDENTE,True,3000.0,5763
0307340-34.2018.8.24.0005,2018,TJSC,Balneário Camboriú,,,,PROCEDENTE,True,,6783
0320911-75.2015.8.24.0038,2015,TJSC,Joinville,PESSOA FÍSICA,COMPANHIA ÁGUAS DE JOINVILLE,Saneamento,IMPROCEDENTE,False,,20803
0322304-35.2015.8.24.0038,2015,TJSC,Joinville,PESSOA FÍSICA,COMPANHIA ÁGUAS DE JOINVILLE,Saneamento,IMPROCEDENTE,False,,20293
0324565-70.2015.8.24.0038,2015,TJSC,Joinville,PESSOA FÍSICA,COMPANHIA ÁGUAS DE JOINVILLE,Saneamento,IMPROCEDENTE,False,,20620
0416878-41.2023.8.04.0001,2023,TJAM,Manaus,PESSOA FÍSICA,,,PROCEDENTE,True,10000.0,4171
0424189-49.2024.8.04.0001,2024,TJAM,Manaus,PESSOA FÍSICA,BANCO DO BRASIL S/A E OUTROS,Banco e financeira,EXTINTO SEM MÉRITO,False,,5855
0447545-10.2023.8.04.0001,2023,TJAM,Manaus,PESSOA FÍSICA,SAGA BRASIL ADMINISTRAÇÃO E PARTICIPAÇÕES,Outros,ACORDO HOMOLOGADO,,,1781
0500769-95.2014.8.05.0146,2014,TJBA,Juazeiro,PESSOA FÍSICA,,,IMPROCEDENTE,False,,4924
0504605-80.2023.8.12.0109,2023,TJMS,Campo Grande,,,,ACORDO HOMOLOGADO,,,1426
0511298-38.2023.8.04.0001,2023,TJAM,Manaus,PESSOA FÍSICA,AZUL LINHAS AEREAS BRASILEIRAS,Transporte aéreo,PROCEDENTE,True,8000.0,9177
0519900-18.2023.8.04.0001,2023,TJAM,,,,,PROCEDENTE,True,5000.0,12752
0535120-56.2023.8.04.0001,2023,TJAM,,PESSOA FÍSICA,,,PARCIALMENTE PROCEDENTE,True,5000.0,4277
0565424-38.2023.8.04.0001,2023,TJAM,Manaus,PESSOA FÍSICA,,,PARCIALMENTE PROCEDENTE,True,4000.0,3665
0598808-89.2023.8.04.0001,2023,TJAM,Manaus,PESSOA FÍSICA,LATAM AIRLINES BRASIL (ANTIGA TAM LINHAS AÉREAS S/A),Transporte aéreo,PROCEDENTE,True,5000.0,7216
0600885-19.2024.8.04.6700,2024,TJAM,Santo Antônio do Içá,,,,IMPROCEDENTE,False,,17326
0600908-62.2024.8.04.6700,2024,TJAM,Santo Antônio do Içá,,,,IMPROCEDENTE,False,,17117
0601075-79.2024.8.04.6700,2024,TJAM,Santo Antônio do Içá,,,,IMPROCEDENTE,False,,17118
0601076-64.2024.8.04.6700,2024,TJAM,Santo Antônio do Içá,,,,IMPROCEDENTE,False,,17289
0601404-91.2024.8.04.6700,2024,TJAM,Santo Antônio do Içá,,,,IMPROCEDENTE,False,,17130
0601705-38.2024.8.04.6700,2024,TJAM,Santo Antônio do Içá,,,,IMPROCEDENTE,False,,17120
0601867-33.2024.8.04.6700,2024,TJAM,Santo Antônio do Içá,,,,IMPROCEDENTE,False,,17295
0603310-37.2024.8.04.0001,2024,TJAM,Manaus,PESSOA FÍSICA,MARTINS IMPORT LTDA. E OUTRO,Outros,IMPROCEDENTE,False,,5892
0604730-45.2018.8.04.0015,2018,TJAM,,PESSOA FÍSICA,ABRIL COMUNICACOES,Outros,PARCIALMENTE PROCEDENTE,True,2000.0,2606
0653517-11.2022.8.04.0001,2022,TJAM,Manaus,PESSOA FÍSICA,BANCO BRADESCO,Banco e financeira,IMPROCEDENTE,False,,6099
0682833-69.2022.8.04.0001,2022,TJAM,Manaus,PESSOA FÍSICA,,,IMPROCEDENTE,False,,13536
0700007-47.2024.8.02.0205,2024,TJAL,,PESSOA FÍSICA,TAM - LINHAS AÉREAS,Transporte aéreo,IMPROCEDENTE,False,,6285
0700084-74.2024.8.02.0005,2024,TJAL,,PESSOA FÍSICA,AZUL LINHAS AEREAS BRASILEIRAS,Transporte aéreo,IMPROCEDENTE,False,,5345
0700136-85.2023.8.02.0076,2023,TJAL,,PESSOA FÍSICA,GOL LINHAS AEREAS,Transporte aéreo,PROCEDENTE,True,4000.0,12182
0700356-95.2025.8.02.0017,2025,TJAL,,PESSOA FÍSICA,EQUATORIAL ALAGOAS DISTRIBUIDORA DE ENERGIA,Energia,PROCEDENTE,True,3000.0,12467
0700369-77.2025.8.02.0152,2025,TJAL,,PESSOA FÍSICA,FACEBOOK SERVICOS ONLINE DO BRASIL,Outros,EXTINTO SEM MÉRITO,False,,1537
0700584-11.2024.8.02.0145,2024,TJAL,,PESSOA FÍSICA,AZUL LINHAS AEREAS BRASILEIRAS,Transporte aéreo,EXTINTO SEM MÉRITO,False,3000.0,7120
0700671-97.2025.8.02.0349,2025,TJAL,,PESSOA FÍSICA,,,IMPROCEDENTE,False,,19312
0700692-09.2022.8.02.0081,2022,TJAL,,PESSOA FÍSICA,TAM - LINHAS AÉREAS,Transporte aéreo,PARCIALMENTE PROCEDENTE,True,4000.0,9775
0700696-92.2025.8.02.0064,2025,TJAL,,PESSOA FÍSICA,GOL LINHAS AEREAS,Transporte aéreo,PARCIALMENTE PROCEDENTE,True,2000.0,12009
0700988-29.2025.8.02.0080,2025,TJAL,,PESSOA FÍSICA,AZUL LINHAS AEREAS BRASILEIRAS,Transporte aéreo,IMPROCEDENTE,False,3000.0,13734
0701175-36.2025.8.07.0003,2025,TJDFT,,PESSOA FÍSICA,ANHANGUERA EDUCACIONAL PARTICIPACOES,Ensino,IMPROCEDENTE,False,,3670
0701237-95.2023.8.02.0032,2023,TJAL,,PESSOA FÍSICA,AZUL LINHAS AEREAS BRASILEIRAS,Transporte aéreo,PARCIALMENTE PROCEDENTE,True,8000.0,9332
0701313-49.2024.8.02.0044,2024,TJAL,,PESSOA FÍSICA,AZUL LINHAS AEREAS BRASILEIRAS,Transporte aéreo,PARCIALMENTE PROCEDENTE,True,4000.0,10700
0701542-50.2022.8.07.0008,2022,TJDFT,,PESSOA FÍSICA,,,EXTINTO SEM MÉRITO,False,,2236
0702382-61.2021.8.07.0019,2021,TJDFT,,PESSOA FÍSICA,OMNI S/A CREDITO FINANCIAMENTO E INVESTIMENTO,Banco e financeira,IMPROCEDENTE,False,,5234
0702518-02.2024.8.02.0081,2024,TJAL,,PESSOA FÍSICA,TIM S/A - SUCESSORA POR INCORPORAÇÃO DA TIM CELULAR,Telecomunicações,PROCEDENTE,True,1500.0,7392
0702781-58.2023.8.07.0007,2023,TJDFT,Circunscrição Judiciária de Taguatinga,PESSOA FÍSICA,,,EXTINTO SEM MÉRITO,False,,3382
0703224-09.2023.8.07.0007,2023,TJDFT,,PESSOA FÍSICA,CLEUBER VARGAS COMERCIO VEICULOS,Outros,EXTINTO SEM MÉRITO,False,,1389
0703309-92.2023.8.07.0007,2023,TJDFT,,PESSOA FÍSICA,,,EXTINTO SEM MÉRITO,False,,4210
0703753-81.2021.8.07.0012,2021,TJDFT,,PESSOA FÍSICA,"OI MOVEL S.A. (""EM RECUPERAÇÃO JUDICIAL"")",Telecomunicações,IMPROCEDENTE,False,5000.0,9717
0704465-62.2025.8.07.0002,2025,TJDFT,,PESSOA FÍSICA,,,ACORDO HOMOLOGADO,,,1974
0704642-20.2025.8.07.0004,2025,TJDFT,,PESSOA FÍSICA,JK EDUCACIONAL,Ensino,EXTINTO SEM MÉRITO,False,,1169
0705941-91.2023.8.07.0007,2023,TJDFT,,PESSOA FÍSICA,,,EXTINTO SEM MÉRITO,False,,3993
0706289-21.2023.8.07.0004,2023,TJDFT,Posterior Determinação de Prova Técnica,,,,,,,12821
0706453-74.2023.8.07.0007,2023,TJDFT,,PESSOA JURÍDICA,,,EXTINTO SEM MÉRITO,False,,2820
0707231-15.2021.8.07.0007,2021,TJDFT,,PESSOA FÍSICA,CLARO,Telecomunicações,IMPROCEDENTE,False,,8886
0707561-41.2023.8.07.0007,2023,TJDFT,,PESSOA FÍSICA,,,ACORDO HOMOLOGADO,,,2020
0708892-65.2020.8.04.0001,2020,TJAM,Manaus,,,,IMPROCEDENTE,False,,3362
0709628-42.2024.8.07.0007,2024,TJDFT,,PESSOA FÍSICA,,,IMPROCEDENTE,False,,6787
0710929-58.2023.8.07.0007,2023,TJDFT,,PESSOA FÍSICA,GUARANI AGROINDUSTRIA,Outros,ACORDO HOMOLOGADO,,,1717
0711003-95.2021.8.07.0003,2021,TJDFT,,PESSOA FÍSICA,PAVAO & CIA - COMERCIO DE VEICULOS,Outros,EXTINTO SEM MÉRITO,False,,1220
0711319-39.2025.8.02.0058,2025,TJAL,,PESSOA FÍSICA,GOL LINHAS AEREAS,Transporte aéreo,PROCEDENTE,True,3500.0,12294
0713657-37.2021.8.07.0009,2021,TJDFT,,PESSOA FÍSICA,BELA MARES INCORPORACOES,Outros,IMPROCEDENTE,False,,7294
0716074-43.2024.8.02.0058,2024,TJAL,Arapiraca,,,,EXTINTO SEM MÉRITO,False,,2748
0716295-84.2023.8.07.0005,2023,TJDFT,,PESSOA FÍSICA,,,EXTINTO SEM MÉRITO,False,,1498
0716900-24.2023.8.07.0007,2023,TJDFT,,PESSOA FÍSICA,,,PROCEDENTE,True,,5226
0719909-06.2023.8.07.0003,2023,TJDFT,,PESSOA FÍSICA,RADIO E TELEVISÃO CAPITAL,Outros,ACORDO HOMOLOGADO,,,1087
0721336-60.2022.8.07.0007,2022,TJDFT,,PESSOA FÍSICA,,,ACORDO HOMOLOGADO,,,1664
0722237-98.2020.8.04.0001,2020,TJAM,Manaus,PESSOA FÍSICA,ABRIL COMUNICACOES,Outros,EXTINTO SEM MÉRITO,False,,1412
0723084-30.2022.8.07.0007,2022,TJDFT,,PESSOA FÍSICA,BANCO DE BRASÍLIA,Banco e financeira,IMPROCEDENTE,False,,4999
0732419-75.2022.8.04.0001,2022,TJAM,Manaus,PESSOA FÍSICA,CLARO,Telecomunicações,IMPROCEDENTE,False,,7723
0736757-34.2020.8.07.0016,2020,TJDFT,,PESSOA FÍSICA,GARANTIA PNEUS E SERVICOS AUTOMOTIVOS,Outros,ACORDO HOMOLOGADO,,,1481
0740350-71.2020.8.07.0016,2020,TJDFT,,PESSOA FÍSICA,ANHANGUERA EDUCACIONAL PARTICIPACOES,Ensino,EXTINTO SEM MÉRITO,False,,1180
0744555-41.2021.8.04.0001,2021,TJAM,Manaus,PESSOA FÍSICA,FACEBOOK SERVICOS ONLINE DO BRASIL,Outros,PARCIALMENTE PROCEDENTE,True,15000.0,9299
0751964-68.2023.8.07.0016,2023,TJDFT,,PESSOA JURÍDICA,,,IMPROCEDENTE,False,,1739
0767264-07.2020.8.04.0001,2020,TJAM,Manaus,PESSOA FÍSICA,BANCO PAN,Banco e financeira,IMPROCEDENTE,False,,9334
0794290-09.2024.8.07.0016,2024,TJDFT,,,,,PROCEDENTE,True,,31642
0800000-64.2020.8.15.0521,2020,TJPB,Alagoinha,PESSOA FÍSICA,,,IMPROCEDENTE,False,,2746
0800002-86.2022.8.19.0251,2022,TJRJ,Rio de Janeiro,PESSOA FÍSICA,GENNOVA COMERCIO DE COLCHOES,Outros,ACORDO HOMOLOGADO,,,2195
0800003-24.2020.8.10.0144,2020,TJMA,São Pedro da Água Branca,PESSOA FÍSICA,BANCO BRADESCO,Banco e financeira,EXTINTO SEM MÉRITO,False,,2426
0800004-33.2021.8.19.0076,2021,TJRJ,São José do Vale do Rio Preto,PESSOA FÍSICA,AMPLA ENERGIA E SERVIÇOS,Energia,IMPROCEDENTE,False,,4145
0800005-27.2020.8.19.0052,2020,TJRJ,Araruama,PESSOA FÍSICA,LEADER,Outros,ACORDO HOMOLOGADO,,,902
0800006-44.2023.8.19.0072,2023,TJRJ,Paty do Alferes,PESSOA FÍSICA,QUALICORP ADMINISTRADORA DE BENEFICIOS,Outros,ACORDO HOMOLOGADO,,,3937
0800011-68.2022.8.19.0212,2022,TJRJ,Niterói,PESSOA FÍSICA,,,ACORDO HOMOLOGADO,,,5549
0800011-93.2023.8.19.0063,2023,TJRJ,Três Rios,PESSOA FÍSICA,MS BUSINESS CORRETORA DE SEGUROS,Seguros,ACORDO HOMOLOGADO,,,1163
0800012-53.2018.8.20.5163,2018,TJRN,Ipanguaçu,PESSOA FÍSICA,FORTBRASIL ADMINISTRADORA DE CARTOES DE CRÉDITO,Banco e financeira,IMPROCEDENTE,False,,5120
0800014-31.2025.8.10.0030,2025,TJMA,,PESSOA FÍSICA,INSTITUTO PARAISO DO NORTE DE EDUCACAO E CULTURA LTDA - IPNEC - ME E OUTROS,Outros,EXTINTO SEM MÉRITO,False,,6619
0800016-47.2023.8.10.0102,2023,TJMA,Montes Altos,PESSOA FÍSICA,CLUBE DE SEGUROS DO BRASIL,Seguros,ACORDO HOMOLOGADO,,,1536
0800017-31.2024.8.19.0204,2024,TJRJ,,,,,ACORDO HOMOLOGADO,,,879
0800019-42.2022.8.19.0213,2022,TJRJ,,,,,ACORDO HOMOLOGADO,,,995
0800019-67.2022.8.19.0043,2022,TJRJ,Piraí,PESSOA FÍSICA,VIA VAREJO,Varejo e serviços,ACORDO HOMOLOGADO,,,1220
0800023-03.2019.8.18.0055,2019,TJPI,Itainópolis,PESSOA FÍSICA,CCB BRASIL S/A CREDITO FINANCIAMENTOS E INVESTIMENTOS,Banco e financeira,EXTINTO SEM MÉRITO,False,,4170
0800023-16.2021.8.19.0019,2021,TJRJ,Cordeiro,PESSOA FÍSICA,SOCIEDADE DE ENSINO SUPERIOR ESTACIO DE,Ensino,PROCEDENTE,True,,2682
0800024-88.2022.8.19.0205,2022,TJRJ,Rio de Janeiro,PESSOA FÍSICA,99 TECNOLOGIA,Outros,ACORDO HOMOLOGADO,,,2339
0800026-12.2019.8.10.0109,2019,TJMA,Vitorino Freire,PESSOA FÍSICA,,,IMPROCEDENTE,False,3000.0,6438
0800026-33.2021.8.10.0047,2021,TJMA,Imperatriz,,,,EXTINTO SEM MÉRITO,False,,16160
0800026-61.2022.8.20.5142,2022,TJRN,Jardim de Piranhas,PESSOA FÍSICA,UNIMED NATAL SOCIEDADE COOPERATIVA DE TRABALHO MEDICO,Plano de saúde,ACORDO HOMOLOGADO,,,1838
0800028-09.2021.8.18.0167,2021,TJPI,Teresina,PESSOA FÍSICA,JAPAN VEICULOS,Outros,EXTINTO SEM MÉRITO,False,,2962
0800028-28.2022.8.19.0205,2022,TJRJ,Rio de Janeiro,PESSOA FÍSICA,CLARO,Telecomunicações,ACORDO HOMOLOGADO,,,2187
0800032-45.2021.8.19.0029,2021,TJRJ,Magé,PESSOA FÍSICA,BANCO BRADESCO,Banco e financeira,ACORDO HOMOLOGADO,,,1796
0800033-69.2023.8.19.0058,2023,TJRJ,Saquarema,PESSOA FÍSICA,APPLE COMPUTER BRASIL,Outros,ACORDO HOMOLOGADO,,,873
0800036-36.2021.8.10.0093,2021,TJMA,,PESSOA FÍSICA,,,ACORDO HOMOLOGADO,,,2374
0800036-48.2022.8.10.0013,2022,TJMA,,PESSOA FÍSICA,,,ACORDO HOMOLOGADO,,,982
0800036-79.2020.8.19.0009,2020,TJRJ,Bom Jardim,PESSOA FÍSICA,COMPANHIA ESTADUAL DE AGUAS E ESGOTOS CEDAE,Saneamento,PROCEDENTE,True,3000.0,4439
0800036-82.2021.8.19.0029,2021,TJRJ,Magé,PESSOA FÍSICA,BANCO DO BRASIL,Banco e financeira,ACORDO HOMOLOGADO,,,1777
0800037-82.2020.8.10.0084,2020,TJMA,Cururupu,PESSOA FÍSICA,BANCO BRADESCO,Banco e financeira,ACORDO HOMOLOGADO,,,2030
0800038-15.2019.8.10.0048,2019,TJMA,Itapecuru Mirim,PESSOA FÍSICA,BANCO BRADESCO FINANCIAMENTOS,Banco e financeira,IMPROCEDENTE,False,,16289
0800038-88.2018.8.10.0035,2018,TJMA,Coroatá,,,,IMPROCEDENTE,False,,4334
0800039-78.2018.8.10.0098,2018,TJMA,Matões,PESSOA FÍSICA,BANCO CETELEM,Banco e financeira,IMPROCEDENTE,False,,4299
0800040-91.2021.8.18.0112,2021,TJPI,Ribeiro Gonçalves,PESSOA FÍSICA,BANCO PAN,Banco e financeira,IMPROCEDENTE,False,,3665
0800042-97.2020.8.10.0054,2020,TJMA,Presidente Dutra,PESSOA FÍSICA,,,PARCIALMENTE PROCEDENTE,True,,10547
0800043-89.2021.8.15.0351,2021,TJPB,,PESSOA FÍSICA,BANCO C6 CONSIGNADO,Banco e financeira,ACORDO HOMOLOGADO,,,2645
0800046-92.2021.8.10.0089,2021,TJMA,,PESSOA FÍSICA,BP PROMOTORA DE VENDAS,Outros,ACORDO HOMOLOGADO,,,2217
0800047-78.2021.8.14.0085,2021,TJPA,Inhangapi,,,,ACORDO HOMOLOGADO,,,1292
0800048-39.2025.8.10.0019,2025,TJMA,,PESSOA FÍSICA,ALANCAR MULTIMARCAS (ALAN CAR COMISSIONÁRIA DE VEÍCULOS LTDA - ME),Outros,ACORDO HOMOLOGADO,,,772
0800049-36.2020.8.18.0129,2020,TJPI,Bom Jesus,PESSOA FÍSICA,REALMAIA TURISMO E CARGAS,Outros,IMPROCEDENTE,False,,5409
0800049-71.2024.8.19.0063,2024,TJRJ,Três Rios,PESSOA FÍSICA,,,ACORDO HOMOLOGADO,,,1199
0800049-92.2023.8.10.0019,2023,TJMA,Eleição,PESSOA FÍSICA,MERCADOPAGO.COM REPRESENTACOES,Outros,EXTINTO SEM MÉRITO,False,,4754
0800050-20.2020.8.20.5123,2020,TJRN,Parelhas,PESSOA FÍSICA,BANCO BRADESCO E SUAS CONTROLADAS,Banco e financeira,EXTINTO SEM MÉRITO,False,,9880
0800051-17.2024.8.10.0152,2024,TJMA,,PESSOA FÍSICA,BANCO DO BRASIL,Banco e financeira,EXTINTO SEM MÉRITO,False,,5242
0800052-65.2020.8.10.0144,2020,TJMA,São Pedro da Água Branca,,,,ACORDO HOMOLOGADO,,,987
0800053-36.2020.8.10.0084,2020,TJMA,Cururupu,PESSOA FÍSICA,BANCO BRADESCO,Banco e financeira,ACORDO HOMOLOGADO,,,1826
0800054-37.2017.8.15.0391,2017,TJPB,,PESSOA FÍSICA,EMBRATEL TVSAT TELECOMUNICAÇÕES,Telecomunicações,IMPROCEDENTE,False,,14963
0800054-62.2021.8.19.0075,2021,TJRJ,Magé,PESSOA FÍSICA,VIA VAREJO,Varejo e serviços,ACORDO HOMOLOGADO,,,851
0800058-38.2021.8.19.0063,2021,TJRJ,Três Rios,PESSOA FÍSICA,VIA VAREJO,Varejo e serviços,ACORDO HOMOLOGADO,,,1199
0800059-28.2021.8.10.0110,2021,TJMA,Penalva,PESSOA FÍSICA,BANCO BRADESCO,Banco e financeira,EXTINTO SEM MÉRITO,False,,4991
0800060-09.2022.8.19.0019,2022,TJRJ,Cordeiro,PESSOA FÍSICA,AMPLA ENERGIA E SERVIÇOS,Energia,PROCEDENTE,True,2000.0,4707
0800060-28.2023.8.10.0147,2023,TJMA,Balsas,PESSOA FÍSICA,,,PARCIALMENTE PROCEDENTE,True,,7592
0800060-44.2024.8.19.0211,2024,TJRJ,,,,,ACORDO HOMOLOGADO,,,504
0800060-58.2024.8.20.5112,2024,TJRN,,PESSOA FÍSICA,NU PAGAMENTOS,Outros,IMPROCEDENTE,False,,5843
0800064-30.2021.8.19.0068,2021,TJRJ,Rio das Ostras,PESSOA FÍSICA,PLANAUTO SEMINOVOS COMERCIO DE VEICULOS,Outros,ACORDO HOMOLOGADO,,,1878
0800065-38.2023.8.14.0018,2023,TJPA,,,,,PROCEDENTE,True,2945.6,10463
0800066-18.2022.8.19.0083,2022,TJRJ,Japeri,PESSOA FÍSICA,TIM CELULAR,Telecomunicações,ACORDO HOMOLOGADO,,,1171
0800066-43.2022.8.19.0010,2022,TJRJ,Bom Jesus de Itabapoana,PESSOA FÍSICA,KS FITNESS COMERCIO DE EQUIPAMENTOS PARA GINASTICA,Outros,IMPROCEDENTE,False,,3034
0800066-54.2022.8.19.0071,2022,TJRJ,Porto Real e Quatis,PESSOA FÍSICA,AMPLA ENERGIA E SERVIÇOS,Energia,ACORDO HOMOLOGADO,,,2047
0800067-41.2021.8.19.0017,2021,TJRJ,Casimiro de Abreu,PESSOA FÍSICA,BANCO BMG,Banco e financeira,IMPROCEDENTE,False,2000.0,10053
0800068-21.2022.8.20.5107,2022,TJRN,Nova Cruz,PESSOA FÍSICA,TOP WEB TELECOM,Telecomunicações,EXTINTO SEM MÉRITO,False,,2583
0800068-54.2021.8.14.0085,2021,TJPA,Inhangapi,,,,IMPROCEDENTE,False,,19354
0800068-60.2020.8.18.0123,2020,TJPI,Parnaíba,,,,,,,2743
0800069-17.2020.8.18.0003,2020,TJPI,Teresina,PESSOA FÍSICA,,,EXTINTO SEM MÉRITO,False,,15243
0800071-69.2023.8.10.0046,2023,TJMA,Imperatriz,PESSOA FÍSICA,MERCADOPAGO.COM REPRESENTACOES,Outros,IMPROCEDENTE,False,,4028
0800072-64.2022.8.19.0070,2022,TJRJ,São Francisco do Itabapoana,PESSOA FÍSICA,ESTRELA H MOTOS CAMPOS,Outros,EXTINTO SEM MÉRITO,False,,2587
0800072-88.2019.8.10.0080,2019,TJMA,Cantanhede,PESSOA FÍSICA,,,EXTINTO SEM MÉRITO,False,,2641
0800074-09.2023.8.10.0148,2023,TJMA,Codó,PESSOA FÍSICA,,,EXTINTO SEM MÉRITO,False,,1549
0800077-73.2019.8.10.0060,2019,TJMA,Timon,PESSOA FÍSICA,FUNDO DE INVESTIMENTO EM DIREITOS CREDITORIOS NAO-PADRONIZADOS NPL I,Banco e financeira,PARCIALMENTE PROCEDENTE,True,,20697
0800081-19.2020.8.18.0104,2020,TJPI,Monsenhor Gil,,,,ACORDO HOMOLOGADO,,,2826
0800081-19.2022.8.19.0040,2022,TJRJ,Paraíba do Sul,PESSOA FÍSICA,TICKET SERVICOS,Outros,ACORDO HOMOLOGADO,,,1157
0800081-65.2019.8.10.0075,2019,TJMA,Bequimão,PESSOA FÍSICA,EQUATORIAL ENERGIA,Energia,ACORDO HOMOLOGADO,,,1424
0800083-16.2022.8.10.0015,2022,TJMA,,,,,IMPROCEDENTE,False,,7364
0800084-04.2023.8.10.0035,2023,TJMA,Coroatá,,,,EXTINTO SEM MÉRITO,False,,2158
0800084-30.2023.8.19.0010,2023,TJRJ,Bom Jesus de Itabapoana,PESSOA FÍSICA,,,ACORDO HOMOLOGADO,,,845
0800084-52.2023.8.12.0001,2023,TJMS,Campo Grande,PESSOA FÍSICA,,,PARCIALMENTE PROCEDENTE,True,73332.22,14446
0800088-09.2022.8.10.0154,2022,TJMA,Ilha de São Luís,PESSOA FÍSICA,CONDOMÍNIO BONAVITTA RESIDENCE CLUB I E CONSTRUTORA LUA NOVA INDÚSTRIA E COMÉRCIO,Outros,EXTINTO SEM MÉRITO,False,,3688
0800088-33.2021.8.19.0044,2021,TJRJ,Porciúncula,PESSOA FÍSICA,BANCO BRADESCO,Banco e financeira,IMPROCEDENTE,False,,1353
0800090-14.2024.8.10.0152,2024,TJMA,,,,,PARCIALMENTE PROCEDENTE,True,2000.0,3462
0800090-15.2021.8.14.0085,2021,TJPA,Inhangapi,,,,ACORDO HOMOLOGADO,,,1135
0800090-31.2020.8.18.0055,2020,TJPI,Itainópolis,PESSOA FÍSICA,,,EXTINTO SEM MÉRITO,False,,4265
0800090-71.2020.8.10.0049,2020,TJMA,Ilha de São Luís,PESSOA FÍSICA,,,IMPROCEDENTE,False,,7203
0800093-33.2021.8.19.0213,2021,TJRJ,,,,,ACORDO HOMOLOGADO,,,505
0800093-56.2023.8.10.0102,2023,TJMA,Montes Altos,PESSOA FÍSICA,BANCO SANTANDER (BRASIL),Banco e financeira,IMPROCEDENTE,False,,5956
0800093-63.2022.8.19.0030,2022,TJRJ,Mangaratiba,PESSOA FÍSICA,TIM,Telecomunicações,ACORDO HOMOLOGADO,,,1178
0800093-67.2024.8.19.0006,2024,TJRJ,Barra do Piraí,PESSOA FÍSICA,BANCO BRADESCARD,Banco e financeira,ACORDO HOMOLOGADO,,,1679
0800094-11.2024.8.19.0052,2024,TJRJ,Araruama,PESSOA FÍSICA,CONCESSIONARIA AGUAS DE JUTURNAIBA,Saneamento,ACORDO HOMOLOGADO,,,785
0800094-46.2022.8.19.0063,2022,TJRJ,Três Rios,PESSOA FÍSICA,AMPLA ENERGIA E SERVIÇOS,Energia,ACORDO HOMOLOGADO,,,963
0800097-86.2021.8.10.0030,2021,TJMA,,PESSOA FÍSICA,BANCO SANTANDER (BRASIL),Banco e financeira,IMPROCEDENTE,False,,8215
0800099-85.2023.8.19.0046,2023,TJRJ,Rio Bonito,PESSOA FÍSICA,AGUAS DO RIO 1 SPE,Saneamento,ACORDO HOMOLOGADO,,,3110
0800100-27.2022.8.19.0007,2022,TJRJ,Barra Mansa,PESSOA FÍSICA,TIM,Telecomunicações,ACORDO HOMOLOGADO,,,1240
0800101-92.2023.8.10.0147,2023,TJMA,Balsas,PESSOA FÍSICA,BANCO BRADESCO,Banco e financeira,IMPROCEDENTE,False,,10098
0800101-94.2020.8.19.0067,2020,TJRJ,Queimados,PESSOA FÍSICA,CLARO,Telecomunicações,ACORDO HOMOLOGADO,,,892
0800103-71.2020.8.15.0521,2020,TJPB,Sustento Próprio e da Família,PESSOA FÍSICA,BANCO PAN,Banco e financeira,IMPROCEDENTE,False,,10640
0800104-57.2016.8.10.0029,2016,TJMA,Caxias,PESSOA FÍSICA,,,EXTINTO SEM MÉRITO,False,,12675
0800104-91.2020.8.19.0053,2020,TJRJ,São João da Barra,PESSOA FÍSICA,BANCO BMG,Banco e financeira,IMPROCEDENTE,False,,2670
0800106-88.2025.8.19.0052,2025,TJRJ,Araruama,PESSOA FÍSICA,BANCO DO BRASIL,Banco e financeira,EXTINTO SEM MÉRITO,False,,5830
0800107-86.2020.8.10.0153,2020,TJMA,Ilha de São Luís,,TAM LINHAS AEREAS,Transporte aéreo,IMPROCEDENTE,False,,8124
0800108-38.2022.8.20.5160,2022,TJRN,Upanema,PESSOA FÍSICA,SKY BRASIL SERVICOS,Telecomunicações,IMPROCEDENTE,False,,7248
0800108-79.2020.8.10.0118,2020,TJMA,Santa Rita,PESSOA FÍSICA,BANCO CETELEM,Banco e financeira,IMPROCEDENTE,False,,4939
0800109-88.2021.8.10.0131,2021,TJMA,Senador La Rocque,PESSOA FÍSICA,BANCO BRADESCO,Banco e financeira,PARCIALMENTE PROCEDENTE,True,100.0,11841
0800110-29.2019.8.10.0136,2019,TJMA,Turiaçu,PESSOA FÍSICA,BANCO BRADESCO,Banco e financeira,PARCIALMENTE PROCEDENTE,True,1000.0,5389
0800110-96.2021.8.19.0204,2021,TJRJ,,,,,ACORDO HOMOLOGADO,,,137
0800111-88.2020.8.10.0100,2020,TJMA,Mirinzal,PESSOA FÍSICA,BANCO BRADESCO,Banco e financeira,IMPROCEDENTE,False,,8753
0800112-52.2021.8.10.0031,2021,TJMA,,,,,ACORDO HOMOLOGADO,,,1883
0800113-84.2020.8.19.0075,2020,TJRJ,Magé,PESSOA FÍSICA,,,ACORDO HOMOLOGADO,,,878
0800114-02.2025.8.19.0073,2025,TJRJ,Guapimirim,PESSOA FÍSICA,BOOKING COM BRASIL SERVICOS DE RESERVA DE HOTEIS,Outros,PROCEDENTE,True,2935.16,7356
0800116-59.2017.8.10.0054,2017,TJMA,Presidente Dutra,PESSOA FÍSICA,BANCO BGN S/A - CETELEM,Banco e financeira,EXTINTO SEM MÉRITO,False,,2462
0800117-69.2023.8.10.0010,2023,TJMA,Ilha de São Luís,PESSOA FÍSICA,LOJAS AMERICANAS S.A. E OUTROS,Varejo e serviços,ACORDO HOMOLOGADO,,,860
0800120-25.2021.8.20.5148,2021,TJRN,Pendências,PESSOA FÍSICA,,,IMPROCEDENTE,False,,2917
0800120-28.2020.8.14.0039,2020,TJPA,Outra,,,,EXTINTO SEM MÉRITO,False,,16444
0800120-55.2022.8.19.0027,2022,TJRJ,Laje do Muriaé,PESSOA FÍSICA,AMPLA ENERGIA E SERVIÇOS,Energia,IMPROCEDENTE,False,,8449
0800120-86.2021.8.15.0161,2021,TJPB,,PESSOA FÍSICA,BANCO BMG,Banco e financeira,ACORDO HOMOLOGADO,,,3226
0800121-77.2023.8.20.5103,2023,TJRN,Currais Novos,PESSOA FÍSICA,,,EXTINTO SEM MÉRITO,False,,8334
0800124-66.2022.8.10.0149,2022,TJMA,,,,,EXTINTO SEM MÉRITO,False,,2484
0800124-72.2017.8.14.0006,2017,TJPA,Ananindeua,PESSOA FÍSICA,BRUXELAS INCORPORADORA,Outros,PARCIALMENTE PROCEDENTE,True,4000.0,13987
0800125-73.2021.8.19.0072,2021,TJRJ,Paty do Alferes,PESSOA FÍSICA,FINANCEIRA ITAU CBD S.A. - CREDITO,Banco e financeira,PARCIALMENTE PROCEDENTE,True,2000.0,3187
0800126-05.2022.8.10.0030,2022,TJMA,,PESSOA FÍSICA,BANCO PAN S/A ADVOGADO DO RECLAMADO: GILVAN MELO SOUSA (OAB 16383-CE),Banco e financeira,IMPROCEDENTE,False,,6666
0800131-37.2022.8.10.0059,2022,TJMA,Ilha de São Luís,PESSOA FÍSICA,BANCO BRADESCO,Banco e financeira,EXTINTO SEM MÉRITO,False,,2133
0800131-85.2021.8.19.0038,2021,TJRJ,Nova Iguaçu,PESSOA FÍSICA,,,ACORDO HOMOLOGADO,,,1205
0800136-35.2024.8.10.0012,2024,TJMA,,PESSOA FÍSICA,MULTIMARCAS ADMINISTRADORA DE CONSORCIOS LTDA E OUTROS,Outros,EXTINTO SEM MÉRITO,False,,10098
0800138-94.2020.8.19.0076,2020,TJRJ,São José do Vale do Rio Preto,PESSOA FÍSICA,VIA VAREJO,Varejo e serviços,IMPROCEDENTE,False,,2976
0800140-79.2022.8.20.5148,2022,TJRN,Pendências,PESSOA FÍSICA,UNIVERSO ONLINE,Outros,PARCIALMENTE PROCEDENTE,True,,7174
0800140-92.2021.8.19.0023,2021,TJRJ,Itaboraí,PESSOA FÍSICA,PLATAFORMA RIO SOLUCOES E COMERCIO,Outros,ACORDO HOMOLOGADO,,,1425
0800141-45.2023.8.19.0205,2023,TJRJ,Rio de Janeiro,PESSOA FÍSICA,GUTO IMPORTS AUTO PECAS,Outros,ACORDO HOMOLOGADO,,,2164
0800142-18.2019.8.10.0109,2019,TJMA,Paulo Ramos,PESSOA FÍSICA,BANCO BRADESCO,Banco e financeira,IMPROCEDENTE,False,,8111
0800142-75.2021.8.14.0096,2021,TJPA,São Francisco do Pará,PESSOA FÍSICA,BANCO PAN,Banco e financeira,IMPROCEDENTE,False,,8591
0800142-87.2024.8.19.0207,2024,TJRJ,Rio de Janeiro,PESSOA FÍSICA,QCX SERVICOS EDUCACIONAIS,Outros,ACORDO HOMOLOGADO,,,814
0800143-07.2022.8.15.0061,2022,TJPB,,PESSOA FÍSICA,,,EXTINTO SEM MÉRITO,False,,3516
0800146-49.2019.8.18.0136,2019,TJPI,Teresina,PESSOA FÍSICA,LENICE DRINKS,Outros,IMPROCEDENTE,False,,5994
0800147-66.2023.8.10.0152,2023,TJMA,São Caetano do Sul,,,,PROCEDENTE,True,1224.99,7181
0800148-61.2021.8.19.0058,2021,TJRJ,Saquarema,PESSOA FÍSICA,,,ACORDO HOMOLOGADO,,,1143
0800151-33.2023.8.15.0001,2023,TJPB,,,,,EXTINTO SEM MÉRITO,False,,755
0800153-56.2020.8.10.0030,2020,TJMA,,PESSOA FÍSICA,REAL MAIA TRANSPORTES TERRESTRES,Outros,IMPROCEDENTE,False,,3209
0800156-05.2024.8.10.0019,2024,TJMA,,PESSOA FÍSICA,L P CUPERTINO LTDA E CENTRO AVENÇADO DE ESTUDOS E PESQUISAS,Outros,EXTINTO SEM MÉRITO,False,,5375
0800156-81.2021.8.19.0076,2021,TJRJ,São José do Vale do Rio Preto,PESSOA FÍSICA,AMPLA ENERGIA E SERVIÇOS,Energia,PROCEDENTE,True,,10751
0800157-76.2021.8.19.0202,2021,TJRJ,Rio de Janeiro,PESSOA FÍSICA,BANCO DO BRASIL,Banco e financeira,ACORDO HOMOLOGADO,,,1138
0800158-03.2020.8.10.0152,2020,TJMA,,,,,ACORDO HOMOLOGADO,,,1494
0800161-05.2023.8.20.5121,2023,TJRN,Macaíba,PESSOA FÍSICA,COMPANHIA ENERGÉTICA DO RIO GRANDE DO NORTE - COSERN,Energia,IMPROCEDENTE,False,15000.0,6857
0800164-61.2021.8.19.0075,2021,TJRJ,Magé,PESSOA FÍSICA,FINANCEIRA ITAU CBD S.A. - CREDITO,Banco e financeira,EXTINTO SEM MÉRITO,False,,1111
0800165-36.2022.8.10.0148,2022,TJMA,Codó,PESSOA FÍSICA,EQUATORIAL ENERGIA,Energia,IMPROCEDENTE,False,,5374
0800166-24.2023.8.19.0087,2023,TJRJ,São Gonçalo,PESSOA FÍSICA,CLARO,Telecomunicações,ACORDO HOMOLOGADO,,,2747
0800168-43.2016.8.10.0037,2016,TJMA,,PESSOA FÍSICA,BANCO BMG,Banco e financeira,PROCEDENTE,True,3000.0,11298
0800169-81.2016.8.14.0048,2016,TJPA,,PESSOA FÍSICA,,,PROCEDENTE,True,2752.67,12157
0800169-96.2023.8.15.0181,2023,TJPB,,PESSOA FÍSICA,RTE BETTING MASTER SERVICOS,Outros,EXTINTO SEM MÉRITO,False,,3595
0800170-39.2024.8.20.5118,2024,TJRN,Jucurutu,PESSOA FÍSICA,COMPANHIA ENERGÉTICA DO RIO GRANDE DO NORTE - COSERN,Energia,ACORDO HOMOLOGADO,,,1874
0800171-79.2024.8.15.0521,2024,TJPB,Alagoinha,,,,IMPROCEDENTE,False,,7339
0800172-93.2020.8.10.0149,2020,TJMA,,,,,EXTINTO SEM MÉRITO,False,,3159
0800175-03.2021.8.10.0088,2021,TJMA,,,,,IMPROCEDENTE,False,,5500
0800175-87.2023.8.10.0102,2023,TJMA,Montes Altos,,,,ACORDO HOMOLOGADO,,,1830
0800180-12.2025.8.20.5001,2025,TJRN,Natal,PESSOA FÍSICA,,,EXTINTO SEM MÉRITO,False,,1385
0800180-56.2021.8.10.0110,2021,TJMA,Penalva,,,,IMPROCEDENTE,False,300.0,6610
0800181-40.2022.8.19.0212,2022,TJRJ,Niterói,PESSOA FÍSICA,GINGA COMERCIO DE MOVEIS E DECORACOES,Outros,ACORDO HOMOLOGADO,,,5558
0800182-35.2023.8.19.0068,2023,TJRJ,Rio das Ostras,PESSOA FÍSICA,SUBMARINO VIAGENS,Outros,ACORDO HOMOLOGADO,,,988
0800183-08.2019.8.20.5120,2019,TJRN,Luís Gomes,PESSOA FÍSICA,,,IMPROCEDENTE,False,,7634
0800187-93.2019.8.10.0053,2019,TJMA,,,,,EXTINTO SEM MÉRITO,False,,1469
0800189-28.2021.8.19.0058,2021,TJRJ,Saquarema,PESSOA FÍSICA,NEXTEL TELECOMUNICACOES,Telecomunicações,ACORDO HOMOLOGADO,,,1163
0800189-97.2021.8.19.0035,2021,TJRJ,Natividade e Varre,PESSOA FÍSICA,BANCO BMG,Banco e financeira,IMPROCEDENTE,False,,3140
0800191-61.2021.8.18.0143,2021,TJPI,Piracuruca,PESSOA FÍSICA,,,IMPROCEDENTE,False,,8143
0800191-85.2021.8.10.0110,2021,TJMA,Penalva,,,,IMPROCEDENTE,False,300.0,10881
0800192-07.2020.8.19.0029,2020,TJRJ,Magé,PESSOA FÍSICA,BANCO BRADESCARD,Banco e financeira,ACORDO HOMOLOGADO,,,1789
0800192-94.2023.8.10.0047,2023,TJMA,Imperatriz,,,,IMPROCEDENTE,False,,8804
0800193-07.2021.8.19.0045,2021,TJRJ,Resende,PESSOA FÍSICA,,,EXTINTO SEM MÉRITO,False,,1409
0800193-82.2021.8.19.0020,2021,TJRJ,Duas Barras,PESSOA FÍSICA,FACEBOOK SERVICOS ONLINE DO BRASIL,Outros,IMPROCEDENTE,False,,4077
0800194-87.2022.8.19.0002,2022,TJRJ,Niterói,PESSOA FÍSICA,TELEFONICA BRASIL,Telecomunicações,ACORDO HOMOLOGADO,,,2503
0800195-74.2022.8.20.5004,2022,TJRN,Natal,PESSOA FÍSICA,TRANSPORTES AEREOS PORTUGUESES,Outros,PROCEDENTE,True,4000.0,13984
0800196-48.2023.8.10.0010,2023,TJMA,Ilha de São Luís,PESSOA FÍSICA,BANCO BRADESCARD,Banco e financeira,IMPROCEDENTE,False,,3000
0800198-02.2022.8.18.0084,2022,TJPI,Barro Duro,,,,EXTINTO SEM MÉRITO,False,,1592
0800198-72.2023.8.15.0141,2023,TJPB,Catolé do Rocha,PESSOA FÍSICA,AVON COSMETICOS,Outros,EXTINTO SEM MÉRITO,False,,2239
0800199-32.2024.8.14.0050,2024,TJPA,Santana do Araguaia,,,,EXTINTO SEM MÉRITO,False,,6638
0800200-47.2019.8.10.0068,2019,TJMA,Arame,PESSOA FÍSICA,BANCO PAN,Banco e financeira,,,,12565
0800200-66.2020.8.19.0034,2020,TJRJ,Miracema,PESSOA FÍSICA,OLYMPIKUS PRO SPORTS,Outros,PROCEDENTE,True,1000.0,4585
0800201-88.2021.8.10.0059,2021,TJMA,Ilha de São Luís,,,,EXTINTO SEM MÉRITO,False,,2282
0800203-13.2020.8.10.0150,2020,TJMA,Pinheiro,PESSOA JURÍDICA,,,PROCEDENTE,True,1664.86,3566
0800203-59.2021.8.14.0055,2021,TJPA,São Miguel do Guamá,PESSOA FÍSICA,BANCO BMG,Banco e financeira,ACORDO HOMOLOGADO,,,9256
0800204-79.2024.8.20.5161,2024,TJRN,Baraúna,PESSOA FÍSICA,EAGLE SOCIEDADE DE CREDITO DIRETO,Banco e financeira,ACORDO HOMOLOGADO,,,3674
0800206-22.2023.8.19.0211,2023,TJRJ,Rio de Janeiro,PESSOA FÍSICA,,,EXTINTO SEM MÉRITO,False,,1863
0800206-34.2023.8.19.0207,2023,TJRJ,Rio de Janeiro,PESSOA FÍSICA,BANCO BMG,Banco e financeira,IMPROCEDENTE,False,,7855
0800208-05.2023.8.19.0045,2023,TJRJ,Resende,PESSOA FÍSICA,SOCIEDADE EDUCACIONAL LEONARDO DA VINCI S/S,Ensino,EXTINTO SEM MÉRITO,False,,2547
0800209-58.2022.8.19.0066,2022,TJRJ,Volta Redonda,PESSOA FÍSICA,BANCO BRADESCO,Banco e financeira,ACORDO HOMOLOGADO,,,723
0800212-66.2020.8.10.0152,2020,TJMA,,,,,PROCEDENTE,True,3000.0,6569
0800212-83.2025.8.15.0271,2025,TJPB,,PESSOA FÍSICA,BANCO BRADESCO,Banco e financeira,ACORDO HOMOLOGADO,,,2377
0800214-95.2021.8.14.0085,2021,TJPA,,,,,IMPROCEDENTE,False,15000.0,49394
0800216-64.2024.8.10.0152,2024,TJMA,,PESSOA FÍSICA,BANCO DO BRASIL,Banco e financeira,IMPROCEDENTE,False,,9465
0800216-84.2020.8.10.0126,2020,TJMA,,,,,EXTINTO SEM MÉRITO,False,,1004
0800217-56.2022.8.19.0253,2022,TJRJ,,,,,ACORDO HOMOLOGADO,,,1267
0800217-95.2021.8.19.0025,2021,TJRJ,Itaocara,PESSOA FÍSICA,AMPLA ENERGIA E SERVIÇOS,Energia,IMPROCEDENTE,False,3500.0,4294
0800218-81.2020.8.19.0036,2020,TJRJ,Nilópolis,PESSOA FÍSICA,LIGHT SERVIÇOS DE ELETRICIDADE,Energia,ACORDO HOMOLOGADO,,,899
0800219-11.2021.8.19.0043,2021,TJRJ,Piraí,PESSOA FÍSICA,NEW TRIP AGENCIA DE VIAGEM E LOCACAO,Outros,PROCEDENTE,True,3000.0,4169
0800219-35.2021.8.19.0035,2021,TJRJ,Natividade e Varre,PESSOA FÍSICA,BANCO C6,Banco e financeira,EXTINTO SEM MÉRITO,False,,3212
0800219-84.2021.8.14.0096,2021,TJPA,São Francisco do Pará,PESSOA FÍSICA,BANCO PAN,Banco e financeira,IMPROCEDENTE,False,,10777
0800220-04.2021.8.19.0008,2021,TJRJ,Belford Roxo,PESSOA FÍSICA,TELEMAR NORTE LESTE,Telecomunicações,ACORDO HOMOLOGADO,,,840
0800220-45.2020.8.19.0038,2020,TJRJ,Nova Iguaçu,PESSOA FÍSICA,BANCO ITAU,Banco e financeira,ACORDO HOMOLOGADO,,,2521
0800221-31.2021.8.20.5126,2021,TJRN,Santa Cruz,PESSOA FÍSICA,,,IMPROCEDENTE,False,,7256
0800221-78.2025.8.20.5162,2025,TJRN,Extremoz,PESSOA FÍSICA,COMPANHIA ENERGÉTICA DO RIO GRANDE DO NORTE - COSERN,Energia,IMPROCEDENTE,False,,6473
0800223-36.2022.8.10.0149,2022,TJMA,,,,,EXTINTO SEM MÉRITO,False,,3576
0800224-44.2022.8.20.5160,2022,TJRN,Upanema,PESSOA FÍSICA,SKY BRASIL SERVICOS,Telecomunicações,IMPROCEDENTE,False,,13390
0800224-61.2022.8.19.0087,2022,TJRJ,São Gonçalo,PESSOA FÍSICA,A. GRINGS,Outros,ACORDO HOMOLOGADO,,,1669
0800224-95.2022.8.19.0205,2022,TJRJ,Rio de Janeiro,PESSOA FÍSICA,BANCO DO BRASIL,Banco e financeira,ACORDO HOMOLOGADO,,,1958
0800227-96.2021.8.19.0007,2021,TJRJ,Barra Mansa,PESSOA FÍSICA,SUMUP SOLUCOES DE PAGAMENTO BRASIL,Outros,ACORDO HOMOLOGADO,,,2052
0800233-37.2022.8.19.0050,2022,TJRJ,Santo Antônio de Pádua e Aperibé,PESSOA FÍSICA,BANCO ITAU CONSIGNADO,Banco e financeira,ACORDO HOMOLOGADO,,,1713
0800234-34.2021.8.19.0025,2021,TJRJ,Itaocara,PESSOA FÍSICA,AMPLA ENERGIA E SERVIÇOS,Energia,IMPROCEDENTE,False,3500.0,4292
0800236-20.2020.8.20.5163,2020,TJRN,Ipanguaçu,PESSOA FÍSICA,BANCO SAFRA,Banco e financeira,IMPROCEDENTE,False,,17088
0800236-50.2021.8.19.0042,2021,TJRJ,Petrópolis,PESSOA FÍSICA,SAMSUNG ELETRONICA DA AMAZONIA,Energia,ACORDO HOMOLOGADO,,,748
0800236-84.2024.8.20.5161,2024,TJRN,Baraúna,PESSOA FÍSICA,BANCO BRADESCO PROMOTORA,Banco e financeira,ACORDO HOMOLOGADO,,,2570
0800237-71.2023.8.10.0153,2023,TJMA,Ilha de São Luís,PESSOA FÍSICA,SPRINGER CARRIER,Outros,PROCEDENTE,True,1289.0,5260
0800238-03.2025.8.10.0148,2025,TJMA,Codó,PESSOA FÍSICA,BANCO BRADESCO,Banco e financeira,EXTINTO SEM MÉRITO,False,,3332
0800238-72.2022.8.19.0078,2022,TJRJ,Armação dos Búzios,PESSOA FÍSICA,BANCO SANTANDER,Banco e financeira,IMPROCEDENTE,False,,3624
0800239-62.2022.8.10.0125,2022,TJMA,São João Batista,PESSOA FÍSICA,MERCADOPAGO.COM REPRESENTACOES,Outros,IMPROCEDENTE,False,,3591
0800240-79.2020.8.10.0040,2020,TJMA,Imperatriz,PESSOA FÍSICA,,,IMPROCEDENTE,False,,7809
0800241-68.2020.8.19.0087,2020,TJRJ,,PESSOA FÍSICA,NEXTEL TELECOMUNICACOES,Telecomunicações,ACORDO HOMOLOGADO,,,1417
0800242-33.2023.8.10.0076,2023,TJMA,,PESSOA FÍSICA,EQUATORIAL MARANHÃO DISTRIBUIDORA DE ENERGIA,Energia,IMPROCEDENTE,False,,7560
0800242-59.2022.8.18.0136,2022,TJPI,Teresina,PESSOA FÍSICA,99 TAXIS DESENVOLVIMENTO DE SOFTWARES,Outros,IMPROCEDENTE,False,,13933
0800244-60.2022.8.19.0052,2022,TJRJ,Araruama,PESSOA FÍSICA,AMPLA ENERGIA E SERVIÇOS,Energia,ACORDO HOMOLOGADO,,,947
0800247-51.2023.8.18.0167,2023,TJPI,Teresina,PESSOA FÍSICA,,,EXTINTO SEM MÉRITO,False,,2007
0800247-71.2021.8.19.0077,2021,TJRJ,Seropédica,PESSOA FÍSICA,,,ACORDO HOMOLOGADO,,,932
0800248-08.2025.8.14.0028,2025,TJPA,Marabá,PESSOA FÍSICA,NOME: AZUL LINHAS AEREAS BRASILEIRAS,Transporte aéreo,PROCEDENTE,True,,12227
0800248-32.2019.8.10.0027,2019,TJMA,,,,,PARCIALMENTE PROCEDENTE,True,5000.0,7613
0800254-94.2024.8.10.0049,2024,TJMA,Ilha de São Luís,PESSOA FÍSICA,AZUL LINHAS AEREAS BRASILEIRAS,Transporte aéreo,PROCEDENTE,True,1000.0,7379
0800255-39.2022.8.18.0013,2022,TJPI,Teresina,PESSOA FÍSICA,BANCO BRADESCO,Banco e financeira,EXTINTO SEM MÉRITO,False,,3808
0800255-85.2021.8.15.0521,2021,TJPB,,PESSOA FÍSICA,UNIMED SEGUROS SAUDE,Plano de saúde,ACORDO HOMOLOGADO,,,2622
0800258-73.2020.8.20.5100,2020,TJRN,Assu,PESSOA FÍSICA,BANCO BMG,Banco e financeira,EXTINTO SEM MÉRITO,False,,4467
0800260-28.2021.8.10.0075,2021,TJMA,,,,,IMPROCEDENTE,False,,8953
0800260-43.2019.8.10.0125,2019,TJMA,São João Batista,PESSOA FÍSICA,BANCO BRADESCO,Banco e financeira,PARCIALMENTE PROCEDENTE,True,25.0,8614
0800262-13.2020.8.20.5100,2020,TJRN,Assu,PESSOA FÍSICA,BANCO PANAMERICANO,Banco e financeira,PROCEDENTE,True,6000.0,15338
0800263-17.2020.8.18.0100,2020,TJPI,Manoel Emídio,PESSOA FÍSICA,BANCO BRADESCO,Banco e financeira,PARCIALMENTE PROCEDENTE,True,3000.0,17800
0800263-31.2021.8.19.0075,2021,TJRJ,Magé,PESSOA FÍSICA,AMPLA ENERGIA E SERVIÇOS,Energia,ACORDO HOMOLOGADO,,,878
0800263-78.2023.8.10.0150,2023,TJMA,Pinheiro,PESSOA FÍSICA,EMPREENDIMENTOS PAGUE MENOS,Outros,PARCIALMENTE PROCEDENTE,True,1500.0,10801
0800264-52.2023.8.19.0008,2023,TJRJ,Belford Roxo,PESSOA FÍSICA,LIGHT SERVIÇOS DE ELETRICIDADE,Energia,EXTINTO SEM MÉRITO,False,,1690
0800267-21.2025.8.19.0207,2025,TJRJ,Rio de Janeiro,PESSOA FÍSICA,BANCO BRADESCO,Banco e financeira,ACORDO HOMOLOGADO,,,1351
0800267-29.2019.8.18.0152,2019,TJPI,Picos,PESSOA FÍSICA,UNICK SOCIEDADE DE INVESTIMENTOS,Outros,EXTINTO SEM MÉRITO,False,,4948
0800267-80.2021.8.19.0071,2021,TJRJ,Porto Real e Quatis,PESSOA FÍSICA,,,ACORDO HOMOLOGADO,,,1116
0800268-14.2019.8.18.0152,2019,TJPI,Picos,PESSOA FÍSICA,UNICK SOCIEDADE DE INVESTIMENTOS,Outros,EXTINTO SEM MÉRITO,False,,5007
0800272-77.2022.8.10.0149,2022,TJMA,,,,,,,,1526
0800274-71.2024.8.15.0041,2024,TJPB,Eleição Em Belo Horizonte,PESSOA FÍSICA,UNASPUB - UNIAO NACIONAL DE AUXILIO AOS SERVIDORES PUBLICOS,Poder público,IMPROCEDENTE,False,57.75,10848
0800276-86.2021.8.10.0008,2021,TJMA,,PESSOA FÍSICA,BANCO PAN,Banco e financeira,EXTINTO SEM MÉRITO,False,,4378
0800277-07.2024.8.19.0076,2024,TJRJ,São José do Vale do Rio Preto,PESSOA FÍSICA,AMPLA ENERGIA E SERVIÇOS,Energia,PARCIALMENTE PROCEDENTE,True,1500.0,3245
0800277-53.2021.8.19.0030,2021,TJRJ,Mangaratiba,PESSOA FÍSICA,MERCADOLIVRE.COM ATIVIDADES DE INTERNET,Varejo e serviços,ACORDO HOMOLOGADO,,,1229
0800277-54.2024.8.10.0012,2024,TJMA,,PESSOA FÍSICA,,,IMPROCEDENTE,False,,6075
0800281-38.2024.8.20.5113,2024,TJRN,Areia Branca,PESSOA FÍSICA,FUNDO DE INVESTIMENTOS EM DIREITO CREDITÓRIOS MULTISEGMENTOS NPL IPANEMA VI- NÃO PADRONIZA,Banco e financeira,IMPROCEDENTE,False,,20966
0800281-98.2019.8.18.0059,2019,TJPI,Luis Correia,PESSOA FÍSICA,BANCO DO BRASIL,Banco e financeira,PROCEDENTE,True,2126.33,10536
0800282-17.2022.8.15.0171,2022,TJPB,Esperança,PESSOA FÍSICA,,,IMPROCEDENTE,False,,9153
0800282-46.2023.8.19.0211,2023,TJRJ,,,,,ACORDO HOMOLOGADO,,,504
0800282-83.2019.8.10.0131,2019,TJMA,Senador La Rocque,PESSOA FÍSICA,COMPANHIA ENERGETICA DO MARANH?O-CEMAR,Energia,IMPROCEDENTE,False,,4411
0800282-85.2025.8.10.0127,2025,TJMA,São Luís Gonzaga do Maranhão,PESSOA FÍSICA,UNSBRAS UNIAO DOS SERVIDORES PUBLICOS DO BRASIL,Poder público,PROCEDENTE,True,847.2,10321
0800285-20.2021.8.19.0001,2021,TJRJ,,,,,ACORDO HOMOLOGADO,,,84
0800286-37.2021.8.19.0055,2021,TJRJ,São Pedro da Aldeia,PESSOA FÍSICA,PROLAGOS S/A - CONCESSIONARIA DE SERVICOS PUBLICOS DE AGUA E ESGOTO,Outros,IMPROCEDENTE,False,,2934
0800286-55.2024.8.19.0209,2024,TJRJ,Rio de Janeiro,PESSOA FÍSICA,SHPS TECNOLOGIA E SERVICOS,Outros,ACORDO HOMOLOGADO,,,832
0800287-46.2020.8.10.0010,2020,TJMA,,PESSOA FÍSICA,FUNDO DE INVESTIMENTO EM DIREITOS CREDITORIOS NAO PADRONIZADOS NPL II,Banco e financeira,ACORDO HOMOLOGADO,,,667
0800289-03.2020.8.20.5130,2020,TJRN,São José de Mipibu,PESSOA FÍSICA,BANCO BRADESCO E SUAS CONTROLADAS,Banco e financeira,IMPROCEDENTE,False,,8845
0800290-52.2017.8.10.0027,2017,TJMA,,PESSOA FÍSICA,TRICARD SERVICOS DE INTERMEDIACAO DE CARTOES DE CREDITO,Banco e financeira,ACORDO HOMOLOGADO,,,2407
0800290-88.2022.8.19.0039,2022,TJRJ,Paracambi,PESSOA FÍSICA,DIAGNOSTICOS DA AMERICA,Outros,ACORDO HOMOLOGADO,,,716
0800291-71.2024.8.19.0211,2024,TJRJ,,,,,ACORDO HOMOLOGADO,,,504
0800293-80.2021.8.19.0038,2021,TJRJ,Nova Iguaçu,PESSOA FÍSICA,LIGHT SERVIÇOS DE ELETRICIDADE,Energia,ACORDO HOMOLOGADO,,,2549
0800294-32.2023.8.20.5126,2023,TJRN,Santa Cruz,PESSOA FÍSICA,,,ACORDO HOMOLOGADO,,,1372
0800294-51.2021.8.19.0075,2021,TJRJ,Magé,PESSOA FÍSICA,VIA VAREJO,Varejo e serviços,ACORDO HOMOLOGADO,,,910
0800294-94.2020.8.10.0153,2020,TJMA,Ilha de São Luís,,,,IMPROCEDENTE,False,,6594
0800295-14.2020.8.19.0029,2020,TJRJ,Magé,PESSOA FÍSICA,AVISTA S/A ADMINISTRADORA DE CARTOES DE CREDITO,Banco e financeira,ACORDO HOMOLOGADO,,,1877
0800295-66.2017.8.15.0211,2017,TJPB,,PESSOA FÍSICA,COMERCIO DE BEBIDAS E ALIMENTOS BALDEADOR,Outros,EXTINTO SEM MÉRITO,False,500.0,2264
0800296-29.2023.8.20.5117,2023,TJRN,Jardim do Seridó,PESSOA FÍSICA,,,IMPROCEDENTE,False,,8717
0800296-53.2025.8.18.0028,2025,TJPI,Floriano,PESSOA FÍSICA,BANCO BRADESCO,Banco e financeira,ACORDO HOMOLOGADO,,,2093
0800296-74.2022.8.19.0046,2022,TJRJ,Rio Bonito,PESSOA FÍSICA,BANCO ITAU CONSIGNADO,Banco e financeira,EXTINTO SEM MÉRITO,False,,3269
0800296-88.2019.8.10.0027,2019,TJMA,,PESSOA FÍSICA,,,IMPROCEDENTE,False,,13172
0800296-96.2020.8.10.0110,2020,TJMA,Penalva,,,,IMPROCEDENTE,False,,3663
0800297-64.2020.8.19.0067,2020,TJRJ,Queimados,PESSOA FÍSICA,OI MOVEL,Telecomunicações,ACORDO HOMOLOGADO,,,1151
0800298-31.2020.8.19.0073,2020,TJRJ,Guapimirim,PESSOA FÍSICA,CRED - SYSTEM ADMINISTRADORA DE CARTOES DE CREDITO,Banco e financeira,ACORDO HOMOLOGADO,,,856
0800298-97.2021.8.19.0072,2021,TJRJ,Paty do Alferes,PESSOA FÍSICA,LIGHT SERVIÇOS DE ELETRICIDADE,Energia,IMPROCEDENTE,False,,2570
0800300-53.2021.8.19.0012,2021,TJRJ,Cachoeiras de Macacu,PESSOA FÍSICA,BANCO BMG,Banco e financeira,ACORDO HOMOLOGADO,,,942
0800300-73.2015.8.10.0025,2015,TJMA,Bacabal,PESSOA FÍSICA,BANCO BMG,Banco e financeira,PROCEDENTE,True,2075.82,6626
0800302-62.2020.8.19.0075,2020,TJRJ,Magé,PESSOA FÍSICA,CLARO,Telecomunicações,ACORDO HOMOLOGADO,,,739
0800303-27.2021.8.19.0038,2021,TJRJ,Nova Iguaçu,PESSOA FÍSICA,LIGHT SERVIÇOS DE ELETRICIDADE,Energia,ACORDO HOMOLOGADO,,,1218
0800304-96.2021.8.14.0055,2021,TJPA,São Miguel do Guamá,PESSOA FÍSICA,BANCO ITAU CONSIGNADO,Banco e financeira,EXTINTO SEM MÉRITO,False,,2246
0800307-32.2023.8.10.0010,2023,TJMA,Ilha de São Luís,PESSOA FÍSICA,LUIZACRED S.A. SOCIEDADE DE CREDITO,Banco e financeira,PARCIALMENTE PROCEDENTE,True,5000.0,5671
0800309-49.2023.8.10.0059,2023,TJMA,Ilha de São Luís,PESSOA FÍSICA,AMERICANAS S.A. E OUTROS,Varejo e serviços,PROCEDENTE,True,2199.99,6889
0800314-40.2024.8.20.5109,2024,TJRN,Acari,PESSOA FÍSICA,BANCO J. SAFRA,Banco e financeira,ACORDO HOMOLOGADO,,,2944
0800316-63.2020.8.10.0118,2020,TJMA,Santa Rita,PESSOA FÍSICA,CEB DISTRIBUICAO,Outros,ACORDO HOMOLOGADO,,,1310
0800317-24.2023.8.19.0205,2023,TJRJ,Rio de Janeiro,PESSOA FÍSICA,LIGHT SERVIÇOS DE ELETRICIDADE,Energia,ACORDO HOMOLOGADO,,,2161
0800317-81.2022.8.19.0068,2022,TJRJ,Rio das Ostras,PESSOA FÍSICA,ASSURANT SEGURADORA,Seguros,ACORDO HOMOLOGADO,,,985
0800319-36.2024.8.20.5150,2024,TJRN,,PESSOA FÍSICA,TAM - LINHAS AÉREAS,Transporte aéreo,EXTINTO SEM MÉRITO,False,,2299
0800319-64.2022.8.10.0080,2022,TJMA,Cantanhede,PESSOA FÍSICA,BANCO BRADESCO,Banco e financeira,EXTINTO SEM MÉRITO,False,,14310
0800322-86.2019.8.10.0027,2019,TJMA,,PESSOA FÍSICA,,,IMPROCEDENTE,False,,13175
0800324-05.2021.8.19.0005,2021,TJRJ,Arraial do Cabo,PESSOA FÍSICA,BANCO BRADESCO FINANCIAMENTOS,Banco e financeira,IMPROCEDENTE,False,,3040
0800330-12.2021.8.19.0005,2021,TJRJ,Arraial do Cabo,PESSOA FÍSICA,AMPLA ENERGIA E SERVIÇOS,Energia,IMPROCEDENTE,False,,3184
0800331-21.2022.8.19.0212,2022,TJRJ,Niterói,PESSOA FÍSICA,AMPLA ENERGIA E SERVIÇOS,Energia,ACORDO HOMOLOGADO,,,5537
0800333-66.2021.8.19.0069,2021,TJRJ,Iguaba Grande,PESSOA FÍSICA,AMPLA ENERGIA E SERVIÇOS,Energia,EXTINTO SEM MÉRITO,False,,4141
0800334-18.2025.8.10.0148,2025,TJMA,Codó,PESSOA FÍSICA,ODONTOPREV S.A. E OUTROS,Plano de saúde,ACORDO HOMOLOGADO,,,2425
0800335-14.2022.8.20.5100,2022,TJRN,Assu,PESSOA FÍSICA,MM TURISMO & VIAGENS,Outros,PROCEDENTE,True,5000.0,15703
0800335-61.2022.8.19.0211,2022,TJRJ,,,,,ACORDO HOMOLOGADO,,,504
0800336-40.2022.8.19.0213,2022,TJRJ,,,,,ACORDO HOMOLOGADO,,,995
0800337-40.2020.8.10.0150,2020,TJMA,Pinheiro,PESSOA FÍSICA,BANCO CETELEM,Banco e financeira,EXTINTO SEM MÉRITO,False,,4025
0800339-57.2022.8.19.0063,2022,TJRJ,Três Rios,PESSOA FÍSICA,AMPLA ENERGIA E SERVIÇOS,Energia,ACORDO HOMOLOGADO,,,885
0800339-70.2024.8.19.0036,2024,TJRJ,Nilópolis,PESSOA FÍSICA,LIGHT SERVIÇOS DE ELETRICIDADE,Energia,ACORDO HOMOLOGADO,,,1203
0800340-76.2024.8.20.5161,2024,TJRN,Baraúna,PESSOA FÍSICA,BANCO BRADESCO,Banco e financeira,ACORDO HOMOLOGADO,,,2493
0800342-39.2022.8.19.0054,2022,TJRJ,São João de Meriti,PESSOA FÍSICA,GOL LINHAS AEREAS,Transporte aéreo,ACORDO HOMOLOGADO,,,1362
0800344-76.2020.8.10.0103,2020,TJMA,Olho D'água das Cunhãs,PESSOA FÍSICA,,,EXTINTO SEM MÉRITO,False,,5223
0800348-80.2018.8.15.0221,2018,TJPB,,PESSOA FÍSICA,BANCO ITAU CONSIGNADO,Banco e financeira,IMPROCEDENTE,False,,9383
0800348-83.2022.8.20.5109,2022,TJRN,Acari,PESSOA FÍSICA,ASSOCIAÇÃO BRASILEIRA DOS SERVIDORES PÚBLICOS - ABSP,Outros,PROCEDENTE,True,3000.0,10398
0800349-92.2025.8.10.0016,2025,TJMA,São Luís,PESSOA FÍSICA,AZUL LINHAS AEREAS BRASILEIRAS,Transporte aéreo,EXTINTO SEM MÉRITO,False,,2159
0800350-64.2022.8.19.0038,2022,TJRJ,Nova Iguaçu,PESSOA FÍSICA,UNIVERSO ONLINE,Outros,ACORDO HOMOLOGADO,,,2349
0800351-08.2024.8.20.5161,2024,TJRN,Baraúna,PESSOA FÍSICA,EAGLE SOCIEDADE DE CREDITO DIRETO,Banco e financeira,ACORDO HOMOLOGADO,,,3301
0800356-76.2018.8.10.0098,2018,TJMA,Matões,PESSOA FÍSICA,DEMANDADO: ADMINISTRADORA DE CONSORCIO HONDA,Outros,IMPROCEDENTE,False,,6983
0800356-78.2020.8.10.0010,2020,TJMA,,PESSOA FÍSICA,BANCO DAYCOVAL,Banco e financeira,EXTINTO SEM MÉRITO,False,,5233
0800358-69.2023.8.20.5117,2023,TJRN,Jardim do Seridó,PESSOA FÍSICA,APEC - SOCIEDADE POTIGUAR DE EDUCACAO E CULTURA,Outros,ACORDO HOMOLOGADO,,,2773
0800358-80.2021.8.19.0004,2021,TJRJ,São Gonçalo,PESSOA FÍSICA,AMPLA ENERGIA E SERVIÇOS,Energia,ACORDO HOMOLOGADO,,,911
0800359-81.2025.8.19.0018,2025,TJRJ,Conceição de Macabu,PESSOA FÍSICA,BANCO BRADESCO,Banco e financeira,ACORDO HOMOLOGADO,,,1123
0800359-87.2020.8.19.0008,2020,TJRJ,Belford Roxo,PESSOA FÍSICA,COMPANHIA ESTADUAL DE ÁGUAS E ESGOTAS - CEDAE,Saneamento,ACORDO HOMOLOGADO,,,866
0800360-35.2021.8.19.0203,2021,TJRJ,Rio de Janeiro,PESSOA FÍSICA,LIGHT SERVIÇOS DE ELETRICIDADE,Energia,PROCEDENTE,True,6000.0,4305
0800364-86.2021.8.19.0069,2021,TJRJ,Iguaba Grande,PESSOA FÍSICA,03.563.689/0002-31 DECOLAR,Outros,IMPROCEDENTE,False,,5799
0800365-30.2020.8.18.0103,2020,TJPI,Matias Olímpio,PESSOA FÍSICA,TELEMAR NORTE LESTE,Telecomunicações,ACORDO HOMOLOGADO,,,2216
0800365-96.2022.8.19.0017,2022,TJRJ,Casimiro de Abreu,PESSOA FÍSICA,ATIVOS S.A. SECURITIZADORA DE CREDITOS FINANCEIROS,Banco e financeira,EXTINTO SEM MÉRITO,False,,2930
0800367-58.2022.8.19.0052,2022,TJRJ,Araruama,PESSOA FÍSICA,AMPLA ENERGIA E SERVIÇOS,Energia,ACORDO HOMOLOGADO,,,764
0800367-72.2023.8.15.0751,2023,TJPB,Bayeux,PESSOA FÍSICA,MUNICIPIO DE BAYEUX,Poder público,EXTINTO SEM MÉRITO,False,10000.0,3130
0800368-20.2021.8.19.0071,2021,TJRJ,Porto Real e Quatis,PESSOA FÍSICA,SBF COMERCIO DE PRODUTOS ESPORTIVOS,Varejo e serviços,ACORDO HOMOLOGADO,,,2132
0800368-69.2020.8.20.5004,2020,TJRN,Natal,PESSOA FÍSICA,OI MOVEL,Telecomunicações,PARCIALMENTE PROCEDENTE,True,,7647
0800369-20.2020.8.19.0045,2020,TJRJ,Resende,PESSOA FÍSICA,AGUAS DAS AGULHAS NEGRAS,Saneamento,EXTINTO SEM MÉRITO,False,,3689
0800370-02.2023.8.10.0093,2023,TJMA,,PESSOA FÍSICA,BANCO BRADESCO SA E OUTROS,Banco e financeira,IMPROCEDENTE,False,,8298
0800372-29.2024.8.19.0014,2024,TJRJ,Campos dos Goytacazes,PESSOA FÍSICA,BARCELOS E CIA,Outros,ACORDO HOMOLOGADO,,,2294
0800372-64.2022.8.19.0025,2022,TJRJ,Itaocara,PESSOA FÍSICA,TIM CELULAR,Telecomunicações,IMPROCEDENTE,False,,2852
0800373-40.2021.8.19.0007,2021,TJRJ,Barra Mansa,PESSOA JURÍDICA,TELEFONICA BRASIL,Telecomunicações,ACORDO HOMOLOGADO,,,2050
0800377-61.2021.8.10.0061,2021,TJMA,Viana,PESSOA FÍSICA,BANCO BRADESCO,Banco e financeira,EXTINTO SEM MÉRITO,False,,6025
0800380-48.2017.8.10.0031,2017,TJMA,,PESSOA FÍSICA,,,PARCIALMENTE PROCEDENTE,True,2000.0,10186
0800381-40.2019.8.10.0103,2019,TJMA,Olho D'água das Cunhãs,PESSOA FÍSICA,,,EXTINTO SEM MÉRITO,False,,1257
0800384-56.2022.8.10.0081,2022,TJMA,Carolina,,,,ACORDO HOMOLOGADO,,,749
0800385-03.2021.8.19.0024,2021,TJRJ,Itaguaí,PESSOA FÍSICA,UNIVERSO ONLINE,Outros,ACORDO HOMOLOGADO,,,1047
0800387-45.2024.8.19.0063,2024,TJRJ,Três Rios,PESSOA FÍSICA,VOLTZ MOTORS DO BRASIL COMERCIO DE MOTOCICLETAS,Outros,PROCEDENTE,True,1000.0,4500
0800388-08.2025.8.19.0059,2025,TJRJ,Silva Jardim,PESSOA FÍSICA,AMPLA ENERGIA E SERVIÇOS,Energia,PARCIALMENTE PROCEDENTE,True,11000.0,4648
0800388-46.2022.8.18.0057,2022,TJPI,Jaicós,PESSOA FÍSICA,BANCO BMG,Banco e financeira,PARCIALMENTE PROCEDENTE,True,3000.0,8159
0800388-97.2018.8.10.0125,2018,TJMA,São João Batista,PESSOA FÍSICA,BANCO BRADESCO,Banco e financeira,EXTINTO SEM MÉRITO,False,,4151
0800390-14.2020.8.10.0023,2020,TJMA,,PESSOA FÍSICA,VRG LINHAS AEREAS,Transporte aéreo,IMPROCEDENTE,False,,2053
0800390-47.2020.8.10.0012,2020,TJMA,,,,,EXTINTO SEM MÉRITO,False,,1774
0800391-67.2018.8.10.0023,2018,TJMA,,PESSOA FÍSICA,COMPANHIA ENERGETICA DO MARANHÃO - CEMAR,Energia,EXTINTO SEM MÉRITO,False,,1849
0800393-62.2020.8.19.0008,2020,TJRJ,Belford Roxo,PESSOA FÍSICA,EMPRESA GONTIJO DE TRANSPORTES LIMITADA,Outros,ACORDO HOMOLOGADO,,,871
0800394-20.2022.8.19.0253,2022,TJRJ,,,,,ACORDO HOMOLOGADO,,,1267
0800395-65.2024.8.10.0065,2024,TJMA,Alto Parnaíba,PESSOA FÍSICA,,,ACORDO HOMOLOGADO,,,1431
0800398-25.2022.8.20.5137,2022,TJRN,Campo Grande,PESSOA FÍSICA,BANCO DO BRASIL,Banco e financeira,IMPROCEDENTE,False,,10621
0800398-31.2020.8.19.0058,2020,TJRJ,Saquarema,PESSOA FÍSICA,TAM LINHAS AEREAS,Transporte aéreo,ACORDO HOMOLOGADO,,,1207
0800405-02.2022.8.19.0010,2022,TJRJ,Bom Jesus de Itabapoana,PESSOA FÍSICA,AMPLA ENERGIA E SERVIÇOS,Energia,ACORDO HOMOLOGADO,,,1057
0800405-11.2025.8.20.5105,2025,TJRN,Macau,PESSOA FÍSICA,,,ACORDO HOMOLOGADO,,,2836
0800405-83.2020.8.19.0038,2020,TJRJ,Nova Iguaçu,PESSOA FÍSICA,CLARO,Telecomunicações,ACORDO HOMOLOGADO,,,1190
0800409-33.2022.8.19.0206,2022,TJRJ,Rio de Janeiro,PESSOA FÍSICA,TODOS EMPRENDIMENTOS,Outros,ACORDO HOMOLOGADO,,,2434
0800411-58.2021.8.19.0005,2021,TJRJ,Arraial do Cabo,PESSOA FÍSICA,SOCIEDADE DE ENSINO SUPERIOR ESTACIO DE,Ensino,IMPROCEDENTE,False,3000.0,4466
0800413-84.2017.8.20.5002,2017,TJRN,Natal,PESSOA FÍSICA,,,IMPROCEDENTE,False,34.0,3530
0800414-05.2022.8.19.0061,2022,TJRJ,Teresópolis,PESSOA FÍSICA,TELEMAR NORTE LESTE,Telecomunicações,IMPROCEDENTE,False,,2866
0800415-16.2020.8.19.0075,2020,TJRJ,Magé,PESSOA FÍSICA,AMPLA ENERGIA E SERVIÇOS,Energia,ACORDO HOMOLOGADO,,,884
0800416-74.2025.8.20.5126,2025,TJRN,Santa Cruz,PESSOA FÍSICA,,,IMPROCEDENTE,False,,10519
0800417-47.2022.8.10.0016,2022,TJMA,,,,,PROCEDENTE,True,3000.0,9034
0800417-73.2020.8.18.0152,2020,TJPI,Picos,PESSOA FÍSICA,AEROLINEAS ARGENTINAS,Transporte aéreo,IMPROCEDENTE,False,,19010
0800418-35.2021.8.19.0010,2021,TJRJ,Bom Jesus de Itabapoana,PESSOA FÍSICA,PAGSEGURO INTERNET,Outros,ACORDO HOMOLOGADO,,,823
0800419-59.2020.8.20.5108,2020,TJRN,Pau dos Ferros,PESSOA JURÍDICA,SOUZA CRUZ,Outros,ACORDO HOMOLOGADO,,,1145
0800421-02.2021.8.19.0006,2021,TJRJ,Barra do Piraí,PESSOA FÍSICA,LOJAS AMERICANAS,Varejo e serviços,ACORDO HOMOLOGADO,,,1667
0800421-33.2019.8.10.0067,2019,TJMA,Anajatuba,PESSOA FÍSICA,BANCO BRADESCO,Banco e financeira,IMPROCEDENTE,False,,12784
0800424-66.2019.8.18.0066,2019,TJPI,Pio Ix,PESSOA FÍSICA,BV FINANCEIRA SA CREDITO FINANCIAMENTO E INVESTIMENTO,Banco e financeira,PROCEDENTE,True,,12226
0800424-95.2024.8.18.0032,2024,TJPI,Picos,PESSOA FÍSICA,BANCO CETELEM,Banco e financeira,EXTINTO SEM MÉRITO,False,,10940
0800426-28.2021.8.19.0037,2021,TJRJ,Nova Friburgo,PESSOA FÍSICA,CLARO,Telecomunicações,ACORDO HOMOLOGADO,,,1940
0800427-09.2021.8.19.0006,2021,TJRJ,Barra do Piraí,PESSOA FÍSICA,LIGHT SERVIÇOS DE ELETRICIDADE,Energia,ACORDO HOMOLOGADO,,,1655
0800427-84.2021.8.19.0078,2021,TJRJ,Armação dos Búzios,PESSOA FÍSICA,TELEFONICA BRASIL,Telecomunicações,IMPROCEDENTE,False,,1984
0800428-45.2024.8.19.0052,2024,TJRJ,Araruama,PESSOA FÍSICA,SUMICITY TELECOMUNICACOES,Telecomunicações,ACORDO HOMOLOGADO,,,893
0800432-72.2021.8.19.0057,2021,TJRJ,Sapucaia,PESSOA FÍSICA,,,ACORDO HOMOLOGADO,,,1093
0800433-29.2021.8.10.0018,2021,TJMA,,PESSOA FÍSICA,CASA BAHIA COMERCIAL,Outros,IMPROCEDENTE,False,,3913
0800433-51.2024.8.10.0009,2024,TJMA,,,,,IMPROCEDENTE,False,,2108
0800435-42.2023.8.20.5129,2023,TJRN,São Gonçalo do Amarante,PESSOA FÍSICA,BEE TECNOLOGIA,Outros,IMPROCEDENTE,False,,16091
0800437-44.2021.8.19.0203,2021,TJRJ,Rio de Janeiro,PESSOA FÍSICA,CLARO,Telecomunicações,ACORDO HOMOLOGADO,,,2140
0800438-54.2023.8.10.0059,2023,TJMA,Ilha de São Luís,PESSOA FÍSICA,BANCO DO NORDESTE DO BRASIL,Banco e financeira,PROCEDENTE,True,,14474
0800439-39.2023.8.10.0059,2023,TJMA,,PESSOA FÍSICA,E. C. NOGUEIRA,Outros,PROCEDENTE,True,437.32,5695
0800439-52.2021.8.19.0061,2021,TJRJ,Teresópolis,PESSOA FÍSICA,AMIL ASSISTENCIA MEDICA INTERNACIONAL,Plano de saúde,IMPROCEDENTE,False,,3283
0800439-57.2023.8.15.0881,2023,TJPB,São Bento,PESSOA FÍSICA,BRAISCOMPANY SOLUCOES DIGITAIS E TREINAMENTOS,Outros,ACORDO HOMOLOGADO,,,6512
0800440-84.2018.8.10.0031,2018,TJMA,,PESSOA FÍSICA,,,IMPROCEDENTE,False,,8739
0800441-19.2024.8.10.0012,2024,TJMA,,PESSOA JURÍDICA,GARCIA PRODUCOES E EVENTOS,Outros,IMPROCEDENTE,False,,6660
0800443-42.2021.8.19.0206,2021,TJRJ,Rio de Janeiro,PESSOA FÍSICA,TELEFONICA BRASIL,Telecomunicações,ACORDO HOMOLOGADO,,,2438
0800443-71.2021.8.19.0067,2021,TJRJ,Queimados,PESSOA FÍSICA,99 TECNOLOGIA,Outros,ACORDO HOMOLOGADO,,,3096
0800444-20.2023.8.15.0351,2023,TJPB,Valor Sobre Eles de Forma Segura,PESSOA FÍSICA,BANCO BMG,Banco e financeira,IMPROCEDENTE,False,,8423
0800444-90.2020.8.19.0067,2020,TJRJ,Queimados,PESSOA FÍSICA,ITAU UNIBANCO HOLDING,Banco e financeira,ACORDO HOMOLOGADO,,,688
0800445-64.2019.8.10.0066,2019,TJMA,,PESSOA FÍSICA,BANCO ITAU CONSIGNADO,Banco e financeira,IMPROCEDENTE,False,,10174
0800447-38.2020.8.19.0037,2020,TJRJ,Nova Friburgo,PESSOA FÍSICA,AMPLA ENERGIA E SERVIÇOS,Energia,ACORDO HOMOLOGADO,,,1936
0800447-57.2020.8.10.0047,2020,TJMA,Imperatriz,PESSOA FÍSICA,,,PARCIALMENTE PROCEDENTE,True,,14534
0800447-86.2025.8.20.5161,2025,TJRN,Baraúna,PESSOA FÍSICA,,,EXTINTO SEM MÉRITO,False,,2596
0800449-49.2019.8.10.0148,2019,TJMA,Codó,PESSOA FÍSICA,BANCO BRADESCO,Banco e financeira,EXTINTO SEM MÉRITO,False,,4745
0800451-33.2022.8.10.0077,2022,TJMA,Buriti,PESSOA FÍSICA,EQUATORIAL MARANHÃO DISTRIBUIDORA DE ENERGIA,Energia,PARCIALMENTE PROCEDENTE,True,1200.0,8797
0800451-76.2020.8.10.0053,2020,TJMA,Porto Franco,PESSOA FÍSICA,,,IMPROCEDENTE,False,,3303
0800452-42.2020.8.10.0027,2020,TJMA,Barra do Corda,PESSOA FÍSICA,ADMINISTRADORA DE CONSÓRCIO NACIONAL HONDA,Outros,EXTINTO SEM MÉRITO,False,,1121
0800454-02.2018.8.10.0053,2018,TJMA,,,,,ACORDO HOMOLOGADO,,,1246
0800455-04.2023.8.10.0120,2023,TJMA,São Bento,PESSOA FÍSICA,BANCO DO BRASIL,Banco e financeira,ACORDO HOMOLOGADO,,,3968
0800455-57.2020.8.10.0007,2020,TJMA,São José de Ribamar,PESSOA FÍSICA,AYMORE CREDITO,Banco e financeira,EXTINTO SEM MÉRITO,False,,3728
0800457-50.2024.8.10.0148,2024,TJMA,Codó,PESSOA FÍSICA,ODONTOPREV,Plano de saúde,EXTINTO SEM MÉRITO,False,,3147
0800457-81.2023.8.10.0149,2023,TJMA,,,,,EXTINTO SEM MÉRITO,False,,3574
0800458-45.2022.8.19.0054,2022,TJRJ,São João de Meriti,PESSOA FÍSICA,UNILEVER BRASIL,Outros,ACORDO HOMOLOGADO,,,1334
0800460-32.2022.8.19.0210,2022,TJRJ,Rio de Janeiro,PESSOA FÍSICA,BANCO MASTER,Banco e financeira,ACORDO HOMOLOGADO,,,698
0800465-78.2020.8.19.0063,2020,TJRJ,Três Rios,PESSOA FÍSICA,CONFECCOES EDILORENA,Outros,ACORDO HOMOLOGADO,,,930
0800468-80.2022.8.19.0251,2022,TJRJ,Rio de Janeiro,PESSOA FÍSICA,SUL AMERICA SEGUROS DE PESSOAS E PREVIDENCIA,Seguros,ACORDO HOMOLOGADO,,,2215
0800469-25.2019.8.10.0153,2019,TJMA,Ilha de São Luís,,,,IMPROCEDENTE,False,898.0,11928
0800473-47.2022.8.10.0027,2022,TJMA,Barra do Corda,PESSOA FÍSICA,CIRO NOGUEIRA COMERCIO DE MOTOCICLETAS,Outros,PROCEDENTE,True,3500.0,4596
0800476-48.2021.8.19.0039,2021,TJRJ,Paracambi,PESSOA FÍSICA,,,ACORDO HOMOLOGADO,,,786
0800476-73.2024.8.20.5161,2024,TJRN,Baraúna,PESSOA FÍSICA,PAULISTA - SERVICOS DE RECEBIMENTOS E PAGAMENTOS LTDA E OUTROS,Outros,PROCEDENTE,True,5000.0,8807
0800477-76.2024.8.19.0023,2024,TJRJ,Itaboraí,PESSOA FÍSICA,,,ACORDO HOMOLOGADO,,,1873
0800478-12.2020.8.14.0065,2020,TJPA,Xinguara,,,,IMPROCEDENTE,False,,12364
0800478-76.2023.8.20.5129,2023,TJRN,São Gonçalo do Amarante,PESSOA FÍSICA,DIRCE APARECIDA DE AQUINO ALBINO,Outros,PROCEDENTE,True,,3551
0800479-39.2021.8.14.0072,2021,TJPA,,PESSOA FÍSICA,EQUATORIAL PARA DISTRIBUIDORA DE ENERGIA S.A - CNPJ: 04.895.728/0001-80,Energia,ACORDO HOMOLOGADO,,,3580
0800480-33.2022.8.19.0045,2022,TJRJ,Resende,PESSOA FÍSICA,,,EXTINTO SEM MÉRITO,False,,2078
0800482-22.2021.8.10.0131,2021,TJMA,Senador La Rocque,PESSOA FÍSICA,BANCO BRADESCO FINANCIAMENTOS,Banco e financeira,IMPROCEDENTE,False,,9955
0800482-66.2024.8.20.5004,2024,TJRN,Natal,PESSOA FÍSICA,SER EDUCACIONAL,Ensino,PROCEDENTE,True,,5835
0800483-48.2022.8.19.0025,2022,TJRJ,Itaocara,PESSOA FÍSICA,AMPLA ENERGIA E SERVIÇOS,Energia,PROCEDENTE,True,2000.0,4086
0800483-90.2022.8.19.0011,2022,TJRJ,Cabo Frio,PESSOA FÍSICA,AMPLA ENERGIA E SERVIÇOS,Energia,ACORDO HOMOLOGADO,,,594
0800485-06.2023.8.10.0131,2023,TJMA,Senador La Rocque,PESSOA JURÍDICA,BANCO BRADESCO,Banco e financeira,IMPROCEDENTE,False,,9791
0800485-15.2020.8.10.0065,2020,TJMA,,PESSOA FÍSICA,BANCO BMG,Banco e financeira,IMPROCEDENTE,False,,7497
0800486-41.2022.8.19.0077,2022,TJRJ,Seropédica,PESSOA FÍSICA,TELEMAR NORTE LESTE,Telecomunicações,ACORDO HOMOLOGADO,,,1647
0800489-14.2022.8.10.0152,2022,TJMA,,,,,IMPROCEDENTE,False,9000.0,5734
0800490-90.2024.8.19.0212,2024,TJRJ,Niterói,PESSOA FÍSICA,AMPLA ENERGIA E SERVIÇOS,Energia,ACORDO HOMOLOGADO,,,5547
0800492-71.2018.8.10.0131,2018,TJMA,Senador La Rocque,PESSOA FÍSICA,BANCO BRADESCO,Banco e financeira,PROCEDENTE,True,,14783
0800494-28.2025.8.10.0153,2025,TJMA,Ilha de São Luís,PESSOA FÍSICA,TAM LINHAS AEREAS,Transporte aéreo,PROCEDENTE,True,2000.0,5888
0800494-78.2022.8.19.0057,2022,TJRJ,Sapucaia,PESSOA FÍSICA,LIGHT SERVIÇOS DE ELETRICIDADE,Energia,ACORDO HOMOLOGADO,,,1082
0800496-39.2022.8.19.0254,2022,TJRJ,Rio de Janeiro,PESSOA FÍSICA,CINEPOLIS OPERADORA DE CINEMAS DO BRASIL,Outros,ACORDO HOMOLOGADO,,,1294
0800497-28.2024.8.19.0036,2024,TJRJ,Nilópolis,PESSOA FÍSICA,LIGHT SERVIÇOS DE ELETRICIDADE,Energia,ACORDO HOMOLOGADO,,,1189
0800499-52.2024.8.19.0212,2024,TJRJ,Niterói,PESSOA FÍSICA,REUNIDOS COMERCIO DE ALIMENTOS,Outros,ACORDO HOMOLOGADO,,,5625
0800499-60.2024.8.20.5115,2024,TJRN,Caraúbas,PESSOA FÍSICA,,,PARCIALMENTE PROCEDENTE,True,5000.0,7387
0800500-79.2021.8.10.0119,2021,TJMA,Santo Antonio dos Lopes,PESSOA FÍSICA,BANCO VOTORANTIM,Banco e financeira,EXTINTO SEM MÉRITO,False,,2707
0800503-03.2025.8.20.5135,2025,TJRN,Almino Afonso,,,,ACORDO HOMOLOGADO,,,3115
0800503-70.2021.8.10.0010,2021,TJMA,,,,,EXTINTO SEM MÉRITO,False,,2808
0800506-79.2021.8.19.0202,2021,TJRJ,Rio de Janeiro,PESSOA FÍSICA,OI MOVEL,Telecomunicações,ACORDO HOMOLOGADO,,,1136
0800506-96.2023.8.19.0206,2023,TJRJ,Rio de Janeiro,PESSOA FÍSICA,LIGHT SERVIÇOS DE ELETRICIDADE,Energia,ACORDO HOMOLOGADO,,,2508
0800508-15.2020.8.19.0063,2020,TJRJ,Três Rios,PESSOA FÍSICA,VIA VAREJO,Varejo e serviços,ACORDO HOMOLOGADO,,,1348
0800508-85.2019.8.18.0060,2019,TJPI,Luzilândia,PESSOA FÍSICA,BANCO ITAU BMG CONSIGNADO,Banco e financeira,IMPROCEDENTE,False,,12169
0800509-17.2022.8.19.0067,2022,TJRJ,Queimados,PESSOA FÍSICA,CREDZ ADMINISTRADORA DE CARTOES,Outros,ACORDO HOMOLOGADO,,,3114
0800509-58.2019.8.10.0136,2019,TJMA,Turiaçu,PESSOA FÍSICA,BANCO DO ESTADO DO RIO GRANDE DO SUL,Banco e financeira,IMPROCEDENTE,False,,20929
0800511-47.2021.8.10.0107,2021,TJMA,Pastos Bons,PESSOA FÍSICA,,,PARCIALMENTE PROCEDENTE,True,,11346
0800511-73.2020.8.19.0061,2020,TJRJ,,,,,IMPROCEDENTE,False,,5787
0800512-18.2024.8.20.5161,2024,TJRN,Baraúna,PESSOA FÍSICA,EAGLE SOCIEDADE DE CREDITO DIRETO,Banco e financeira,ACORDO HOMOLOGADO,,,5055
0800513-54.2023.8.20.5123,2023,TJRN,Parelhas,,,,IMPROCEDENTE,False,4330.5,13339
0800517-08.2021.8.19.0203,2021,TJRJ,Rio de Janeiro,PESSOA FÍSICA,DROGARIAS PACHECO,Outros,ACORDO HOMOLOGADO,,,2166
0800521-07.2023.8.20.5131,2023,TJRN,São Miguel,PESSOA FÍSICA,COMPANHIA ENERGÉTICA DO RIO GRANDE DO NORTE - COSERN,Energia,ACORDO HOMOLOGADO,,,2387
0800521-21.2022.8.19.0038,2022,TJRJ,Nova Iguaçu,PESSOA FÍSICA,TIM CELULAR,Telecomunicações,ACORDO HOMOLOGADO,,,2347
0800521-24.2025.8.20.5135,2025,TJRN,Almino Afonso,PESSOA FÍSICA,BANCO BRADESCO,Banco e financeira,PROCEDENTE,True,2000.0,7473
0800523-71.2022.8.19.0076,2022,TJRJ,São José do Vale do Rio Preto,PESSOA FÍSICA,CASA & VIDEO RIO DE JANEIRO,Outros,IMPROCEDENTE,False,,5392
0800523-93.2024.8.19.0046,2024,TJRJ,Rio Bonito,PESSOA FÍSICA,RÉU: AMPLA ENERGIA E SERVIÇOS,Energia,ACORDO HOMOLOGADO,,,3061
0800527-95.2024.8.20.5125,2024,TJRN,Patu,PESSOA FÍSICA,,,ACORDO HOMOLOGADO,,,1560
0800531-45.2022.8.19.0077,2022,TJRJ,Seropédica,PESSOA FÍSICA,TELEMAR NORTE LESTE,Telecomunicações,ACORDO HOMOLOGADO,,,1641
0800531-98.2018.8.10.0024,2018,TJMA,Bacabal,PESSOA FÍSICA,EQUATORIAL MARANHÃO DISTRIBUIDORA DE ENERGIA,Energia,IMPROCEDENTE,False,,7603
0800532-25.2020.8.10.0053,2020,TJMA,Porto Franco,PESSOA FÍSICA,,,PROCEDENTE,True,2000.0,7270
0800534-03.2023.8.15.0521,2023,TJPB,,PESSOA FÍSICA,INSTITUTO DE PREVIDENCIA DE PARAIBA DO SUL,Outros,PARCIALMENTE PROCEDENTE,True,,9150
0800535-20.2017.8.10.0009,2017,TJMA,Ilha de São Luís,PESSOA JURÍDICA,,,EXTINTO SEM MÉRITO,False,,4299
0800535-69.2023.8.10.0151,2023,TJMA,Santa Inês,PESSOA FÍSICA,,,PARCIALMENTE PROCEDENTE,True,2375.0,5812
0800537-05.2024.8.10.0151,2024,TJMA,Santa Inês,PESSOA FÍSICA,BANCO BRADESCO,Banco e financeira,IMPROCEDENTE,False,,9619
0800538-64.2022.8.20.5103,2022,TJRN,Currais Novos,PESSOA FÍSICA,,,ACORDO HOMOLOGADO,,,1750
0800539-45.2019.8.10.0152,2019,TJMA,,,,,PARCIALMENTE PROCEDENTE,True,,8751
0800542-76.2022.8.19.0044,2022,TJRJ,Porciúncula,PESSOA FÍSICA,AMPLA ENERGIA E SERVIÇOS,Energia,ACORDO HOMOLOGADO,,,1416
0800543-94.2024.8.19.0075,2024,TJRJ,Magé,PESSOA FÍSICA,SONO SHOW COLCHOES E MOVEIS PIABETA,Outros,ACORDO HOMOLOGADO,,,948
0800544-14.2021.8.10.0050,2021,TJMA,Ilha de São Luís,PESSOA FÍSICA,EMPRESA VIVO,Telecomunicações,PROCEDENTE,True,3000.0,8998
0800545-09.2022.8.19.0213,2022,TJRJ,,,,,ACORDO HOMOLOGADO,,,280
0800546-37.2019.8.20.5106,2019,TJRN,Mossoró,,,,IMPROCEDENTE,False,,7097
0800547-98.2021.8.19.0023,2021,TJRJ,Itaboraí,,,,ACORDO HOMOLOGADO,,,1076
0800550-69.2020.8.10.0110,2020,TJMA,Penalva,,,,IMPROCEDENTE,False,,3872
0800550-98.2021.8.19.0202,2021,TJRJ,Rio de Janeiro,PESSOA FÍSICA,LIGHT SERVIÇOS DE ELETRICIDADE,Energia,ACORDO HOMOLOGADO,,,1089
0800557-56.2020.8.19.0063,2020,TJRJ,Três Rios,PESSOA FÍSICA,LIGHT SERVIÇOS DE ELETRICIDADE,Energia,ACORDO HOMOLOGADO,,,1280
0800558-78.2021.8.19.0007,2021,TJRJ,Barra Mansa,PESSOA FÍSICA,BANCO ITAU CONSIGNADO,Banco e financeira,ACORDO HOMOLOGADO,,,2041
0800560-14.2021.8.19.0083,2021,TJRJ,Japeri,PESSOA FÍSICA,LIGHT SERVIÇOS DE ELETRICIDADE,Energia,ACORDO HOMOLOGADO,,,1186
0800560-21.2021.8.15.0731,2021,TJPB,,PESSOA FÍSICA,,,EXTINTO SEM MÉRITO,False,,5689
0800562-41.2023.8.19.0203,2023,TJRJ,Rio de Janeiro,PESSOA FÍSICA,LIGHT SERVIÇOS DE ELETRICIDADE,Energia,ACORDO HOMOLOGADO,,,1394
0800564-72.2023.8.10.0102,2023,TJMA,Montes Altos,PESSOA FÍSICA,BANCO OLÉ BONSUCESSO CONSIGNADO,Banco e financeira,ACORDO HOMOLOGADO,,,2067
0800566-25.2021.8.10.0098,2021,TJMA,Matões,PESSOA FÍSICA,,,EXTINTO SEM MÉRITO,False,,10671
0800569-22.2021.8.19.0003,2021,TJRJ,Angra dos Reis,PESSOA FÍSICA,NET SERVICOS DE COMUNICACAO,Telecomunicações,ACORDO HOMOLOGADO,,,819
0800569-90.2020.8.19.0024,2020,TJRJ,Itaguaí,PESSOA FÍSICA,LOJAS AMERICANAS,Varejo e serviços,ACORDO HOMOLOGADO,,,866
0800570-83.2021.8.19.0204,2021,TJRJ,,,,,ACORDO HOMOLOGADO,,,137
0800571-39.2024.8.10.0099,2024,TJMA,Mirador,PESSOA FÍSICA,BANCO BRADESCO,Banco e financeira,ACORDO HOMOLOGADO,,,4907
0800572-86.2021.8.20.5131,2021,TJRN,São Miguel,PESSOA FÍSICA,BANCO C6 CONSIGNADO,Banco e financeira,EXTINTO SEM MÉRITO,False,,1589
0800573-21.2024.8.19.0208,2024,TJRJ,Rio de Janeiro,PESSOA FÍSICA,SOCIEDAADE DE ENSINO SUPERIOR ESTACIO DE,Ensino,ACORDO HOMOLOGADO,,,2172
0800573-61.2021.8.19.0067,2021,TJRJ,Queimados,PESSOA FÍSICA,,,ACORDO HOMOLOGADO,,,3047
0800573-65.2022.8.10.0103,2022,TJMA,Olho D'água das Cunhãs,PESSOA FÍSICA,BANCO DO BRASIL,Banco e financeira,IMPROCEDENTE,False,,17150
0800574-52.2021.8.18.0171,2021,TJPI,São João do Piauí,PESSOA FÍSICA,VIACAO TRANSPIAUI SAO RAIMUNDENSE,Outros,PARCIALMENTE PROCEDENTE,True,2500.0,9781
0800576-65.2021.8.19.0083,2021,TJRJ,Japeri,PESSOA FÍSICA,LIGHT SERVIÇOS DE ELETRICIDADE,Energia,ACORDO HOMOLOGADO,,,821
0800577-31.2021.8.10.0138,2021,TJMA,Urbano Santos,PESSOA FÍSICA,,,ACORDO HOMOLOGADO,,,1641
0800578-54.2023.8.19.0054,2023,TJRJ,São João de Meriti,PESSOA FÍSICA,DROGARIAS PACHECO,Outros,ACORDO HOMOLOGADO,,,1187
0800578-90.2025.8.10.0068,2025,TJMA,Arame,PESSOA FÍSICA,BOOKING.COM BRASIL SERVICOS DE RESERVA DE HOTEIS,Outros,PARCIALMENTE PROCEDENTE,True,3000.0,24682
0800580-20.2021.8.19.0078,2021,TJRJ,Armação dos Búzios,PESSOA FÍSICA,AMPLA ENERGIA E SERVIÇOS,Energia,EXTINTO SEM MÉRITO,False,,1880
0800581-11.2023.8.19.0021,2023,TJRJ,,,,,ACORDO HOMOLOGADO,,,416
0800583-32.2020.8.19.0038,2020,TJRJ,Nova Iguaçu,PESSOA FÍSICA,LIGHT SERVIÇOS DE ELETRICIDADE,Energia,ACORDO HOMOLOGADO,,,2532
0800585-15.2022.8.20.5143,2022,TJRN,Marcelino Vieira,PESSOA FÍSICA,AMERICAN LIFE COMPANHIA DE SEGUROS,Seguros,ACORDO HOMOLOGADO,,,2225
0800585-42.2021.8.19.0078,2021,TJRJ,Armação dos Búzios,PESSOA JURÍDICA,AMPLA ENERGIA E SERVIÇOS,Energia,EXTINTO SEM MÉRITO,False,,1713
0800585-42.2023.8.10.0007,2023,TJMA,Ilha de São Luís,PESSOA FÍSICA,J. E. C. MACIEL SERVICOS LTDA (MUNIZ VEÍCULOS),Outros,EXTINTO SEM MÉRITO,False,,4640
0800586-88.2020.8.10.0150,2020,TJMA,Pinheiro,PESSOA FÍSICA,BANCO BRADESCO SA E OUTROS,Banco e financeira,PROCEDENTE,True,330.24,12545
0800586-92.2021.8.10.0008,2021,TJMA,,PESSOA FÍSICA,,,IMPROCEDENTE,False,,8078
0800587-25.2021.8.19.0203,2021,TJRJ,Rio de Janeiro,PESSOA FÍSICA,,,ACORDO HOMOLOGADO,,,1397
0800588-24.2021.8.10.0053,2021,TJMA,,PESSOA FÍSICA,BANCO BRADESCO FINANCIAMENTOS,Banco e financeira,EXTINTO SEM MÉRITO,False,,863
0800588-62.2021.8.10.0008,2021,TJMA,,PESSOA FÍSICA,EDESTINOS.COM.BR AGENCIA DE VIAGENS E TURISMO LTDA E,Outros,EXTINTO SEM MÉRITO,False,565.47,4433
0800588-94.2021.8.19.0078,2021,TJRJ,Armação dos Búzios,PESSOA FÍSICA,OI MOVEL,Telecomunicações,PARCIALMENTE PROCEDENTE,True,2000.0,3639
0800589-83.2021.8.19.0206,2021,TJRJ,Rio de Janeiro,PESSOA FÍSICA,BANCO BRADESCARD,Banco e financeira,ACORDO HOMOLOGADO,,,2327
0800590-15.2020.8.10.0025,2020,TJMA,Bacabal,,,,PARCIALMENTE PROCEDENTE,True,515.6,6904
0800590-22.2020.8.14.0019,2020,TJPA,,,,,EXTINTO SEM MÉRITO,False,,3695
0800591-42.2022.8.15.0881,2022,TJPB,São Bento,PESSOA FÍSICA,BANCO BRADESCO,Banco e financeira,ACORDO HOMOLOGADO,,,1704
0800592-04.2022.8.19.0206,2022,TJRJ,Rio de Janeiro,PESSOA FÍSICA,ATIVOS S.A. SECURITIZADORA DE CREDITOS FINANCEIROS,Banco e financeira,ACORDO HOMOLOGADO,,,2230
0800592-86.2022.8.19.0017,2022,TJRJ,Casimiro de Abreu,PESSOA FÍSICA,AMPLA ENERGIA E SERVIÇOS,Energia,PROCEDENTE,True,5000.0,8062
0800594-06.2022.8.10.0050,2022,TJMA,Ilha de São Luís,PESSOA FÍSICA,BANCO DO BRASIL,Banco e financeira,IMPROCEDENTE,False,3000.0,14977
0800594-42.2022.8.10.0038,2022,TJMA,Barra do Corda,PESSOA FÍSICA,BANCO PAN,Banco e financeira,PROCEDENTE,True,1000.0,9932
0800595-46.2020.8.19.0038,2020,TJRJ,Nova Iguaçu,PESSOA FÍSICA,TELEMAR NORTE LESTE,Telecomunicações,ACORDO HOMOLOGADO,,,2526
0800596-37.2024.8.18.0129,2024,TJPI,Bom Jesus,PESSOA FÍSICA,,,PROCEDENTE,True,1000.0,5461
0800597-55.2021.8.10.0127,2021,TJMA,São Luís Gonzaga do Maranhão,PESSOA FÍSICA,BANCO BRADESCO,Banco e financeira,PROCEDENTE,True,67.34,9574
0800605-09.2019.8.10.0125,2019,TJMA,São João Batista,PESSOA FÍSICA,,,PROCEDENTE,True,,1312
0800607-68.2021.8.19.0024,2021,TJRJ,Itaguaí,,,,ACORDO HOMOLOGADO,,,815
0800609-56.2021.8.19.0212,2021,TJRJ,Niterói,PESSOA FÍSICA,BANCO BRADESCO,Banco e financeira,ACORDO HOMOLOGADO,,,5542
0800610-85.2020.8.10.0031,2020,TJMA,,PESSOA FÍSICA,,,EXTINTO SEM MÉRITO,False,,1977
0800612-53.2022.8.10.0009,2022,TJMA,,,,,IMPROCEDENTE,False,,3364
0800614-33.2021.8.10.0114,2021,TJMA,Riachão,PESSOA FÍSICA,BANCO BRADESCO,Banco e financeira,ACORDO HOMOLOGADO,,,2143
0800615-52.2022.8.19.0075,2022,TJRJ,Magé,PESSOA FÍSICA,AMPLA ENERGIA E SERVIÇOS,Energia,ACORDO HOMOLOGADO,,,929
0800615-65.2025.8.10.0150,2025,TJMA,Pinheiro,PESSOA FÍSICA,,,EXTINTO SEM MÉRITO,False,,6494
0800616-88.2018.8.10.0152,2018,TJMA,,,,,PROCEDENTE,True,312.0,5993
0800617-49.2021.8.19.0045,2021,TJRJ,Resende,PESSOA FÍSICA,GOL LINHAS AEREAS,Transporte aéreo,IMPROCEDENTE,False,,7853
0800618-07.2022.8.10.0059,2022,TJMA,Ilha de São Luís,PESSOA FÍSICA,BANCO DO BRASIL S/A E OUTROS,Banco e financeira,IMPROCEDENTE,False,,4895
0800620-41.2023.8.19.0204,2023,TJRJ,,,,,ACORDO HOMOLOGADO,,,837
0800627-95.2019.8.10.0148,2019,TJMA,Codó,PESSOA FÍSICA,BANCO IATU BMG ADVOGADO DO(A) RÉU: FABIO FRASATO CAIRES - SP124809,Banco e financeira,,,,5529
0800629-16.2022.8.10.0001,2022,TJMA,São Luís,PESSOA FÍSICA,BANCO DAYCOVAL,Banco e financeira,EXTINTO SEM MÉRITO,False,,2759
0800629-71.2022.8.10.0112,2022,TJMA,,PESSOA FÍSICA,ITAIM COMERCIO DE MOTOCICLETAS,Outros,IMPROCEDENTE,False,,6876
0800633-10.2021.8.19.0075,2021,TJRJ,Magé,PESSOA FÍSICA,GLOBAL DISTRIBUICAO DE BENS DE CONSUMO,Outros,ACORDO HOMOLOGADO,,,778
0800634-79.2022.8.10.0149,2022,TJMA,,,,,EXTINTO SEM MÉRITO,False,,3730
0800636-47.2025.8.10.0148,2025,TJMA,Codó,PESSOA FÍSICA,UNIVERSO ASSOCIACAO DOS APOSENTADOS E PENSIONISTAS DOS REGIMES GERAL DA PREVIDENCIA SOCIAL,Outros,PARCIALMENTE PROCEDENTE,True,,25690
0800638-23.2021.8.20.5113,2021,TJRN,Areia Branca,PESSOA FÍSICA,VAREJISTA BOM PRECO,Outros,IMPROCEDENTE,False,,7455
0800639-56.2022.8.19.0083,2022,TJRJ,Japeri,PESSOA FÍSICA,VIA VAREJO,Varejo e serviços,ACORDO HOMOLOGADO,,,1172
0800639-60.2022.8.10.0001,2022,TJMA,,PESSOA FÍSICA,BANCO PAN,Banco e financeira,EXTINTO SEM MÉRITO,False,1000.0,3606
0800641-71.2022.8.10.0149,2022,TJMA,,,,,IMPROCEDENTE,False,,3417
0800644-09.2019.8.10.0027,2019,TJMA,,PESSOA FÍSICA,,,IMPROCEDENTE,False,,13158
0800645-07.2021.8.15.0731,2021,TJPB,Cabedelo,PESSOA FÍSICA,JHONNATHAN PAULINO CRUZ COMERCIO DE MOVEIS E SERVICOS,Outros,ACORDO HOMOLOGADO,,,3118
0800645-94.2020.8.19.0063,2020,TJRJ,Três Rios,PESSOA FÍSICA,LIGHT SERVIÇOS DE ELETRICIDADE,Energia,ACORDO HOMOLOGADO,,,1084
0800649-22.2020.8.19.0067,2020,TJRJ,Queimados,PESSOA FÍSICA,B2W COMPANHIA DIGITAL,Outros,ACORDO HOMOLOGADO,,,918
0800651-11.2021.8.19.0017,2021,TJRJ,Casimiro de Abreu,PESSOA FÍSICA,,,IMPROCEDENTE,False,,2383
0800651-21.2022.8.19.0067,2022,TJRJ,Queimados,PESSOA FÍSICA,CLARO,Telecomunicações,ACORDO HOMOLOGADO,,,3084
0800653-86.2019.8.18.0143,2019,TJPI,Piracuruca,PESSOA FÍSICA,,,IMPROCEDENTE,False,,7928
0800653-87.2021.8.19.0014,2021,TJRJ,Campos dos Goytacazes,PESSOA FÍSICA,NATURA COSMETICOS,Outros,ACORDO HOMOLOGADO,,,1080
0800656-09.2022.8.10.0127,2022,TJMA,São Luís Gonzaga do Maranhão,PESSOA FÍSICA,MONGERAL AEGON SEGUROS E PREVIDENCIA,Seguros,IMPROCEDENTE,False,,4309
0800658-95.2020.8.10.0014,2020,TJMA,,PESSOA FÍSICA,,,PROCEDENTE,True,2000.0,5400
0800661-14.2024.8.20.5161,2024,TJRN,Baraúna,,,,ACORDO HOMOLOGADO,,,1900
0800661-60.2022.8.19.0004,2022,TJRJ,São Gonçalo,PESSOA FÍSICA,AMPLA ENERGIA E SERVIÇOS,Energia,ACORDO HOMOLOGADO,,,1316
0800664-83.2021.8.10.0009,2021,TJMA,,,,,PROCEDENTE,True,5000.0,6484
0800665-61.2018.8.10.0207,2018,TJMA,São Domingos do Maranhão,PESSOA FÍSICA,MUNICIPIO DE GOVERNADOR LUIZ ROCHA,Poder público,,,,1636
0800669-11.2024.8.10.0071,2024,TJMA,Bacuri,PESSOA FÍSICA,MERCADOLIVRE.COM ATIVIDADES DE INTERNET,Varejo e serviços,ACORDO HOMOLOGADO,,,5950
0800669-81.2018.8.10.0148,2018,TJMA,Codó,PESSOA FÍSICA,,,IMPROCEDENTE,False,,2615
0800670-13.2021.8.19.0083,2021,TJRJ,Japeri,PESSOA FÍSICA,VIA VAREJO,Varejo e serviços,ACORDO HOMOLOGADO,,,774
0800673-67.2020.8.10.0013,2020,TJMA,,PESSOA FÍSICA,TELEFONICA BRASIL,Telecomunicações,IMPROCEDENTE,False,,5324
0800678-53.2024.8.10.0012,2024,TJMA,,PESSOA FÍSICA,123 MILHAS DEL REY VIAGENS E TURISMO,Outros,EXTINTO SEM MÉRITO,False,,2263
0800678-67.2021.8.15.2001,2021,TJPB,,PESSOA FÍSICA,CONDOMINIO DO EDIFICIO PANORAMICO,Outros,ACORDO HOMOLOGADO,,,1108
0800680-34.2021.8.10.0010,2021,TJMA,,PESSOA FÍSICA,,,IMPROCEDENTE,False,,2650
0800680-59.2020.8.19.0029,2020,TJRJ,Magé,PESSOA FÍSICA,SKY BRASIL SERVICOS,Telecomunicações,ACORDO HOMOLOGADO,,,1889
0800680-80.2022.8.10.0048,2022,TJMA,Itapecuru Mirim,PESSOA FÍSICA,,,IMPROCEDENTE,False,,11068
0800682-78.2020.8.19.0045,2020,TJRJ,Resende,PESSOA FÍSICA,MERCADOLIVRE.COM ATIVIDADES DE INTERNET,Varejo e serviços,,,1000.0,6988
0800684-04.2022.8.19.0037,2022,TJRJ,Nova Friburgo,PESSOA FÍSICA,CLARO,Telecomunicações,ACORDO HOMOLOGADO,,,1925
0800684-84.2024.8.19.0020,2024,TJRJ,Duas Barras,PESSOA FÍSICA,AGUAS DO RIO 1 SPE,Saneamento,PARCIALMENTE PROCEDENTE,True,3000.0,8115
0800687-41.2025.8.15.0141,2025,TJPB,,PESSOA FÍSICA,,,IMPROCEDENTE,False,,7516
0800688-48.2021.8.18.0055,2021,TJPI,Itainópolis,PESSOA FÍSICA,BANCO BRADESCO,Banco e financeira,PARCIALMENTE PROCEDENTE,True,2000.0,26567
0800688-51.2017.8.14.0006,2017,TJPA,,PESSOA FÍSICA,PROJETO IMOBILIARIO VIVER CASTANHEIRA SPE 85,Outros,PARCIALMENTE PROCEDENTE,True,,5094
0800691-93.2022.8.19.0037,2022,TJRJ,Nova Friburgo,PESSOA FÍSICA,BANCO BRADESCO FINANCIAMENTO,Banco e financeira,ACORDO HOMOLOGADO,,,1949
0800695-56.2021.8.19.0073,2021,TJRJ,Guapimirim,PESSOA FÍSICA,TELEMAR NORTE LESTE,Telecomunicações,ACORDO HOMOLOGADO,,,1400
0800696-08.2023.8.20.5161,2023,TJRN,Baraúna,PESSOA FÍSICA,BANCO BRADESCO PROMOTORA,Banco e financeira,ACORDO HOMOLOGADO,,,2673
0800696-79.2019.8.10.0067,2019,TJMA,Serem Desarquivados Em Caso de Requerimento,PESSOA FÍSICA,BV FINANCEIRA,Banco e financeira,IMPROCEDENTE,False,,4727
0800697-87.2019.8.10.0027,2019,TJMA,,PESSOA FÍSICA,,,IMPROCEDENTE,False,,13177
0800699-14.2021.8.14.0015,2021,TJPA,Castanhal,PESSOA FÍSICA,,,EXTINTO SEM MÉRITO,False,,2888
0800700-66.2022.8.19.0001,2022,TJRJ,,,,,ACORDO HOMOLOGADO,,,72
0800701-82.2022.8.19.0023,2022,TJRJ,Itaboraí,PESSOA FÍSICA,ZURICH MINAS BRASIL SEGUROS,Seguros,ACORDO HOMOLOGADO,,,1361
0800702-19.2022.8.19.0039,2022,TJRJ,Paracambi,PESSOA FÍSICA,,,ACORDO HOMOLOGADO,,,776
0800703-07.2019.8.10.0153,2019,TJMA,Ilha de São Luís,,,,PROCEDENTE,True,224.81,3165
0800705-72.2020.8.19.0029,2020,TJRJ,Magé,PESSOA FÍSICA,AMPLA ENERGIA E SERVIÇOS,Energia,ACORDO HOMOLOGADO,,,1794
0800705-74.2021.8.10.0098,2021,TJMA,Matões,PESSOA FÍSICA,,,EXTINTO SEM MÉRITO,False,,2301
0800706-03.2020.8.10.0031,2020,TJMA,,PESSOA FÍSICA,,,EXTINTO SEM MÉRITO,False,,2560
0800707-15.2020.8.19.0038,2020,TJRJ,,,,,ACORDO HOMOLOGADO,,,1875
0800709-10.2020.8.10.0046,2020,TJMA,Imperatriz,,,,PARCIALMENTE PROCEDENTE,True,5000.0,8355
0800709-59.2021.8.15.0911,2021,TJPB,João Pessoa,PESSOA FÍSICA,CENTRO DE ENSINO SUPERIOR MÚLTIPLO,Ensino,PARCIALMENTE PROCEDENTE,True,,13111
0800711-40.2024.8.20.5161,2024,TJRN,Baraúna,PESSOA FÍSICA,BANCO BRADESCO,Banco e financeira,ACORDO HOMOLOGADO,,,3084
0800711-43.2020.8.10.0025,2020,TJMA,Bacabal,,,,IMPROCEDENTE,False,,6564
0800711-78.2025.8.20.5137,2025,TJRN,Campo Grande,PESSOA FÍSICA,BANCO BRADESCO,Banco e financeira,PROCEDENTE,True,3000.0,10364
0800712-96.2021.8.19.0007,2021,TJRJ,Barra Mansa,PESSOA FÍSICA,BANCO SANTANDER (BRASIL),Banco e financeira,ACORDO HOMOLOGADO,,,1570
0800714-69.2021.8.14.0051,2021,TJPA,,PESSOA FÍSICA,MUNICÍPIO DE SANTARÉM,Poder público,IMPROCEDENTE,False,,15327
0800715-30.2021.8.19.0014,2021,TJRJ,Campos dos Goytacazes,PESSOA FÍSICA,CLARO,Telecomunicações,ACORDO HOMOLOGADO,,,725
0800715-94.2020.8.19.0004,2020,TJRJ,São Gonçalo,PESSOA FÍSICA,,,ACORDO HOMOLOGADO,,,1106
0800716-79.2021.8.10.0009,2021,TJMA,,,,,IMPROCEDENTE,False,,11864
0800718-69.2021.8.10.0067,2021,TJMA,Anajatuba,PESSOA FÍSICA,BANCO SANTANDER (BRASIL),Banco e financeira,IMPROCEDENTE,False,,16434
0800719-50.2022.8.10.0057,2022,TJMA,Seu Domicílio,PESSOA FÍSICA,BANCO BRADESCO,Banco e financeira,EXTINTO SEM MÉRITO,False,,5725
0800720-09.2024.8.19.0253,2024,TJRJ,,,,,ACORDO HOMOLOGADO,,,1273
0800720-30.2020.8.20.5100,2020,TJRN,Assu,PESSOA FÍSICA,BANCO PANAMERICANO,Banco e financeira,IMPROCEDENTE,False,,6355
0800721-18.2019.8.10.0027,2019,TJMA,,PESSOA FÍSICA,,,IMPROCEDENTE,False,,13169
0800721-38.2024.8.19.0012,2024,TJRJ,,PESSOA FÍSICA,,,ACORDO HOMOLOGADO,,,722
0800722-03.2019.8.10.0027,2019,TJMA,,PESSOA FÍSICA,,,IMPROCEDENTE,False,,13166
0800722-89.2019.8.10.0063,2019,TJMA,Zé Doca,,,,PARCIALMENTE PROCEDENTE,True,434.2,7578
0800723-23.2021.8.10.0025,2021,TJMA,Bacabal,,,,EXTINTO SEM MÉRITO,False,,2067
0800723-48.2023.8.19.0204,2023,TJRJ,,,,,ACORDO HOMOLOGADO,,,861
0800723-89.2021.8.19.0213,2021,TJRJ,,,,,ACORDO HOMOLOGADO,,,505
0800725-64.2022.8.19.0006,2022,TJRJ,Barra do Piraí,PESSOA FÍSICA,LIGHT SERVIÇOS DE ELETRICIDADE,Energia,ACORDO HOMOLOGADO,,,1558
0800726-64.2020.8.18.0162,2020,TJPI,Teresina,,,,PARCIALMENTE PROCEDENTE,True,3000.0,14062
0800728-37.2023.8.19.0021,2023,TJRJ,Duque de Caxias,PESSOA FÍSICA,LIGHT SERVIÇOS DE ELETRICIDADE,Energia,ACORDO HOMOLOGADO,,,1084
0800728-40.2024.8.10.0025,2024,TJMA,Bacabal,PESSOA FÍSICA,,,EXTINTO SEM MÉRITO,False,,7679
0800728-54.2024.8.19.0004,2024,TJRJ,São Gonçalo,PESSOA FÍSICA,TELEFONICA BRASIL,Telecomunicações,ACORDO HOMOLOGADO,,,1294
0800729-66.2021.8.10.0110,2021,TJMA,Penalva,,,,IMPROCEDENTE,False,,7894
0800730-71.2025.8.15.0401,2025,TJPB,,PESSOA FÍSICA,UNASPUB - UNIAO NACIONAL DE AUXILIO AOS SERVIDORES PUBLICOS,Poder público,EXTINTO SEM MÉRITO,False,,13163
0800731-71.2025.8.10.0150,2025,TJMA,Pinheiro,PESSOA FÍSICA,,,PROCEDENTE,True,700.0,5311
0800732-02.2022.8.19.0024,2022,TJRJ,Itaguaí,PESSOA FÍSICA,LOJAS RIACHUELO,Varejo e serviços,ACORDO HOMOLOGADO,,,1771
0800733-83.2020.8.10.0031,2020,TJMA,,PESSOA FÍSICA,,,IMPROCEDENTE,False,,10055
0800734-83.2024.8.19.0029,2024,TJRJ,Magé,PESSOA FÍSICA,AMPLA ENERGIA E SERVIÇOS,Energia,ACORDO HOMOLOGADO,,,1798
0800735-85.2020.8.19.0004,2020,TJRJ,São Gonçalo,PESSOA FÍSICA,AMPLA ENERGIA E SERVIÇOS,Energia,ACORDO HOMOLOGADO,,,913
0800736-53.2024.8.19.0029,2024,TJRJ,Magé,PESSOA FÍSICA,AMPLA ENERGIA E SERVIÇOS,Energia,IMPROCEDENTE,False,1300.0,6806
0800737-52.2023.8.10.0149,2023,TJMA,Pedreiras,,MATEUS SUPERMERCADOS S.A. E OUTROS,Varejo e serviços,EXTINTO SEM MÉRITO,False,,5204
0800740-44.2022.8.10.0148,2022,TJMA,Codó,PESSOA FÍSICA,BANCO BRADESCO,Banco e financeira,EXTINTO SEM MÉRITO,False,,3108
0800741-04.2021.8.10.0006,2021,TJMA,São Luís,PESSOA FÍSICA,BANCO IBI E OUTROS,Banco e financeira,IMPROCEDENTE,False,,5936
0800741-80.2020.8.19.0008,2020,TJRJ,Belford Roxo,PESSOA FÍSICA,PDCA,Outros,ACORDO HOMOLOGADO,,,867
0800741-94.2020.8.19.0068,2020,TJRJ,Rio das Ostras,PESSOA FÍSICA,COMPANHIA ESTADUAL DE AGUAS E ESGOTOS CEDAE,Saneamento,ACORDO HOMOLOGADO,,,1023
0800742-84.2020.8.10.0115,2020,TJMA,Rosário,PESSOA FÍSICA,,,IMPROCEDENTE,False,,13612
0800745-03.2022.8.20.5123,2022,TJRN,Parelhas,PESSOA FÍSICA,COMPANHIA DE ÁGUAS E ESGOTOS DO RIO GRANDE DO NORTE - CAERN,Saneamento,ACORDO HOMOLOGADO,,,3700
0800746-61.2021.8.19.0075,2021,TJRJ,Magé,PESSOA FÍSICA,VIA VAREJO,Varejo e serviços,ACORDO HOMOLOGADO,,,896
0800746-72.2020.8.20.5150,2020,TJRN,Portalegre,PESSOA FÍSICA,,,PROCEDENTE,True,,12273
0800748-47.2022.8.19.0026,2022,TJRJ,Itaperuna,PESSOA FÍSICA,AMPLA ENERGIA E SERVIÇOS,Energia,ACORDO HOMOLOGADO,,,797
0800749-79.2022.8.10.0059,2022,TJMA,Ilha de São Luís,PESSOA FÍSICA,POSTERUS SUPERMERCADOS,Varejo e serviços,PROCEDENTE,True,6510.0,4232
0800750-96.2024.8.20.5109,2024,TJRN,Acari,PESSOA FÍSICA,REU: BANCO BMG,Banco e financeira,IMPROCEDENTE,False,,15224
0800751-10.2021.8.14.0015,2021,TJPA,Castanhal,,,,ACORDO HOMOLOGADO,,,1822
0800753-52.2020.8.10.0006,2020,TJMA,Ilha de São Luís,PESSOA FÍSICA,BANCO ITAU,Banco e financeira,IMPROCEDENTE,False,,10453
0800756-60.2018.8.10.0011,2018,TJMA,São Luís,,,,EXTINTO SEM MÉRITO,False,,5669
0800758-63.2025.8.20.5004,2025,TJRN,Natal,PESSOA FÍSICA,BANCO ITAÚ UNIBANCO,Banco e financeira,PARCIALMENTE PROCEDENTE,True,2000.0,13108
0800760-08.2020.8.10.0115,2020,TJMA,Rosário,PESSOA FÍSICA,C&L CONSULTORIA ASSESSORIA TREINAMENTOS E PROJETOS,Outros,EXTINTO SEM MÉRITO,False,,4783
0800763-19.2021.8.19.0004,2021,TJRJ,São Gonçalo,PESSOA FÍSICA,,,ACORDO HOMOLOGADO,,,1097
0800764-28.2022.8.19.0017,2022,TJRJ,Casimiro de Abreu,PESSOA FÍSICA,AMPLA ENERGIA E SERVIÇOS,Energia,IMPROCEDENTE,False,,5570
0800767-43.2021.8.19.0073,2021,TJRJ,Guapimirim,PESSOA FÍSICA,,,ACORDO HOMOLOGADO,,,1222
0800769-44.2022.8.19.0213,2022,TJRJ,,,,,ACORDO HOMOLOGADO,,,995
0800770-57.2024.8.20.5119,2024,TJRN,Lajes,PESSOA FÍSICA,GOL LINHAS AEREAS,Transporte aéreo,ACORDO HOMOLOGADO,,,2317
0800772-75.2022.8.19.0026,2022,TJRJ,Itaperuna,PESSOA FÍSICA,AMPLA ENERGIA E SERVIÇOS,Energia,IMPROCEDENTE,False,,3804
0800773-35.2019.8.10.0117,2019,TJMA,Santa Quitéria,PESSOA FÍSICA,BANCO BRADESCO FINANCIAMENTOS,Banco e financeira,IMPROCEDENTE,False,,4948
0800774-53.2020.8.10.0127,2020,TJMA,São Luís Gonzaga do Maranhão,PESSOA FÍSICA,SKY BRASIL SERVICOS,Telecomunicações,PROCEDENTE,True,2000.0,7311
0800775-11.2023.8.19.0021,2023,TJRJ,,,,,ACORDO HOMOLOGADO,,,416
0800776-39.2022.8.19.0212,2022,TJRJ,Niterói,PESSOA FÍSICA,AGUAS DE NITEROI,Saneamento,IMPROCEDENTE,False,4000.0,6941
0800776-62.2021.8.19.0054,2021,TJRJ,São João de Meriti,PESSOA FÍSICA,LIGHT SERVIÇOS DE ELETRICIDADE,Energia,ACORDO HOMOLOGADO,,,1365
0800780-23.2016.8.10.0023,2016,TJMA,,PESSOA FÍSICA,TELEMAR NORTE LESTE,Telecomunicações,PROCEDENTE,True,3000.0,4987
0800785-79.2024.8.18.0140,2024,TJPI,Teresina,PESSOA FÍSICA,RECOVERY DO BRASIL CONSULTORIA,Outros,IMPROCEDENTE,False,,11330
0800786-20.2022.8.10.0023,2022,TJMA,,PESSOA FÍSICA,EQUATORIAL MARANHÃO DISTRIBUIDORA DE ENERGIA,Energia,EXTINTO SEM MÉRITO,False,,1867
0800786-21.2020.8.10.0110,2020,TJMA,Penalva,,,,IMPROCEDENTE,False,,8333
0800788-37.2022.8.15.0221,2022,TJPB,,,,,ACORDO HOMOLOGADO,,,2552
0800788-38.2022.8.19.0023,2022,TJRJ,Itaboraí,PESSOA FÍSICA,MERCADOPAGO.COM REPRESENTACOES,Outros,ACORDO HOMOLOGADO,,,1373
0800791-29.2020.8.19.0066,2020,TJRJ,Volta Redonda,PESSOA FÍSICA,BANCO PAN,Banco e financeira,ACORDO HOMOLOGADO,,,771
0800791-76.2021.8.19.0039,2021,TJRJ,Paracambi,PESSOA FÍSICA,CONFECCOES EDIPARACAMBI,Outros,ACORDO HOMOLOGADO,,,844
0800794-92.2021.8.10.0035,2021,TJMA,Coroatá,,,,IMPROCEDENTE,False,,3343
0800796-63.2022.8.19.0007,2022,TJRJ,Barra Mansa,PESSOA FÍSICA,BANCO DO BRASIL,Banco e financeira,ACORDO HOMOLOGADO,,,2033
0800799-38.2024.8.19.0010,2024,TJRJ,Bom Jesus de Itabapoana,PESSOA FÍSICA,ENEL BRASIL,Energia,ACORDO HOMOLOGADO,,,835
0800800-43.2022.8.10.0010,2022,TJMA,Ilha de São Luís,PESSOA FÍSICA,EQUATORIAL ENERGIA,Energia,,,,2358
0800803-16.2023.8.10.0025,2023,TJMA,Bacabal,,,,PROCEDENTE,True,1500.0,8560
0800803-66.2020.8.19.0026,2020,TJRJ,Itaperuna,PESSOA FÍSICA,BANCO DO ESTADO DO RIO GRANDE DO SUL,Banco e financeira,ACORDO HOMOLOGADO,,,762
0800805-27.2020.8.10.0110,2020,TJMA,Matinha,PESSOA FÍSICA,BANCO CETELEM,Banco e financeira,IMPROCEDENTE,False,,11556
0800807-74.2022.8.19.0207,2022,TJRJ,Rio de Janeiro,PESSOA FÍSICA,BANCO INTERMEDIUM,Banco e financeira,ACORDO HOMOLOGADO,,,772
0800809-26.2021.8.15.0131,2021,TJPB,Cajazeiras,,,,ACORDO HOMOLOGADO,,,2338
0800809-84.2021.8.19.0205,2021,TJRJ,,,,,ACORDO HOMOLOGADO,,,1720
0800812-58.2020.8.10.0097,2020,TJMA,Matinha,PESSOA FÍSICA,,,EXTINTO SEM MÉRITO,False,,2279
0800812-61.2022.8.10.0138,2022,TJMA,,PESSOA FÍSICA,BANCO CETELEM BRASIL,Banco e financeira,IMPROCEDENTE,False,,7337
0800813-18.2023.8.12.0021,2023,TJMS,Pena Convencional,,,,PARCIALMENTE PROCEDENTE,True,25000.0,29353
0800813-61.2022.8.19.0052,2022,TJRJ,Araruama,PESSOA FÍSICA,AMPLA ENERGIA E SERVIÇOS,Energia,ACORDO HOMOLOGADO,,,762
0800813-67.2024.8.10.0076,2024,TJMA,,PESSOA FÍSICA,EMPRESA BISMARCK NOVAIS SILVA PEREIRA,Outros,IMPROCEDENTE,False,,9227
0800815-38.2022.8.20.5117,2022,TJRN,Jardim do Seridó,PESSOA FÍSICA,,,,,,2941
0800819-44.2024.8.20.5137,2024,TJRN,Campo Grande,PESSOA FÍSICA,BANCO BRADESCO,Banco e financeira,ACORDO HOMOLOGADO,,,2746
0800821-55.2022.8.19.0014,2022,TJRJ,Campos dos Goytacazes,PESSOA FÍSICA,AGUAS DO PARAIBA,Saneamento,ACORDO HOMOLOGADO,,,984
0800821-98.2022.8.10.0016,2022,TJMA,São Luís,PESSOA FÍSICA,PROCURADORIA DO BANCO MERCANTIL DO BRASIL,Banco e financeira,EXTINTO SEM MÉRITO,False,,2265
0800824-53.2020.8.10.0071,2020,TJMA,Bacuri,PESSOA FÍSICA,,,PROCEDENTE,True,,8942
0800827-32.2019.8.18.0164,2019,TJPI,Teresina,PESSOA FÍSICA,NINA ROSA CONDOMINIO,Outros,EXTINTO SEM MÉRITO,False,,6742
0800829-27.2020.8.19.0006,2020,TJRJ,Barra do Piraí,PESSOA FÍSICA,TELEFONICA BRASIL,Telecomunicações,ACORDO HOMOLOGADO,,,1635
0800829-41.2020.8.14.0014,2020,TJPA,Capitão Poço,PESSOA FÍSICA,BANCO PAN S/A E BANCO BRADESCO FINANCIAMENTOS,Banco e financeira,ACORDO HOMOLOGADO,,,4182
0800830-93.2022.8.10.0102,2022,TJMA,Montes Altos,,,,EXTINTO SEM MÉRITO,False,,2469
0800835-16.2022.8.19.0054,2022,TJRJ,São João de Meriti,PESSOA FÍSICA,LIGHT SERVIÇOS DE ELETRICIDADE,Energia,ACORDO HOMOLOGADO,,,1373
0800836-23.2021.8.19.0058,2021,TJRJ,Saquarema,PESSOA FÍSICA,CLARO,Telecomunicações,ACORDO HOMOLOGADO,,,1144
0800836-54.2025.8.10.0148,2025,TJMA,Codó,PESSOA FÍSICA,ASSOCIACAO DOS APOSENTADOS E PENSIONISTAS NACIONAL,Outros,PARCIALMENTE PROCEDENTE,True,,25631
0800836-80.2021.8.19.0039,2021,TJRJ,Paracambi,PESSOA FÍSICA,IKEG TECH COMERCIO DE PRODUTOS ELETRONICOS,Energia,ACORDO HOMOLOGADO,,,1009
0800842-52.2020.8.10.0046,2020,TJMA,Imperatriz,PESSOA FÍSICA,BANCO TRIANGULO,Banco e financeira,ACORDO HOMOLOGADO,,,1654
0800843-70.2024.8.19.0038,2024,TJRJ,Nova Iguaçu,PESSOA FÍSICA,,,ACORDO HOMOLOGADO,,,1308
0800845-21.2024.8.10.0093,2024,TJMA,Itinga do Maranhão,PESSOA FÍSICA,ADMINISTRADORA DE CONSÓRCIO NACIONAL HONDA,Outros,PROCEDENTE,True,6000.0,18031
0800850-05.2024.8.19.0251,2024,TJRJ,Rio de Janeiro,PESSOA FÍSICA,LIGHT SERVIÇOS DE ELETRICIDADE,Energia,ACORDO HOMOLOGADO,,,2522
0800852-66.2023.8.19.0038,2023,TJRJ,,,,,ACORDO HOMOLOGADO,,,1875
0800853-47.2023.8.20.5139,2023,TJRN,Florânia,PESSOA FÍSICA,BANCO BMG,Banco e financeira,IMPROCEDENTE,False,,14702
0800853-90.2022.8.19.0004,2022,TJRJ,São Gonçalo,PESSOA FÍSICA,CENTRO ODONTOLOGICO SORRIA RIO - NITEROI I,Plano de saúde,ACORDO HOMOLOGADO,,,927
0800855-60.2024.8.10.0030,2024,TJMA,Parnarama Recorrente,PESSOA FÍSICA,BANCO SANTANDER (BRASIL),Banco e financeira,ACORDO HOMOLOGADO,,,7791
0800857-30.2021.8.14.0028,2021,TJPA,,,,,ACORDO HOMOLOGADO,,,967
0800857-47.2019.8.10.0081,2019,TJMA,Carolina,PESSOA FÍSICA,,,PARCIALMENTE PROCEDENTE,True,400.0,3252
0800860-61.2020.8.10.0147,2020,TJMA,,,,,EXTINTO SEM MÉRITO,False,,4221
0800860-80.2025.8.20.5135,2025,TJRN,Almino Afonso,PESSOA FÍSICA,BANCO BRADESCO,Banco e financeira,PROCEDENTE,True,2000.0,6774
0800861-06.2023.8.20.5145,2023,TJRN,Nísia Floresta,PESSOA FÍSICA,BRASIL CARD ADMINISTRADORA DE CARTAO DE CREDITO,Banco e financeira,EXTINTO SEM MÉRITO,False,,6316
0800861-63.2024.8.15.0051,2024,TJPB,,PESSOA FÍSICA,AAPB-ASSOCIACAO DOS APOSENTADOS E PENSIONISTAS BRASILEIROS DO INSS E FUNDOS DE PENSAO,Poder público,PROCEDENTE,True,3000.0,14150
0800862-89.2022.8.19.0024,2022,TJRJ,Itaguaí,PESSOA FÍSICA,BANCO BRADESCARD,Banco e financeira,ACORDO HOMOLOGADO,,,1766
0800862-90.2023.8.10.0061,2023,TJMA,Viana,,,,EXTINTO SEM MÉRITO,False,,11160
0800865-54.2025.8.19.0213,2025,TJRJ,Mesquita,PESSOA FÍSICA,LALAMOVE TECNOLOGIA (BRASIL),Outros,ACORDO HOMOLOGADO,,,1702
0800868-36.2025.8.19.0010,2025,TJRJ,Bom Jesus de Itabapoana,PESSOA FÍSICA,PANDORA DO BRASIL COMERCIO E IMPORTACAO,Outros,ACORDO HOMOLOGADO,,,884
0800870-30.2022.8.19.0036,2022,TJRJ,Nilópolis,PESSOA FÍSICA,MEIER MEDICAL CENTER,Outros,ACORDO HOMOLOGADO,,,813
0800870-53.2021.8.10.0153,2021,TJMA,Ilha de São Luís,PESSOA FÍSICA,,,EXTINTO SEM MÉRITO,False,,7253
0800872-05.2016.8.10.0151,2016,TJMA,Santa Inês,,,,PROCEDENTE,True,10000.0,3501
0800872-53.2024.8.19.0028,2024,TJRJ,Macaé,PESSOA FÍSICA,AMPLA ENERGIA E SERVIÇOS,Energia,ACORDO HOMOLOGADO,,,642
0800875-13.2020.8.19.0007,2020,TJRJ,Barra Mansa,PESSOA FÍSICA,BANCO BMG,Banco e financeira,ACORDO HOMOLOGADO,,,2028
0800878-96.2017.8.20.5001,2017,TJRN,Natal,PESSOA FÍSICA,M & K COM E CONSTRUCOES,Outros,EXTINTO SEM MÉRITO,False,,8439
0800879-72.2017.8.10.0050,2017,TJMA,Ilha de São Luís,PESSOA JURÍDICA,,,PROCEDENTE,True,9689.13,3005
0800881-36.2018.8.20.5124,2018,TJRN,Parnamirim,PESSOA FÍSICA,,,ACORDO HOMOLOGADO,,,3012
0800882-46.2024.8.19.0045,2024,TJRJ,Resende,PESSOA FÍSICA,AMPLA ENERGIA E SERVIÇOS,Energia,ACORDO HOMOLOGADO,,,569
0800882-55.2023.8.15.0251,2023,TJPB,Patos,PESSOA FÍSICA,LOJAS RIACHUELO SA E OUTROS (2),Varejo e serviços,ACORDO HOMOLOGADO,,,810
0800883-86.2022.8.19.0211,2022,TJRJ,,,,,ACORDO HOMOLOGADO,,,504
0800889-05.2020.8.10.0053,2020,TJMA,Porto Franco,PESSOA FÍSICA,BANCO BRADESCO,Banco e financeira,ACORDO HOMOLOGADO,,,1928
0800889-06.2021.8.10.0009,2021,TJMA,,,,,PROCEDENTE,True,1000.0,5065
0800891-95.2020.8.10.0110,2020,TJMA,Penalva,,,,IMPROCEDENTE,False,,8248
0800892-80.2020.8.10.0110,2020,TJMA,Matinha,PESSOA FÍSICA,BANCO OLÉ BONSUCESSO CONSIGNADO,Banco e financeira,IMPROCEDENTE,False,,11574
0800894-79.2024.8.10.0152,2024,TJMA,,PESSOA FÍSICA,,,EXTINTO SEM MÉRITO,False,,3357
0800895-92.2020.8.14.0055,2020,TJPA,São Miguel do Guamá,PESSOA FÍSICA,BANCO ITAU CONSIGNADO,Banco e financeira,ACORDO HOMOLOGADO,,,9614
0800896-82.2024.8.19.0254,2024,TJRJ,Rio de Janeiro,PESSOA FÍSICA,,,ACORDO HOMOLOGADO,,,1224
0800897-23.2022.8.10.0049,2022,TJMA,,PESSOA FÍSICA,BANCO CELETEM S.A E OUTROS,Banco e financeira,IMPROCEDENTE,False,,7564
0800897-62.2020.8.14.0055,2020,TJPA,São Miguel do Guamá,PESSOA FÍSICA,BANCO BMG,Banco e financeira,ACORDO HOMOLOGADO,,,9232
0800898-30.2021.8.10.0150,2021,TJMA,Pinheiro,PESSOA FÍSICA,COOPERATIVA MISTA JOCKEY CLUB DE SAO PAULO E OUTROS (2),Outros,EXTINTO SEM MÉRITO,False,,4807
0800902-95.2020.8.20.5106,2020,TJRN,Mossoró,PESSOA FÍSICA,,,PARCIALMENTE PROCEDENTE,True,,3421
0800903-08.2021.8.19.0213,2021,TJRJ,,,,,ACORDO HOMOLOGADO,,,516
0800903-90.2022.8.19.0045,2022,TJRJ,Resende,PESSOA FÍSICA,,,EXTINTO SEM MÉRITO,False,,1704
0800904-95.2022.8.19.0006,2022,TJRJ,Barra do Piraí,PESSOA FÍSICA,LIGHT SERVIÇOS DE ELETRICIDADE,Energia,PROCEDENTE,True,3000.0,9571
0800905-15.2022.8.19.0254,2022,TJRJ,Rio de Janeiro,PESSOA FÍSICA,TRANSPORTES AEREOS PORTUGUESES,Outros,ACORDO HOMOLOGADO,,,1232
0800907-06.2025.8.14.0064,2025,TJPA,,,,,ACORDO HOMOLOGADO,,,2574
0800908-49.2022.8.10.0050,2022,TJMA,Ilha de São Luís,PESSOA FÍSICA,BRK AMBIENTAL - MARANHÃO,Outros,EXTINTO SEM MÉRITO,False,,921
0800910-66.2022.8.19.0212,2022,TJRJ,Niterói,PESSOA FÍSICA,CLARO,Telecomunicações,ACORDO HOMOLOGADO,,,5527
0800910-67.2021.8.10.0207,2021,TJMA,São Domingos do Maranhão,PESSOA FÍSICA,,,EXTINTO SEM MÉRITO,False,,3903
0800913-55.2021.8.15.0151,2021,TJPB,,PESSOA FÍSICA,BANCO BMG,Banco e financeira,EXTINTO SEM MÉRITO,False,,1871
0800914-73.2024.8.10.0151,2024,TJMA,Santa Inês,PESSOA FÍSICA,EQUATORIAL MARANHÃO DISTRIBUIDORA DE ENERGIA,Energia,PARCIALMENTE PROCEDENTE,True,,13984
0800915-16.2021.8.14.0066,2021,TJPA,Uruará,,,,IMPROCEDENTE,False,,6121
0800918-59.2021.8.19.0024,2021,TJRJ,Itaguaí,PESSOA FÍSICA,CREDZ ADMINISTRADORA DE CARTOES,Outros,ACORDO HOMOLOGADO,,,879
0800919-51.2022.8.19.0075,2022,TJRJ,Magé,PESSOA FÍSICA,BANCO SANTANDER,Banco e financeira,ACORDO HOMOLOGADO,,,924
0800919-61.2020.8.10.0046,2020,TJMA,Imperatriz,PESSOA FÍSICA,UNIVERSO ONLINE,Outros,IMPROCEDENTE,False,,5134
0800920-43.2022.8.19.0202,2022,TJRJ,Rio de Janeiro,PESSOA FÍSICA,OI MOVEL,Telecomunicações,ACORDO HOMOLOGADO,,,1137
0800922-96.2022.8.19.0045,2022,TJRJ,Resende,PESSOA FÍSICA,GLOBO COMUNICAÇÃO E PARTICIPAÇÕES,Outros,EXTINTO SEM MÉRITO,False,500.0,6820
0800924-37.2020.8.19.0045,2020,TJRJ,Resende,PESSOA FÍSICA,GOL LINHAS AEREAS,Transporte aéreo,,,4000.0,3846
0800924-71.2022.8.20.5143,2022,TJRN,Marcelino Vieira,PESSOA FÍSICA,BANCO BRADESCO,Banco e financeira,IMPROCEDENTE,False,,14451
0800927-60.2019.8.20.5101,2019,TJRN,Caicó,PESSOA FÍSICA,AFFIX ADMINISTRADORA DE BENEFICIOS,Outros,IMPROCEDENTE,False,,5506
0800927-70.2022.8.19.0061,2022,TJRJ,Teresópolis,PESSOA FÍSICA,,,PROCEDENTE,True,6000.0,11058
0800929-28.2020.8.10.0007,2020,TJMA,,PESSOA FÍSICA,,,PROCEDENTE,True,1500.0,8273
0800930-71.2020.8.19.0036,2020,TJRJ,Nilópolis,PESSOA FÍSICA,CLARO,Telecomunicações,ACORDO HOMOLOGADO,,,870
0800933-54.2022.8.19.0004,2022,TJRJ,São Gonçalo,PESSOA FÍSICA,ATIVOS S.A. SECURITIZADORA DE CREDITOS FINANCEIROS,Banco e financeira,ACORDO HOMOLOGADO,,,1321
0800934-41.2024.8.19.0207,2024,TJRJ,Rio de Janeiro,PESSOA FÍSICA,LIGHT SERVIÇOS DE ELETRICIDADE,Energia,ACORDO HOMOLOGADO,,,834
0800940-10.2024.8.19.0252,2024,TJRJ,Rio de Janeiro,PESSOA FÍSICA,CLARO,Telecomunicações,ACORDO HOMOLOGADO,,,2309
0800941-67.2021.8.10.0149,2021,TJMA,,,,,EXTINTO SEM MÉRITO,False,,3525
0800942-02.2018.8.10.0038,2018,TJMA,João Lisboa,PESSOA FÍSICA,,,EXTINTO SEM MÉRITO,False,,3035
0800942-94.2022.8.10.0059,2022,TJMA,Ilha de São Luís,PESSOA FÍSICA,,,PROCEDENTE,True,1000.0,3933
0800944-30.2024.8.20.5131,2024,TJRN,São Miguel,PESSOA FÍSICA,BANCO BRADESCO,Banco e financeira,ACORDO HOMOLOGADO,,,3694
0800945-05.2023.8.10.0127,2023,TJMA,São Luís Gonzaga do Maranhão,PESSOA FÍSICA,,,EXTINTO SEM MÉRITO,False,,3032
0800945-59.2020.8.14.0010,2020,TJPA,Breves,,,,PARCIALMENTE PROCEDENTE,True,,13142
0800946-34.2023.8.20.5131,2023,TJRN,,PESSOA FÍSICA,FUNDO DE INVESTIMENTO EM DIREITOS CREDITORIOS NAO PADRONIZADOS NPL II,Banco e financeira,ACORDO HOMOLOGADO,,,4442
0800947-12.2021.8.19.0024,2021,TJRJ,Itaguaí,PESSOA FÍSICA,BANCO BRADESCO,Banco e financeira,ACORDO HOMOLOGADO,,,1044
0800947-45.2022.8.10.0018,2022,TJMA,,PESSOA FÍSICA,GOL LINHAS AEREAS,Transporte aéreo,IMPROCEDENTE,False,,5500
0800947-79.2020.8.15.0631,2020,TJPB,,PESSOA FÍSICA,SERASA,Bureau de crédito,IMPROCEDENTE,False,,6556
0800948-36.2020.8.19.0087,2020,TJRJ,,PESSOA FÍSICA,MARISA LOJAS,Varejo e serviços,ACORDO HOMOLOGADO,,,2184
0800948-93.2022.8.19.0207,2022,TJRJ,Rio de Janeiro,PESSOA FÍSICA,GLOBO COMUNICAÇÃO E PARTICIPAÇÕES,Outros,ACORDO HOMOLOGADO,,,801
0800954-96.2020.8.19.0037,2020,TJRJ,Nova Friburgo,PESSOA FÍSICA,,,ACORDO HOMOLOGADO,,,1930
0800959-47.2021.8.19.0211,2021,TJRJ,Rio de Janeiro,PESSOA FÍSICA,SUPERMERCADOS MUNDIAL,Varejo e serviços,IMPROCEDENTE,False,,4328
0800959-57.2022.8.19.0067,2022,TJRJ,Queimados,PESSOA FÍSICA,FUNDO DE INVESTIMENTO EM DIREITOS CREDITORIOS MULTSEGMENTOS NPL IPANEMA VI - NAO PADRONIZA,Banco e financeira,ACORDO HOMOLOGADO,,,979
0800960-25.2023.8.20.5161,2023,TJRN,Baraúna,PESSOA FÍSICA,BANCO BRADESCO,Banco e financeira,ACORDO HOMOLOGADO,,,2520
0800961-84.2022.8.10.0032,2022,TJMA,,PESSOA FÍSICA,BANCO BRADESCO,Banco e financeira,IMPROCEDENTE,False,,11689
0800963-62.2022.8.19.0207,2022,TJRJ,Rio de Janeiro,PESSOA FÍSICA,VIA VAREJO,Varejo e serviços,ACORDO HOMOLOGADO,,,808
0800964-62.2020.8.10.0047,2020,TJMA,Imperatriz,,,,ACORDO HOMOLOGADO,,,1933
0800966-23.2021.8.19.0087,2021,TJRJ,,PESSOA FÍSICA,COMPANHIA BRASILEIRA DE DISTRIBUICAO,Outros,ACORDO HOMOLOGADO,,,2211
0800969-84.2020.8.10.0047,2020,TJMA,Imperatriz,,,,ACORDO HOMOLOGADO,,,2633
0800970-49.2025.8.19.0207,2025,TJRJ,Rio de Janeiro,PESSOA FÍSICA,INSTITUTO NACIONAL DO SEGURO SOCIAL,Outros,EXTINTO SEM MÉRITO,False,,1737
0800970-95.2020.8.10.0006,2020,TJMA,São Luís,PESSOA FÍSICA,BANCO DO BRASIL,Banco e financeira,EXTINTO SEM MÉRITO,False,,3851
0800972-52.2019.8.10.0054,2019,TJMA,Presidente Dutra,PESSOA FÍSICA,,,PARCIALMENTE PROCEDENTE,True,2378.0,5185
0800974-46.2025.8.15.0321,2025,TJPB,Ouricuri Relator,PESSOA FÍSICA,,,EXTINTO SEM MÉRITO,False,,23247
0800974-68.2020.8.19.0011,2020,TJRJ,Cabo Frio,PESSOA FÍSICA,B2W COMPANHIA DIGITAL,Outros,ACORDO HOMOLOGADO,,,608
0800974-77.2022.8.10.0131,2022,TJMA,Senador La Rocque,PESSOA FÍSICA,BANCO BRADESCO,Banco e financeira,IMPROCEDENTE,False,,10731
0800978-59.2024.8.20.5113,2024,TJRN,Areia Branca,PESSOA FÍSICA,,,PROCEDENTE,True,3000.0,19412
0800979-36.2024.8.19.0210,2024,TJRJ,Rio de Janeiro,,,,ACORDO HOMOLOGADO,,,696
0800982-56.2022.8.19.0211,2022,TJRJ,,,,,ACORDO HOMOLOGADO,,,504
0800984-13.2024.8.19.0031,2024,TJRJ,Maricá,PESSOA FÍSICA,VIVO,Telecomunicações,IMPROCEDENTE,False,,9193
0800984-34.2024.8.10.0008,2024,TJMA,,PESSOA FÍSICA,RIG VIZZION TELEVISORES,Outros,PROCEDENTE,True,1599.0,6834
0800984-89.2024.8.19.0038,2024,TJRJ,,,,,ACORDO HOMOLOGADO,,,2164
0800986-36.2021.8.19.0209,2021,TJRJ,Rio de Janeiro,PESSOA FÍSICA,,,ACORDO HOMOLOGADO,,,1945
0800990-04.2017.8.10.0035,2017,TJMA,Coroatá,,,,IMPROCEDENTE,False,,7277
0800991-76.2018.8.10.0027,2018,TJMA,,PESSOA FÍSICA,BANCO BRADESCO FINANCIAMENTOS,Banco e financeira,ACORDO HOMOLOGADO,,,2471
0800992-97.2022.8.19.0212,2022,TJRJ,Niterói,PESSOA FÍSICA,BANCO DO BRASIL,Banco e financeira,ACORDO HOMOLOGADO,,,5539
0800993-04.2022.8.10.0028,2022,TJMA,Buriticupu,PESSOA FÍSICA,BANCO BRADESCO,Banco e financeira,EXTINTO SEM MÉRITO,False,,3938
0800994-38.2024.8.15.0041,2024,TJPB,,PESSOA FÍSICA,ASSOCIACAO BRASILEIRA DOS APOSENTADOS E PENSIONISTAS DA NACAO,Outros,PARCIALMENTE PROCEDENTE,True,,9554
0800996-87.2022.8.10.0050,2022,TJMA,Ilha de São Luís,PESSOA FÍSICA,MERCADAO MENESES,Outros,PROCEDENTE,True,,4383
0800997-79.2025.8.10.0046,2025,TJMA,Imperatriz,PESSOA FÍSICA,TAM LINHAS AEREAS,Transporte aéreo,IMPROCEDENTE,False,,4448
0800999-08.2022.8.10.0029,2022,TJMA,Caxias,PESSOA FÍSICA,,,IMPROCEDENTE,False,,20141
0801001-44.2024.8.20.5100,2024,TJRN,Assu,PESSOA FÍSICA,MERCADOPAGO.COM REPRESENTACOES,Outros,ACORDO HOMOLOGADO,,,4593
0801004-15.2021.8.10.0110,2021,TJMA,Penalva,,,,EXTINTO SEM MÉRITO,False,,5018
0801004-95.2021.8.10.0148,2021,TJMA,Codó,PESSOA FÍSICA,BANCO BRADESCO,Banco e financeira,PARCIALMENTE PROCEDENTE,True,2000.0,14677
0801005-43.2022.8.10.0149,2022,TJMA,,,,,EXTINTO SEM MÉRITO,False,,2021
0801009-93.2025.8.10.0046,2025,TJMA,Imperatriz,PESSOA FÍSICA,EQUATORIAL MARANHÃO DISTRIBUIDORA DE ENERGIA,Energia,IMPROCEDENTE,False,,3274
0801010-56.2020.8.19.0029,2020,TJRJ,Magé,PESSOA FÍSICA,ESCOLA ELECTRA,Outros,ACORDO HOMOLOGADO,,,1862
0801011-52.2023.8.18.0162,2023,TJPI,Teresina,PESSOA FÍSICA,TAM LINHAS AEREAS,Transporte aéreo,ACORDO HOMOLOGADO,,,2046
0801011-78.2023.8.15.0051,2023,TJPB,São João do Rio do Peixe,PESSOA FÍSICA,BANCO BRADESCO,Banco e financeira,ACORDO HOMOLOGADO,,,3159
0801014-54.2024.8.20.5161,2024,TJRN,Baraúna,PESSOA FÍSICA,BANCO BRADESCO PROMOTORA,Banco e financeira,ACORDO HOMOLOGADO,,,2279
0801015-30.2020.8.19.0045,2020,TJRJ,Resende,PESSOA FÍSICA,AMPLA ENERGIA E SERVIÇOS,Energia,,,1000.0,4996
0801017-48.2024.8.19.0210,2024,TJRJ,,,,,ACORDO HOMOLOGADO,,,71
0801024-71.2021.8.10.0153,2021,TJMA,Ilha de São Luís,PESSOA FÍSICA,TAM LINHAS AEREAS,Transporte aéreo,PROCEDENTE,True,1836.72,4101
0801028-84.2024.8.10.0030,2024,TJMA,,PESSOA FÍSICA,BANCO BRADESCO FINANCIAMENTOS S.A. E OUTROS (3),Banco e financeira,PARCIALMENTE PROCEDENTE,True,3000.0,9775
0801028-96.2022.8.18.0009,2022,TJPI,Teresina,PESSOA FÍSICA,MERCADOLIVRE.COM ATIVIDADES DE INTERNET,Varejo e serviços,IMPROCEDENTE,False,,3982
0801029-70.2021.8.19.0209,2021,TJRJ,Rio de Janeiro,PESSOA FÍSICA,FACEBOOK SERVICOS ONLINE DO BRASIL,Outros,ACORDO HOMOLOGADO,,,865
0801030-59.2021.8.10.0127,2021,TJMA,São Luís Gonzaga do Maranhão,PESSOA FÍSICA,BANCO BRADESCO,Banco e financeira,EXTINTO SEM MÉRITO,False,,4301
0801031-40.2024.8.20.5113,2024,TJRN,Areia Branca,PESSOA FÍSICA,,,EXTINTO SEM MÉRITO,False,,4987
0801032-92.2022.8.19.0046,2022,TJRJ,Rio Bonito,PESSOA FÍSICA,RÉU: TELEFONICA BRASIL,Telecomunicações,ACORDO HOMOLOGADO,,,3086
0801035-58.2019.8.10.0125,2019,TJMA,São João Batista,PESSOA FÍSICA,BANCO PAN,Banco e financeira,EXTINTO SEM MÉRITO,False,,1631
0801037-18.2020.8.19.0036,2020,TJRJ,Nilópolis,PESSOA FÍSICA,TELEMAR NORTE LESTE,Telecomunicações,ACORDO HOMOLOGADO,,,889
0801037-74.2024.8.15.0881,2024,TJPB,São Bento,PESSOA FÍSICA,ITAU UNIBANCO,Banco e financeira,IMPROCEDENTE,False,,8420
0801037-98.2023.8.19.0040,2023,TJRJ,Paraíba do Sul,PESSOA FÍSICA,BANCO BRADESCO,Banco e financeira,ACORDO HOMOLOGADO,,,1485
0801040-60.2019.8.10.0067,2019,TJMA,,PESSOA FÍSICA,BANCO BGN/CELETELEM,Banco e financeira,EXTINTO SEM MÉRITO,False,,3821
0801040-62.2025.8.20.5114,2025,TJRN,Canguaretama,PESSOA FÍSICA,,,PROCEDENTE,True,4000.0,15298
0801041-38.2022.8.19.0213,2022,TJRJ,,,,,ACORDO HOMOLOGADO,,,1022
0801042-23.2022.8.19.0213,2022,TJRJ,,,,,ACORDO HOMOLOGADO,,,995
0801043-78.2021.8.19.0007,2021,TJRJ,Barra Mansa,PESSOA FÍSICA,BANCO BMG,Banco e financeira,ACORDO HOMOLOGADO,,,2009
0801044-51.2021.8.19.0205,2021,TJRJ,Rio de Janeiro,PESSOA FÍSICA,OI MOVEL,Telecomunicações,ACORDO HOMOLOGADO,,,1305
0801045-16.2020.8.10.0110,2020,TJMA,Pinheiro,,,,,,,5777
0801046-42.2022.8.19.0025,2022,TJRJ,Itaocara,PESSOA FÍSICA,,,IMPROCEDENTE,False,,2727
0801046-98.2020.8.10.0110,2020,TJMA,Pinheiro,,,,,,,5798
0801048-09.2022.8.19.0026,2022,TJRJ,Itaperuna,PESSOA FÍSICA,BANCO BRADESCO,Banco e financeira,ACORDO HOMOLOGADO,,,758
0801048-61.2024.8.19.0083,2024,TJRJ,Japeri,PESSOA FÍSICA,TIM,Telecomunicações,ACORDO HOMOLOGADO,,,1170
0801049-18.2022.8.19.0212,2022,TJRJ,Niterói,PESSOA FÍSICA,AMPLA ENERGIA E SERVIÇOS,Energia,ACORDO HOMOLOGADO,,,5547
0801049-20.2021.8.19.0061,2021,TJRJ,Teresópolis,PESSOA FÍSICA,MERCADOPAGO.COM REPRESENTACOES,Outros,EXTINTO SEM MÉRITO,False,,1285
0801050-38.2020.8.10.0110,2020,TJMA,Viana,,,,,,,5864
0801051-87.2021.8.14.0009,2021,TJPA,Bragança,PESSOA FÍSICA,BANCO PAN,Banco e financeira,IMPROCEDENTE,False,,18149
0801052-44.2022.8.19.0253,2022,TJRJ,,,,,ACORDO HOMOLOGADO,,,1267
0801056-45.2020.8.10.0110,2020,TJMA,Penalva,,,,IMPROCEDENTE,False,,8295
0801056-75.2019.8.20.5130,2019,TJRN,São José do Mipibu,PESSOA FÍSICA,CARREFOUR COMERCIO E INDUSTRIA,Outros,EXTINTO SEM MÉRITO,False,,3304
0801058-63.2022.8.19.0055,2022,TJRJ,São Pedro da Aldeia,,,,ACORDO HOMOLOGADO,,,2521
0801065-39.2024.8.10.0151,2024,TJMA,Santa Inês,PESSOA FÍSICA,,,ACORDO HOMOLOGADO,,,1653
0801066-39.2022.8.19.0023,2022,TJRJ,Itaboraí,PESSOA FÍSICA,BANCO ORIGINAL,Banco e financeira,ACORDO HOMOLOGADO,,,1346
0801068-78.2023.8.19.0021,2023,TJRJ,Duque de Caxias,PESSOA FÍSICA,BANCO C6,Banco e financeira,ACORDO HOMOLOGADO,,,1258
0801069-45.2025.8.18.0078,2025,TJPI,Valença do Piauí,PESSOA FÍSICA,,,IMPROCEDENTE,False,,7587
0801071-91.2024.8.12.0021,2024,TJMS,Natureza Moral,PESSOA FÍSICA,GRUPO CASAS BAHIA S.A. E OUTRO,Varejo e serviços,PROCEDENTE,True,2317.92,12178
0801073-05.2020.8.18.0031,2020,TJPI,Parnaíba,PESSOA FÍSICA,,,EXTINTO SEM MÉRITO,False,,3904
0801078-29.2019.8.10.0049,2019,TJMA,Ilha de São Luís,PESSOA FÍSICA,,,IMPROCEDENTE,False,,12196
0801084-25.2021.8.19.0046,2021,TJRJ,Rio Bonito,PESSOA FÍSICA,BANCO SAFRA,Banco e financeira,ACORDO HOMOLOGADO,,,1173
0801085-56.2019.8.10.0102,2019,TJMA,,PESSOA FÍSICA,SUL AMERICA COMPANHIA NACIONAL DE SEGUROS,Seguros,ACORDO HOMOLOGADO,,,1124
0801085-73.2021.8.10.0009,2021,TJMA,Seu Sustento,,,,PROCEDENTE,True,79.78,3758
0801085-85.2021.8.19.0021,2021,TJRJ,Duque de Caxias,PESSOA FÍSICA,BANCO SANTANDER (BRASIL),Banco e financeira,ACORDO HOMOLOGADO,,,1072
0801087-34.2020.8.19.0007,2020,TJRJ,Barra Mansa,PESSOA FÍSICA,VIA VAREJO,Varejo e serviços,ACORDO HOMOLOGADO,,,2104
0801088-08.2021.8.19.0064,2021,TJRJ,Valença,PESSOA FÍSICA,,,IMPROCEDENTE,False,,3339
0801090-46.2018.8.10.0027,2018,TJMA,,,,,PARCIALMENTE PROCEDENTE,True,5000.0,9781
0801095-19.2022.8.19.0014,2022,TJRJ,Campos dos Goytacazes,PESSOA FÍSICA,ENEL - AMPLA ENERGIA E SERVIÇOS,Energia,ACORDO HOMOLOGADO,,,905
0801096-76.2019.8.10.0008,2019,TJMA,Ilha de São Luís,PESSOA FÍSICA,BANCO DO BRASIL,Banco e financeira,EXTINTO SEM MÉRITO,False,441.14,2944
0801097-36.2022.8.10.0047,2022,TJMA,Imperatriz,,,,IMPROCEDENTE,False,,11387
0801098-71.2020.8.10.0150,2020,TJMA,Pinheiro,PESSOA FÍSICA,BANCO BRADESCO,Banco e financeira,PROCEDENTE,True,1224.14,11819
0801099-22.2019.8.10.0011,2019,TJMA,Ilha de São Luís,PESSOA FÍSICA,TAM LINHAS AEREAS,Transporte aéreo,PARCIALMENTE PROCEDENTE,True,623.89,5374
0801100-25.2019.8.10.0102,2019,TJMA,,PESSOA FÍSICA,LIBERTY SEGUROS,Seguros,ACORDO HOMOLOGADO,,,1065
0801101-16.2022.8.19.0082,2022,TJRJ,Pinheiral,PESSOA FÍSICA,,,ACORDO HOMOLOGADO,,,2008
0801101-56.2024.8.19.0046,2024,TJRJ,Rio Bonito,PESSOA FÍSICA,RÉU: SOCIEDADE EDUCACIONAL PLINIO LEITE S/S,Ensino,ACORDO HOMOLOGADO,,,3085
0801102-02.2021.8.18.0102,2021,TJPI,Marcos Parente,PESSOA FÍSICA,BANCO BRADESCO,Banco e financeira,EXTINTO SEM MÉRITO,False,,3788
0801104-16.2021.8.19.0046,2021,TJRJ,Rio Bonito,PESSOA FÍSICA,AMPLA ENERGIA E SERVIÇOS,Energia,EXTINTO SEM MÉRITO,False,,2174
0801104-84.2022.8.19.0206,2022,TJRJ,Rio de Janeiro,PESSOA FÍSICA,TELEMAR NORTE LESTE,Telecomunicações,ACORDO HOMOLOGADO,,,2214
0801105-02.2021.8.19.0078,2021,TJRJ,Armação dos Búzios,PESSOA FÍSICA,OI MOVEL,Telecomunicações,PARCIALMENTE PROCEDENTE,True,2000.0,3239
0801105-95.2020.8.19.0026,2020,TJRJ,Itaperuna,PESSOA FÍSICA,AMPLA ENERGIA E SERVIÇOS,Energia,ACORDO HOMOLOGADO,,,726
0801108-03.2021.8.20.5130,2021,TJRN,São José de Mipibu,PESSOA FÍSICA,BANCO PAN,Banco e financeira,ACORDO HOMOLOGADO,,,2150
0801110-24.2021.8.19.0078,2021,TJRJ,Armação dos Búzios,PESSOA FÍSICA,GOL TRANSPORTES AÉREOS,Transporte aéreo,PROCEDENTE,True,,5824
0801113-37.2022.8.15.0051,2022,TJPB,São João do Rio do Peixe,PESSOA FÍSICA,BANCO MERCANTIL DO BRASIL,Banco e financeira,PROCEDENTE,True,,17279
0801113-72.2024.8.19.0207,2024,TJRJ,Rio de Janeiro,PESSOA FÍSICA,LIGHT SERVIÇOS DE ELETRICIDADE,Energia,ACORDO HOMOLOGADO,,,793
0801115-68.2024.8.10.0053,2024,TJMA,Porto Franco,PESSOA FÍSICA,,,PROCEDENTE,True,,3494
0801117-16.2021.8.19.0078,2021,TJRJ,Armação dos Búzios,PESSOA FÍSICA,CLARA MOVEIS,Outros,IMPROCEDENTE,False,,2997
0801120-74.2023.8.19.0021,2023,TJRJ,,,,,ACORDO HOMOLOGADO,,,416
0801121-12.2023.8.15.0881,2023,TJPB,São Bento,PESSOA FÍSICA,UNIAO SEGURADORA S.A. - VIDA E PREVIDENCIA,Seguros,ACORDO HOMOLOGADO,,,3072
0801121-95.2021.8.19.0064,2021,TJRJ,Valença,PESSOA FÍSICA,,,IMPROCEDENTE,False,,5133
0801126-16.2024.8.20.5131,2024,TJRN,São Miguel,PESSOA FÍSICA,KANDANGO TRANSPORTES E TURISMO,Outros,PROCEDENTE,True,3000.0,8401
0801129-12.2025.8.15.0301,2025,TJPB,,PESSOA FÍSICA,ASSOCIACAO DOS APOSENTADOS E PENSIONISTAS NACIONAL,Outros,EXTINTO SEM MÉRITO,False,,1533
0801130-94.2020.8.10.0047,2020,TJMA,Imperatriz,PESSOA FÍSICA,TIM,Telecomunicações,EXTINTO SEM MÉRITO,False,,15997
0801132-77.2020.8.15.0321,2020,TJPB,,PESSOA FÍSICA,BANCO BRADESCO,Banco e financeira,IMPROCEDENTE,False,,5330
0801134-16.2022.8.19.0014,2022,TJRJ,Campos dos Goytacazes,PESSOA FÍSICA,BILHETERIA DIGITAL PROMOCAO E ENTRETENIMENTO,Outros,ACORDO HOMOLOGADO,,,941
0801134-54.2018.8.10.0063,2018,TJMA,,,,,PARCIALMENTE PROCEDENTE,True,5000.0,6998
0801135-92.2022.8.15.0731,2022,TJPB,,PESSOA FÍSICA,,,ACORDO HOMOLOGADO,,,1304
0801137-90.2022.8.19.0039,2022,TJRJ,Paracambi,PESSOA FÍSICA,TELEMAR NORTE LESTE,Telecomunicações,ACORDO HOMOLOGADO,,,849
0801139-87.2021.8.19.0203,2021,TJRJ,Rio de Janeiro,PESSOA FÍSICA,VIA VAREJO,Varejo e serviços,EXTINTO SEM MÉRITO,False,,2026
0801141-53.2024.8.19.0041,2024,TJRJ,Paraty,PESSOA FÍSICA,ITAU UNIBANCO,Banco e financeira,ACORDO HOMOLOGADO,,,1755
0801141-72.2021.8.19.0004,2021,TJRJ,São Gonçalo,PESSOA FÍSICA,COMPANHIA ESTADUAL DE AGUAS E ESGOTOS CEDAE,Saneamento,ACORDO HOMOLOGADO,,,1104
0801143-12.2019.8.10.0053,2019,TJMA,Porto Franco,PESSOA FÍSICA,,,IMPROCEDENTE,False,,12618
0801144-03.2021.8.19.0206,2021,TJRJ,Rio de Janeiro,PESSOA FÍSICA,CLARO,Telecomunicações,ACORDO HOMOLOGADO,,,2416
0801146-15.2020.8.10.0058,2020,TJMA,Ilha de São Luís,PESSOA FÍSICA,AYMORE CREDITO,Banco e financeira,EXTINTO SEM MÉRITO,False,,3028
0801148-59.2022.8.19.0253,2022,TJRJ,,,,,ACORDO HOMOLOGADO,,,1273
0801148-96.2024.8.19.0024,2024,TJRJ,Itaguaí,PESSOA FÍSICA,SHPS TECNOLOGIA E SERVICOS,Outros,ACORDO HOMOLOGADO,,,1783
0801149-83.2022.8.19.0046,2022,TJRJ,Rio Bonito,PESSOA FÍSICA,RÉU: ITAU UNIBANCO,Banco e financeira,ACORDO HOMOLOGADO,,,3085
0801151-52.2019.8.10.0032,2019,TJMA,Coelho Neto,PESSOA FÍSICA,BANCO BRADESCO FINANCIAMENTOS,Banco e financeira,EXTINTO SEM MÉRITO,False,,3404
0801158-33.2021.8.10.0110,2021,TJMA,Penalva,,,,IMPROCEDENTE,False,300.0,10489
0801158-92.2024.8.18.0049,2024,TJPI,Elesbão Veloso,PESSOA FÍSICA,,,IMPROCEDENTE,False,,7067
0801159-36.2019.8.10.0062,2019,TJMA,,PESSOA FÍSICA,BANCO BRADESCO,Banco e financeira,PARCIALMENTE PROCEDENTE,True,98.18,16787
0801159-37.2021.8.19.0055,2021,TJRJ,São Pedro da Aldeia,PESSOA FÍSICA,,,PARCIALMENTE PROCEDENTE,True,2798.75,6386
0801160-34.2022.8.20.5107,2022,TJRN,Nova Cruz,PESSOA FÍSICA,ISEP - INSTITUTO SUPERIOR DE EDUCAÇÃO DE PESQUEIRA LTDA E OUTROS,Outros,PROCEDENTE,True,,9654
0801162-58.2016.8.10.0009,2016,TJMA,,,,,EXTINTO SEM MÉRITO,False,,2099
0801164-89.2022.8.10.0147,2022,TJMA,Riachão,PESSOA FÍSICA,GOL LINHAS AEREAS INTELIGENTES,Transporte aéreo,PROCEDENTE,True,623.79,6921
0801165-04.2021.8.19.0036,2021,TJRJ,Nilópolis,PESSOA FÍSICA,COMPANHIA ESTADUAL DE AGUAS E ESGOTOS CEDAE,Saneamento,ACORDO HOMOLOGADO,,,1161
0801167-46.2022.8.19.0033,2022,TJRJ,Miguel Pereira,PESSOA FÍSICA,KW FITNESS IMPORTACAO E EXPORTACAO DE ARTIGOS ESPORTIVOS,Outros,EXTINTO SEM MÉRITO,False,,3261
0801170-70.2022.8.19.0010,2022,TJRJ,Bom Jesus de Itabapoana,PESSOA FÍSICA,OI MOVEL,Telecomunicações,ACORDO HOMOLOGADO,,,795
0801172-68.2023.8.10.0038,2023,TJMA,João Lisboa,,,,IMPROCEDENTE,False,,10688
0801173-08.2023.8.10.0150,2023,TJMA,Pinheiro,PESSOA FÍSICA,EQUATORIAL MARANHÃO DISTRIBUIDORA DE ENERGIA,Energia,PARCIALMENTE PROCEDENTE,True,,5237
0801173-83.2022.8.19.0023,2022,TJRJ,Itaboraí,,,,ACORDO HOMOLOGADO,,,1076
0801176-65.2019.8.10.0032,2019,TJMA,Coelho Neto,PESSOA FÍSICA,BANCO BRADESCO FINANCIAMENTOS,Banco e financeira,IMPROCEDENTE,False,,13869
0801177-62.2022.8.19.0204,2022,TJRJ,,,,,ACORDO HOMOLOGADO,,,861
0801178-08.2021.8.19.0002,2021,TJRJ,,,,,ACORDO HOMOLOGADO,,,405
0801183-66.2021.8.19.0087,2021,TJRJ,,PESSOA FÍSICA,B2W COMPANHIA DIGITAL,Outros,ACORDO HOMOLOGADO,,,1391
0801185-43.2024.8.19.0083,2024,TJRJ,Japeri,PESSOA FÍSICA,ITAU UNIBANCO,Banco e financeira,ACORDO HOMOLOGADO,,,814
0801185-76.2023.8.18.0060,2023,TJPI,Luzilândia,PESSOA FÍSICA,BANCO BRADESCO,Banco e financeira,IMPROCEDENTE,False,,12446
0801190-68.2021.8.19.0213,2021,TJRJ,,,,,ACORDO HOMOLOGADO,,,967
0801196-25.2021.8.19.0068,2021,TJRJ,Rio das Ostras,PESSOA FÍSICA,OI MOVEL,Telecomunicações,ACORDO HOMOLOGADO,,,997
0801196-63.2018.8.14.0005,2018,TJPA,Altamira,PESSOA FÍSICA,NORTE ENERGIA,Energia,IMPROCEDENTE,False,,8700
0801198-19.2018.8.20.5129,2018,TJRN,São Gonçalo do Amarante,PESSOA FÍSICA,BANCO BMG,Banco e financeira,PROCEDENTE,True,5000.0,5152
0801198-77.2021.8.19.0073,2021,TJRJ,Guapimirim,PESSOA FÍSICA,AMPLA ENERGIA E SERVIÇOS,Energia,ACORDO HOMOLOGADO,,,1223
0801199-51.2019.8.10.0148,2019,TJMA,Codó,PESSOA FÍSICA,,,PROCEDENTE,True,382.0,6701
0801216-36.2022.8.19.0050,2022,TJRJ,Santo Antônio de Pádua e Aperibé,PESSOA FÍSICA,AMPLA ENERGIA E SERVIÇOS,Energia,PROCEDENTE,True,2000.0,3558
0801218-41.2022.8.19.0006,2022,TJRJ,Barra do Piraí,PESSOA FÍSICA,BRASIL CARD ADMINISTRADORA DE CARTAO DE CREDITO,Banco e financeira,ACORDO HOMOLOGADO,,,1085
0801218-86.2021.8.19.0067,2021,TJRJ,Queimados,PESSOA FÍSICA,OI MOVEL,Telecomunicações,ACORDO HOMOLOGADO,,,919
0801220-25.2025.8.10.0016,2025,TJMA,São Luís,PESSOA FÍSICA,TAM LINHAS AEREAS,Transporte aéreo,PROCEDENTE,True,923.2,12656
0801222-27.2024.8.14.0110,2024,TJPA,Goianésia do Pará,,,,PARCIALMENTE PROCEDENTE,True,5000.0,18832
0801223-89.2021.8.10.0025,2021,TJMA,Bacabal,PESSOA FÍSICA,,,IMPROCEDENTE,False,,3949
0801224-19.2025.8.19.0208,2025,TJRJ,Rio de Janeiro,PESSOA FÍSICA,MOUNT HERMON ADMINISTRADORA DE BENEFICIOS,Outros,EXTINTO SEM MÉRITO,False,,1881
0801224-45.2025.8.10.0151,2025,TJMA,Santa Inês,PESSOA FÍSICA,OBA OBA SORVETES,Outros,EXTINTO SEM MÉRITO,False,,4622
0801224-49.2019.8.10.0153,2019,TJMA,Ilha de São Luís,PESSOA FÍSICA,,,PROCEDENTE,True,339.0,8559
0801225-56.2024.8.19.0008,2024,TJRJ,Belford Roxo,PESSOA FÍSICA,BANCO BRADESCARD,Banco e financeira,ACORDO HOMOLOGADO,,,831
0801225-74.2021.8.19.0036,2021,TJRJ,Nilópolis,PESSOA FÍSICA,CLARO,Telecomunicações,ACORDO HOMOLOGADO,,,791
0801229-03.2021.8.10.0153,2021,TJMA,Ilha de São Luís,PESSOA FÍSICA,,,PROCEDENTE,True,1000.0,5075
0801230-08.2022.8.19.0054,2022,TJRJ,São João de Meriti,PESSOA FÍSICA,RAINHA DAS JOIAS DE VILAR DOS TELES,Outros,ACORDO HOMOLOGADO,,,839
0801232-65.2024.8.10.0148,2024,TJMA,Codó,PESSOA FÍSICA,BANCO AGIBANK,Banco e financeira,IMPROCEDENTE,False,,2384
0801234-72.2022.8.10.0029,2022,TJMA,Caxias,PESSOA FÍSICA,,,IMPROCEDENTE,False,,8039
0801236-35.2020.8.10.0151,2020,TJMA,Santa Inês,PESSOA FÍSICA,,,EXTINTO SEM MÉRITO,False,,6328
0801236-53.2020.8.10.0048,2020,TJMA,,PESSOA FÍSICA,EQUATORIAL ENERGIA,Energia,PROCEDENTE,True,300.0,6223
0801240-75.2020.8.10.0150,2020,TJMA,Pinheiro,PESSOA FÍSICA,EQUATORIAL MARANHÃO DISTRIBUIDORA DE ENERGIA,Energia,PROCEDENTE,True,2000.0,8197
0801243-27.2024.8.19.0251,2024,TJRJ,Rio de Janeiro,PESSOA FÍSICA,BANCO DO BRASIL,Banco e financeira,ACORDO HOMOLOGADO,,,2509
0801243-50.2025.8.18.0047,2025,TJPI,Cristino Castro,PESSOA FÍSICA,TRANSPORTES AEREOS PORTUGUESES,Outros,ACORDO HOMOLOGADO,,,3385
0801244-27.2020.8.20.5100,2020,TJRN,Assu,PESSOA FÍSICA,BANCO BMG,Banco e financeira,EXTINTO SEM MÉRITO,False,,4402
0801246-43.2023.8.10.0032,2023,TJMA,Coelho Neto,PESSOA FÍSICA,,,IMPROCEDENTE,False,,3683
0801247-96.2024.8.19.0208,2024,TJRJ,Rio de Janeiro,PESSOA FÍSICA,IN GLOW BRASIL INTERMEDIACAO DE NEGOCIOS,Outros,ACORDO HOMOLOGADO,,,2163
0801251-71.2023.8.10.0127,2023,TJMA,São Luís Gonzaga do Maranhão,PESSOA FÍSICA,BRADESCO VIDA E PREVIDENCIA,Banco e financeira,PROCEDENTE,True,2647.12,11059
0801252-15.2021.8.19.0050,2021,TJRJ,Santo Antônio de Pádua e Aperibé,PESSOA FÍSICA,BANCO SANTANDER,Banco e financeira,ACORDO HOMOLOGADO,,,1429
0801257-37.2022.8.20.5106,2022,TJRN,,PESSOA FÍSICA,AMERICANAS,Varejo e serviços,IMPROCEDENTE,False,,10753
0801258-88.2019.8.10.0067,2019,TJMA,,PESSOA FÍSICA,BANCO BGN/CELETELEM,Banco e financeira,EXTINTO SEM MÉRITO,False,,4002
0801259-81.2020.8.10.0150,2020,TJMA,Pinheiro,PESSOA FÍSICA,BANCO PAN,Banco e financeira,ACORDO HOMOLOGADO,,,1885
0801259-96.2022.8.19.0203,2022,TJRJ,Rio de Janeiro,PESSOA FÍSICA,DIAGNOSTICOS DA AMERICA,Outros,ACORDO HOMOLOGADO,,,1392
0801261-38.2022.8.19.0083,2022,TJRJ,Japeri,PESSOA FÍSICA,PAGSEGURO INTERNET,Outros,ACORDO HOMOLOGADO,,,798
0801263-96.2019.8.18.0032,2019,TJPI,Picos,PESSOA FÍSICA,BANCO BRADESCO,Banco e financeira,,,3000.0,12292
0801264-88.2022.8.19.0213,2022,TJRJ,,,,,ACORDO HOMOLOGADO,,,995
0801267-25.2024.8.19.0067,2024,TJRJ,Queimados,PESSOA FÍSICA,CLARO,Telecomunicações,ACORDO HOMOLOGADO,,,2462
0801269-98.2024.8.14.0110,2024,TJPA,Goianésia do Pará,,,,PARCIALMENTE PROCEDENTE,True,908.6,14589
0801270-39.2024.8.19.0209,2024,TJRJ,Rio de Janeiro,PESSOA FÍSICA,FOCO ALUGUEL DE CARROS,Outros,,,,1937
0801270-50.2021.8.19.0207,2021,TJRJ,Rio de Janeiro,PESSOA FÍSICA,CLARO,Telecomunicações,ACORDO HOMOLOGADO,,,767
0801270-59.2021.8.19.0204,2021,TJRJ,Rio de Janeiro,PESSOA FÍSICA,AMIL ASSISTENCIA MEDICA INTERNACIONAL,Plano de saúde,IMPROCEDENTE,False,,6330
0801271-42.2018.8.10.0061,2018,TJMA,Viana,PESSOA FÍSICA,EQUATORIAL MARANHÃO DISTRIBUIDORA DE ENERGIA,Energia,PROCEDENTE,True,41850.0,11646
0801272-43.2025.8.14.0005,2025,TJPA,Altamira,PESSOA JURÍDICA,NOME: TELEFONICA BRASIL,Telecomunicações,PARCIALMENTE PROCEDENTE,True,,6679
0801274-40.2025.8.15.0181,2025,TJPB,,PESSOA FÍSICA,,,ACORDO HOMOLOGADO,,,828
0801275-60.2021.8.19.0211,2021,TJRJ,Rio de Janeiro,,SUL AMERICA SEGUROS DE PESSOAS E PREVIDENCIA,Seguros,IMPROCEDENTE,False,7608.31,29472
0801275-94.2022.8.19.0253,2022,TJRJ,,,,,ACORDO HOMOLOGADO,,,1267
0801278-30.2017.8.14.0070,2017,TJPA,Abaetetuba,PESSOA FÍSICA,PORTO SEGURO COMPANHIA DE SEGUROS GERAIS E VIP GESTÃO E LOGÍSTICA,Seguros,PARCIALMENTE PROCEDENTE,True,8000.0,16944
0801282-72.2022.8.20.5131,2022,TJRN,São Miguel,PESSOA FÍSICA,VIVO - TELEFONICA BRASIL,Telecomunicações,EXTINTO SEM MÉRITO,False,,3611
0801285-44.2022.8.19.0058,2022,TJRJ,Saquarema,PESSOA FÍSICA,AMPLA ENERGIA E SERVIÇOS,Energia,ACORDO HOMOLOGADO,,,908
0801286-51.2017.8.10.0059,2017,TJMA,Ilha de São Luís,PESSOA FÍSICA,,,PARCIALMENTE PROCEDENTE,True,24676.09,12571
0801287-27.2025.8.12.0018,2025,TJMS,Sancionamentos Outros Cabíveis,PESSOA FÍSICA,TELEFONICA BRASIL,Telecomunicações,PROCEDENTE,True,8000.0,11710
0801289-83.2023.8.10.0030,2023,TJMA,,PESSOA FÍSICA,123 VIAGENS E TURISMO,Outros,PROCEDENTE,True,10000.0,9455
0801290-31.2019.8.10.0120,2019,TJMA,São Bento,PESSOA FÍSICA,EQUATORIAL MARANHÃO DISTRIBUIDORA DE ENERGIA S/A E OUTROS,Energia,IMPROCEDENTE,False,,3733
0801290-80.2024.8.19.0063,2024,TJRJ,Três Rios,PESSOA FÍSICA,GRUPO CASAS BAHIA,Varejo e serviços,ACORDO HOMOLOGADO,,,1204
0801291-30.2020.8.19.0023,2020,TJRJ,Itaboraí,,,,ACORDO HOMOLOGADO,,,1078
0801292-31.2021.8.10.0152,2021,TJMA,,PESSOA FÍSICA,,,IMPROCEDENTE,False,,5448
0801295-18.2019.8.10.0067,2019,TJMA,,PESSOA FÍSICA,BANCO BGN/CETELEM,Banco e financeira,EXTINTO SEM MÉRITO,False,,3750
0801295-38.2023.8.10.0015,2023,TJMA,São Luís,,,,,,5000.0,11984
0801297-22.2022.8.10.0151,2022,TJMA,Santa Inês,PESSOA FÍSICA,EQUATORIAL MARANHÃO DISTRIBUIDORA DE ENERGIA,Energia,PARCIALMENTE PROCEDENTE,True,,7754
0801299-45.2021.8.20.5131,2021,TJRN,São Miguel,PESSOA FÍSICA,BANCO ITAU,Banco e financeira,PARCIALMENTE PROCEDENTE,True,2000.0,11114
0801300-48.2024.8.18.0162,2024,TJPI,Teresina,PESSOA FÍSICA,NUBANK,Outros,EXTINTO SEM MÉRITO,False,,6720
0801301-27.2021.8.15.0031,2021,TJPB,Alagoa Grande,,,,EXTINTO SEM MÉRITO,False,,2920
0801302-10.2019.8.10.0067,2019,TJMA,,PESSOA FÍSICA,BANCO BGN/CETELEM,Banco e financeira,EXTINTO SEM MÉRITO,False,,3750
0801303-21.2025.8.15.0301,2025,TJPB,Pombal,PESSOA FÍSICA,ENERGISA PARAÍBA DISTRIBUIDORA DE ENERGIA ELÉTRICA,Energia,IMPROCEDENTE,False,,5321
0801303-47.2024.8.19.0203,2024,TJRJ,Rio de Janeiro,PESSOA FÍSICA,LIGHT SERVIÇOS DE ELETRICIDADE,Energia,ACORDO HOMOLOGADO,,,932
0801305-13.2019.8.10.0148,2019,TJMA,Codó,PESSOA FÍSICA,BANCO BRADESCO FINANCIAMENTOS,Banco e financeira,PROCEDENTE,True,2000.0,10233
0801308-96.2024.8.15.0521,2024,TJPB,,,,,ACORDO HOMOLOGADO,,,3540
0801309-09.2021.8.19.0058,2021,TJRJ,Saquarema,PESSOA FÍSICA,BANCO ITAU CONSIGNADO,Banco e financeira,ACORDO HOMOLOGADO,,,982
0801310-98.2022.8.19.0012,2022,TJRJ,Cachoeiras de Macacu,PESSOA FÍSICA,MOVIDA LOCACAO DE VEICULOS,Outros,ACORDO HOMOLOGADO,,,1145
0801311-77.2020.8.10.0150,2020,TJMA,Pinheiro,PESSOA FÍSICA,BANCO PAN,Banco e financeira,ACORDO HOMOLOGADO,,,1874
0801312-09.2018.8.10.0061,2018,TJMA,Viana,PESSOA FÍSICA,OI MOVEL,Telecomunicações,PROCEDENTE,True,4000.0,5970
0801314-46.2017.8.20.5101,2017,TJRN,Caicó,PESSOA FÍSICA,,,PARCIALMENTE PROCEDENTE,True,,6319
0801315-17.2020.8.10.0150,2020,TJMA,Pinheiro,PESSOA FÍSICA,BANCO CETELEM,Banco e financeira,ACORDO HOMOLOGADO,,,2084
0801315-34.2020.8.19.0031,2020,TJRJ,Maricá,PESSOA FÍSICA,BANCO SANTANDER (BRASIL),Banco e financeira,IMPROCEDENTE,False,,4306
0801316-97.2021.8.10.0107,2021,TJMA,Pastos Bons,PESSOA FÍSICA,EQUATORIAL MARANHÃO DISTRIBUIDORA DE ENERGIA,Energia,IMPROCEDENTE,False,,8891
0801318-53.2021.8.19.0063,2021,TJRJ,Três Rios,PESSOA FÍSICA,MERCADOLIVRE.COM ATIVIDADES DE INTERNET,Varejo e serviços,ACORDO HOMOLOGADO,,,1104
0801318-61.2019.8.10.0067,2019,TJMA,,PESSOA FÍSICA,BANCO BGN/CETELEM,Banco e financeira,EXTINTO SEM MÉRITO,False,,3750
0801318-88.2021.8.19.0213,2021,TJRJ,,,,,ACORDO HOMOLOGADO,,,967
0801319-16.2018.8.10.0056,2018,TJMA,,PESSOA FÍSICA,,,,,,2255
0801322-39.2022.8.15.0331,2022,TJPB,,PESSOA FÍSICA,BANRISUL S.A. ADMINISTRADORA DE CONSORCIOS,Outros,IMPROCEDENTE,False,,12729
0801322-65.2022.8.19.0254,2022,TJRJ,Rio de Janeiro,PESSOA FÍSICA,CLARO,Telecomunicações,ACORDO HOMOLOGADO,,,1223
0801324-96.2022.8.10.0153,2022,TJMA,Ilha de São Luís,PESSOA FÍSICA,MATEUS SUPERMERCADOS,Varejo e serviços,EXTINTO SEM MÉRITO,False,,2785
0801327-35.2020.8.10.0084,2020,TJMA,Cururupu,PESSOA FÍSICA,BANCO ITAÚ CONSIGNADOS,Banco e financeira,ACORDO HOMOLOGADO,,,1076
0801328-39.2020.8.10.0110,2020,TJMA,Viana,,,,,,,5721
0801329-39.2021.8.19.0045,2021,TJRJ,Resende,PESSOA FÍSICA,CONDOMINIO DO EDIFICIO SOLAR DA BOA VISTA,Outros,EXTINTO SEM MÉRITO,False,,1540
0801334-16.2022.8.19.0081,2022,TJRJ,Itatiaia,PESSOA FÍSICA,TELEFONICA BRASIL,Telecomunicações,ACORDO HOMOLOGADO,,,2136
0801341-34.2022.8.18.0146,2022,TJPI,Floriano,PESSOA FÍSICA,,,IMPROCEDENTE,False,,3680
0801344-58.2024.8.14.0104,2024,TJPA,Breu Branco,PESSOA FÍSICA,,,PROCEDENTE,True,1081.14,23782
0801344-86.2022.8.19.0040,2022,TJRJ,Paraíba do Sul,PESSOA FÍSICA,PAULO A. BAZAM JUNIOR,Outros,ACORDO HOMOLOGADO,,,1095
0801347-51.2022.8.10.0150,2022,TJMA,Pinheiro,PESSOA FÍSICA,BOTICARIO PRODUTOS DE BELEZA,Outros,IMPROCEDENTE,False,,7453
0801347-67.2022.8.20.5131,2022,TJRN,São Miguel,PESSOA FÍSICA,PARANÁ BANCO,Banco e financeira,IMPROCEDENTE,False,,7659
0801348-72.2023.8.19.0078,2023,TJRJ,Armação dos Búzios,PESSOA FÍSICA,BRADESCO SEGUROS,Banco e financeira,ACORDO HOMOLOGADO,,,1926
0801352-75.2021.8.19.0209,2021,TJRJ,,,,,ACORDO HOMOLOGADO,,,1351
0801352-89.2021.8.10.0059,2021,TJMA,Ilha de São Luís,PESSOA FÍSICA,TELEMAR NORTE LESTE,Telecomunicações,PARCIALMENTE PROCEDENTE,True,,7220
0801353-94.2021.8.19.0036,2021,TJRJ,Nilópolis,PESSOA FÍSICA,TELEMAR NORTE LESTE,Telecomunicações,ACORDO HOMOLOGADO,,,880
0801356-57.2019.8.10.0040,2019,TJMA,,,,,IMPROCEDENTE,False,,11160
0801359-08.2021.8.19.0067,2021,TJRJ,Queimados,PESSOA FÍSICA,FEIVA LANCHONETE,Outros,ACORDO HOMOLOGADO,,,977
0801360-59.2022.8.10.0147,2022,TJMA,Riachão,PESSOA FÍSICA,BANCO BRADESCO FINANCIAMENTOS,Banco e financeira,EXTINTO SEM MÉRITO,False,,2511
0801361-92.2022.8.19.0050,2022,TJRJ,Santo Antônio de Pádua e Aperibé,PESSOA FÍSICA,FORTALEZA AMBIENTAL GERENCIAMENTO DE RESIDUOS,Outros,ACORDO HOMOLOGADO,,,1757
0801362-86.2021.8.19.0026,2021,TJRJ,Itaperuna,PESSOA FÍSICA,BANCO ITAU,Banco e financeira,ACORDO HOMOLOGADO,,,1268
0801363-80.2021.8.19.0023,2021,TJRJ,Itaboraí,PESSOA FÍSICA,BANCO BRADESCO CARTOES,Banco e financeira,ACORDO HOMOLOGADO,,,1364
0801367-85.2021.8.19.0066,2021,TJRJ,Volta Redonda,PESSOA FÍSICA,LIGHT SERVIÇOS DE ELETRICIDADE,Energia,ACORDO HOMOLOGADO,,,754
0801368-21.2022.8.20.5106,2022,TJRN,Mossoró,PESSOA FÍSICA,LOJAS RIACHUELO,Varejo e serviços,IMPROCEDENTE,False,,5813
0801369-89.2020.8.10.0147,2020,TJMA,,PESSOA FÍSICA,EQUATORIAL MARANHÃO DISTRIBUIDORA DE ENERGIA,Energia,EXTINTO SEM MÉRITO,False,,2883
0801370-25.2020.8.10.0131,2020,TJMA,Senador La Rocque,PESSOA FÍSICA,EQUATORIAL MARANHÃO DISTRIBUIDORA DE ENERGIA,Energia,ACORDO HOMOLOGADO,,,1952
0801370-83.2021.8.15.0411,2021,TJPB,,PESSOA FÍSICA,BANCO C6 CONSIGNADO,Banco e financeira,IMPROCEDENTE,False,,11316
0801372-05.2024.8.20.5004,2024,TJRN,Natal,PESSOA FÍSICA,COSTA VEICULOS,Outros,PROCEDENTE,True,,5100
0801376-13.2024.8.20.5143,2024,TJRN,Marcelino Vieira,PESSOA FÍSICA,UNIAO SEGURADORA S.A. - VIDA E PREVIDENCIA,Seguros,PROCEDENTE,True,5000.0,13085
0801376-44.2019.8.10.0009,2019,TJMA,Ilha de São Luís,PESSOA FÍSICA,UNIMED DO BRASIL CONFEDERACAO NAC DAS COOPERATIVAS MED E OUTROS,Plano de saúde,PROCEDENTE,True,1680.0,10218
0801382-18.2022.8.19.0002,2022,TJRJ,,,,,ACORDO HOMOLOGADO,,,861
0801383-66.2020.8.19.0036,2020,TJRJ,Nilópolis,PESSOA FÍSICA,PAGSEGURO INTERNET,Outros,ACORDO HOMOLOGADO,,,884
0801386-19.2020.8.10.0053,2020,TJMA,Porto Franco,PESSOA FÍSICA,,,PROCEDENTE,True,2000.0,11871
0801386-40.2022.8.19.0007,2022,TJRJ,Barra Mansa,PESSOA FÍSICA,TELEFONICA BRASIL,Telecomunicações,ACORDO HOMOLOGADO,,,1620
0801387-83.2021.8.20.5131,2021,TJRN,São Miguel,PESSOA FÍSICA,BANCO SANTANDER BRASIL,Banco e financeira,EXTINTO SEM MÉRITO,False,,1710
0801388-58.2021.8.19.0067,2021,TJRJ,Queimados,PESSOA FÍSICA,OI MOVEL,Telecomunicações,ACORDO HOMOLOGADO,,,926
0801388-71.2022.8.19.0213,2022,TJRJ,,,,,ACORDO HOMOLOGADO,,,995
0801391-82.2024.8.19.0010,2024,TJRJ,Bom Jesus de Itabapoana,PESSOA FÍSICA,AMPLA ENERGIA E SERVIÇOS,Energia,ACORDO HOMOLOGADO,,,855
0801397-48.2020.8.10.0150,2020,TJMA,,PESSOA FÍSICA,BANCO PAN,Banco e financeira,EXTINTO SEM MÉRITO,False,,3952
0801398-53.2022.8.10.0153,2022,TJMA,Ilha de São Luís,,,,PROCEDENTE,True,2000.0,6005
0801401-43.2022.8.10.0012,2022,TJMA,,PESSOA FÍSICA,LATAM AIRLINES GROUP,Transporte aéreo,EXTINTO SEM MÉRITO,False,,4211
0801401-85.2020.8.10.0053,2020,TJMA,,PESSOA FÍSICA,BANCO BRADESCO,Banco e financeira,PROCEDENTE,True,742.06,12054
0801404-13.2024.8.20.5100,2024,TJRN,Assu,PESSOA FÍSICA,APEC - SOCIEDADE POTIGUAR DE EDUCACAO E CULTURA,Outros,PARCIALMENTE PROCEDENTE,True,566.97,6244
0801409-70.2021.8.19.0055,2021,TJRJ,São Pedro da Aldeia,PESSOA FÍSICA,ENEL BRASIL,Energia,PROCEDENTE,True,3000.0,5977
0801411-16.2021.8.19.0063,2021,TJRJ,Três Rios,PESSOA FÍSICA,VIA VAREJO,Varejo e serviços,ACORDO HOMOLOGADO,,,1607
0801412-54.2019.8.10.0149,2019,TJMA,,,,,PROCEDENTE,True,,11978
0801413-55.2017.8.10.0037,2017,TJMA,Grajaú,PESSOA FÍSICA,BANCO BRADESCO FINANCIAMENTOS S/A (DEMANDADO),Banco e financeira,EXTINTO SEM MÉRITO,False,,2744
0801423-74.2023.8.15.0191,2023,TJPB,Sustento Próprio,PESSOA FÍSICA,BANCO MERCANTIL DO BRASIL,Banco e financeira,IMPROCEDENTE,False,,9671
0801424-06.2022.8.19.0087,2022,TJRJ,São Gonçalo,PESSOA FÍSICA,UBER DO BRASIL TECNOLOGIA,Outros,ACORDO HOMOLOGADO,,,1688
0801425-78.2018.8.10.0152,2018,TJMA,,,,,IMPROCEDENTE,False,,8470
0801428-72.2024.8.19.0087,2024,TJRJ,São Gonçalo,PESSOA FÍSICA,AMPLA ENERGIA E SERVIÇOS,Energia,ACORDO HOMOLOGADO,,,1725
0801432-80.2021.8.19.0066,2021,TJRJ,Volta Redonda,PESSOA FÍSICA,PARANÁ BANCO,Banco e financeira,ACORDO HOMOLOGADO,,,775
0801433-89.2024.8.19.0024,2024,TJRJ,Itaguaí,PESSOA FÍSICA,BEL MICRO COMPUTADORES,Outros,ACORDO HOMOLOGADO,,,1865
0801438-89.2017.8.10.0030,2017,TJMA,Caxias,PESSOA FÍSICA,BANCO BRADESCO,Banco e financeira,PROCEDENTE,True,4000.0,6637
0801439-47.2020.8.10.0102,2020,TJMA,Montes Altos,,,,IMPROCEDENTE,False,,11183
0801442-84.2024.8.20.5145,2024,TJRN,Nísia Floresta,PESSOA FÍSICA,MC SOLUCOES,Outros,EXTINTO SEM MÉRITO,False,,2568
0801443-19.2024.8.15.0001,2024,TJPB,,PESSOA FÍSICA,HAPVIDA - PARTICIPACOES E INVESTIMENTOS,Plano de saúde,IMPROCEDENTE,False,,6486
0801443-42.2017.8.10.0150,2017,TJMA,,PESSOA FÍSICA,,,PROCEDENTE,True,1000.0,3593
0801445-68.2018.8.10.0023,2018,TJMA,,PESSOA FÍSICA,HOT BEL COMERCIAL,Outros,EXTINTO SEM MÉRITO,False,,2846
0801447-74.2022.8.19.0014,2022,TJRJ,Campos dos Goytacazes,PESSOA FÍSICA,VIVO - TELERJ CELULAR,Telecomunicações,ACORDO HOMOLOGADO,,,909
0801450-13.2024.8.20.5161,2024,TJRN,Baraúna,PESSOA FÍSICA,,,ACORDO HOMOLOGADO,,,2297
0801453-48.2022.8.10.0009,2022,TJMA,,,,,IMPROCEDENTE,False,,4190
0801455-35.2024.8.20.5161,2024,TJRN,Baraúna,PESSOA FÍSICA,BANCO BRADESCO PROMOTORA,Banco e financeira,ACORDO HOMOLOGADO,,,2133
0801456-44.2025.8.19.0042,2025,TJRJ,Petrópolis,PESSOA FÍSICA,WB VAREJISTA,Outros,ACORDO HOMOLOGADO,,,804
0801458-77.2021.8.10.0018,2021,TJMA,,,,,IMPROCEDENTE,False,,3466
0801460-38.2022.8.19.0252,2022,TJRJ,Rio de Janeiro,PESSOA FÍSICA,QATAR AIRWAYS GROUP,Outros,ACORDO HOMOLOGADO,,,2301
0801461-80.2021.8.19.0212,2021,TJRJ,Niterói,PESSOA FÍSICA,BANCO BRADESCO,Banco e financeira,ACORDO HOMOLOGADO,,,5546
0801465-67.2019.8.10.0009,2019,TJMA,,,,,PARCIALMENTE PROCEDENTE,True,2000.0,6448
0801467-95.2019.8.10.0022,2019,TJMA,Açailândia,PESSOA FÍSICA,,,EXTINTO SEM MÉRITO,False,,4393
0801468-96.2019.8.20.5100,2019,TJRN,Assu,PESSOA FÍSICA,BANCO BMG,Banco e financeira,IMPROCEDENTE,False,,6596
0801472-87.2020.8.10.0150,2020,TJMA,Pinheiro,PESSOA FÍSICA,MAGAZINE LUIZA,Varejo e serviços,IMPROCEDENTE,False,5000.0,18525
0801473-68.2019.8.18.0123,2019,TJPI,Parnaíba,,,,,,,3241
0801476-38.2021.8.19.0054,2021,TJRJ,São João de Meriti,PESSOA FÍSICA,,,ACORDO HOMOLOGADO,,,803
0801477-73.2025.8.20.5124,2025,TJRN,Parnamirim,PESSOA FÍSICA,COMPANHIA ENERGÉTICA DO RIO GRANDE DO NORTE - COSERN,Energia,IMPROCEDENTE,False,,4223
0801481-20.2022.8.10.0040,2022,TJMA,Imperatriz,PESSOA FÍSICA,CREFISA SA CREDITO FINANCIAMENTO E INVESTIMENTOS,Banco e financeira,EXTINTO SEM MÉRITO,False,,1855
0801486-22.2020.8.10.0037,2020,TJMA,,PESSOA FÍSICA,BANCO PAN,Banco e financeira,IMPROCEDENTE,False,,8163
0801488-29.2024.8.19.0254,2024,TJRJ,Rio de Janeiro,PESSOA FÍSICA,PICPAY INSTITUICAO DE PAGAMENTO,Outros,ACORDO HOMOLOGADO,,,1236
0801492-42.2024.8.19.0068,2024,TJRJ,Rio das Ostras,PESSOA FÍSICA,MAGAZINE LUIZA,Varejo e serviços,ACORDO HOMOLOGADO,,,1782
0801493-54.2024.8.19.0253,2024,TJRJ,,,,,ACORDO HOMOLOGADO,,,1273
0801493-63.2020.8.10.0053,2020,TJMA,,PESSOA FÍSICA,BANCO BRADESCO,Banco e financeira,PROCEDENTE,True,3000.0,11743
0801499-25.2021.8.19.0008,2021,TJRJ,Belford Roxo,PESSOA FÍSICA,CLARO,Telecomunicações,ACORDO HOMOLOGADO,,,827
0801501-43.2024.8.12.0021,2024,TJMS,Osasco,PESSOA FÍSICA,ZS SEGUROS E SERVIÇOS FINANCEIROS LTDA ME E BANCO BRADESCO,Banco e financeira,PROCEDENTE,True,,21059
0801503-10.2020.8.10.0150,2020,TJMA,Pinheiro,PESSOA FÍSICA,BANCO BRADESCO,Banco e financeira,EXTINTO SEM MÉRITO,False,,6895
0801506-29.2022.8.15.2001,2022,TJPB,João Pessoa,PESSOA FÍSICA,BANCO ITAU CONSIGNADO,Banco e financeira,EXTINTO SEM MÉRITO,False,,4945
0801511-28.2022.8.18.0074,2022,TJPI,Simões,PESSOA FÍSICA,BANCO DO BRASIL,Banco e financeira,ACORDO HOMOLOGADO,,,2224
0801515-69.2020.8.10.0038,2020,TJMA,João Lisboa,,,,IMPROCEDENTE,False,998.0,3285
0801516-71.2018.8.10.0152,2018,TJMA,,,,,PROCEDENTE,True,1500.0,8725
0801517-68.2023.8.10.0059,2023,TJMA,Ilha de São Luís,PESSOA FÍSICA,MEU RODAPE,Outros,IMPROCEDENTE,False,,4107
0801523-68.2024.8.10.0147,2024,TJMA,,PESSOA FÍSICA,AGREX DO BRASIL,Outros,IMPROCEDENTE,False,,6374
0801524-76.2025.8.10.0031,2025,TJMA,Chapadinha,PESSOA FÍSICA,,,ACORDO HOMOLOGADO,,,1159
0801525-24.2020.8.19.0213,2020,TJRJ,,,,,ACORDO HOMOLOGADO,,,1022
0801526-06.2022.8.10.0046,2022,TJMA,Imperatriz,PESSOA FÍSICA,A RENOVAR,Outros,IMPROCEDENTE,False,,2791
0801526-25.2021.8.14.0015,2021,TJPA,Castanhal,PESSOA FÍSICA,,,IMPROCEDENTE,False,,9837
0801528-57.2019.8.10.0053,2019,TJMA,Porto Franco,PESSOA FÍSICA,,,PROCEDENTE,True,2000.0,11362
0801531-32.2021.8.10.0153,2021,TJMA,Ilha de São Luís,,,,PROCEDENTE,True,1500.0,5012
0801541-92.2022.8.19.0023,2022,TJRJ,Itaboraí,,,,ACORDO HOMOLOGADO,,,1076
0801542-11.2022.8.19.0045,2022,TJRJ,Resende,PESSOA FÍSICA,WHIRLPOOL,Outros,EXTINTO SEM MÉRITO,False,1000.0,6527
0801542-26.2021.8.19.0213,2021,TJRJ,,,,,ACORDO HOMOLOGADO,,,995
0801543-82.2020.8.10.0023,2020,TJMA,,PESSOA FÍSICA,BANCO INTER,Banco e financeira,EXTINTO SEM MÉRITO,False,,1542
0801550-07.2025.8.19.0037,2025,TJRJ,Nova Friburgo,PESSOA FÍSICA,,,ACORDO HOMOLOGADO,,,2041
0801550-80.2021.8.19.0058,2021,TJRJ,Saquarema,PESSOA FÍSICA,WHIRLPOOL,Outros,ACORDO HOMOLOGADO,,,843
0801556-25.2021.8.19.0014,2021,TJRJ,Campos dos Goytacazes,PESSOA FÍSICA,AMPLA ENERGIA E SERVIÇOS,Energia,ACORDO HOMOLOGADO,,,1105
0801556-41.2021.8.10.0025,2021,TJMA,Bacabal,,,,PARCIALMENTE PROCEDENTE,True,,6698
0801557-65.2023.8.20.5105,2023,TJRN,Macau,PESSOA FÍSICA,UNIAO BRASILEIRA DE APOSENTADOS DA PREVIDENCIA,Poder público,PROCEDENTE,True,5000.0,17231
0801558-64.2021.8.20.5123,2021,TJRN,Parelhas,PESSOA FÍSICA,FACULDADES METROPOLITANAS UNIDAS EDUCACIONAIS,Ensino,PARCIALMENTE PROCEDENTE,True,,5171
0801559-53.2019.8.10.0061,2019,TJMA,Viana,PESSOA FÍSICA,BANCO PAN,Banco e financeira,IMPROCEDENTE,False,,5782
0801562-24.2023.8.20.5126,2023,TJRN,Santa Cruz,PESSOA FÍSICA,,,IMPROCEDENTE,False,49.8,20887
0801563-30.2021.8.19.0042,2021,TJRJ,Petrópolis,PESSOA FÍSICA,,,ACORDO HOMOLOGADO,,,720
0801564-40.2022.8.19.0087,2022,TJRJ,São Gonçalo,PESSOA FÍSICA,RAQUEL DA CUNHA LIMA 01259146103,Outros,ACORDO HOMOLOGADO,,,2791
0801564-43.2021.8.20.5100,2021,TJRN,Assu,PESSOA JURÍDICA,APEC - SOCIEDADE POTIGUAR DE EDUCACAO E CULTURA,Outros,IMPROCEDENTE,False,,4206
0801573-62.2021.8.19.0046,2021,TJRJ,Rio Bonito,PESSOA FÍSICA,,,ACORDO HOMOLOGADO,,,3065
0801574-27.2020.8.15.0391,2020,TJPB,Teixeira,PESSOA FÍSICA,,,IMPROCEDENTE,False,,15842
0801582-43.2021.8.10.0056,2021,TJMA,Santa Inês,PESSOA FÍSICA,GOL LINHAS AEREAS INTELIGENTES,Transporte aéreo,ACORDO HOMOLOGADO,,,2957
0801582-67.2021.8.15.0391,2021,TJPB,,PESSOA FÍSICA,BANCO DO BRASIL,Banco e financeira,ACORDO HOMOLOGADO,,,3018
0801582-77.2019.8.10.0035,2019,TJMA,Coroatá,,,,ACORDO HOMOLOGADO,,,1467
0801582-86.2022.8.19.0014,2022,TJRJ,Campos dos Goytacazes,PESSOA FÍSICA,ITAU UNIBANCO HOLDING,Banco e financeira,ACORDO HOMOLOGADO,,,906
0801587-35.2025.8.10.0053,2025,TJMA,Porto Franco,PESSOA FÍSICA,,,IMPROCEDENTE,False,,12187
0801591-97.2024.8.10.0153,2024,TJMA,Ilha de São Luís,PESSOA FÍSICA,123 VIAGENS E TURISMO,Outros,PARCIALMENTE PROCEDENTE,True,764.8,7762
0801592-79.2024.8.19.0073,2024,TJRJ,Guapimirim,PESSOA FÍSICA,SAMSUNG ELETRONICA DA AMAZONIA,Energia,ACORDO HOMOLOGADO,,,1407
0801593-40.2022.8.10.0023,2022,TJMA,,PESSOA FÍSICA,PROCURADORIA DO BANCO CETELEM,Banco e financeira,EXTINTO SEM MÉRITO,False,,5067
0801597-31.2021.8.19.0001,2021,TJRJ,Rio de Janeiro,PESSOA FÍSICA,OI MOVEL,Telecomunicações,ACORDO HOMOLOGADO,,,669
0801598-53.2021.8.19.0021,2021,TJRJ,Duque de Caxias,PESSOA FÍSICA,CASA & VIDEO RIO DE JANEIRO,Outros,ACORDO HOMOLOGADO,,,1296
0801600-80.2022.8.19.0023,2022,TJRJ,Itaboraí,PESSOA FÍSICA,MONETIZZE,Outros,ACORDO HOMOLOGADO,,,1343
0801601-33.2022.8.19.0066,2022,TJRJ,Volta Redonda,PESSOA FÍSICA,TELEMAR NORTE LESTE,Telecomunicações,ACORDO HOMOLOGADO,,,816
0801607-21.2024.8.19.0082,2024,TJRJ,Pinheiral,PESSOA FÍSICA,FACEBOOK SERVICOS ONLINE DO BRASIL,Outros,ACORDO HOMOLOGADO,,,1258
0801613-85.2022.8.19.0021,2022,TJRJ,Duque de Caxias,PESSOA FÍSICA,B2W COMPANHIA DIGITAL,Outros,ACORDO HOMOLOGADO,,,1273
0801614-92.2021.8.14.0070,2021,TJPA,,,,,EXTINTO SEM MÉRITO,False,,1308
0801616-89.2019.8.10.0152,2019,TJMA,,PESSOA FÍSICA,EQUATORIAL MARANHÃO DISTRIBUIDORA DE ENERGIA,Energia,PROCEDENTE,True,2000.0,9480
0801618-31.2022.8.19.0014,2022,TJRJ,Campos dos Goytacazes,PESSOA FÍSICA,AMPLA ENERGIA E SERVIÇOS,Energia,EXTINTO SEM MÉRITO,False,,979
0801619-25.2023.8.10.0016,2023,TJMA,São Luís,PESSOA FÍSICA,SDL COMERCIO DE MATERIAIS ELETRICOS,Energia,PROCEDENTE,True,9098.0,6619
0801627-40.2021.8.19.0042,2021,TJRJ,Petrópolis,PESSOA FÍSICA,AMPLA ENERGIA E SERVIÇOS,Energia,ACORDO HOMOLOGADO,,,740
0801631-60.2024.8.10.0127,2024,TJMA,São Luís Gonzaga do Maranhão,PESSOA FÍSICA,,,PARCIALMENTE PROCEDENTE,True,1599.92,6783
0801634-94.2022.8.19.0204,2022,TJRJ,,,,,ACORDO HOMOLOGADO,,,137
0801637-07.2022.8.19.0024,2022,TJRJ,Itaguaí,PESSOA FÍSICA,P. K. K. CALCADOS,Outros,ACORDO HOMOLOGADO,,,1862
0801637-62.2021.8.19.0211,2021,TJRJ,,,,,PROCEDENTE,True,3000.0,4446
0801639-40.2025.8.20.5004,2025,TJRN,Natal,PESSOA FÍSICA,,,PROCEDENTE,True,2950.0,7755
0801645-26.2023.8.10.0015,2023,TJMA,São Luís,PESSOA FÍSICA,,,PARCIALMENTE PROCEDENTE,True,1008.32,8936
0801647-96.2019.8.10.0027,2019,TJMA,,PESSOA FÍSICA,,,IMPROCEDENTE,False,,13179
0801649-85.2019.8.10.0053,2019,TJMA,Porto Franco,PESSOA FÍSICA,,,PROCEDENTE,True,2000.0,4915
0801650-45.2022.8.19.0011,2022,TJRJ,Cabo Frio,PESSOA FÍSICA,BANCO SANTANDER,Banco e financeira,ACORDO HOMOLOGADO,,,584
0801653-25.2021.8.19.0014,2021,TJRJ,Campos dos Goytacazes,PESSOA FÍSICA,BANCO SANTANDER,Banco e financeira,ACORDO HOMOLOGADO,,,972
0801655-39.2021.8.10.0048,2021,TJMA,Itapecuru Mirim,PESSOA FÍSICA,MUNICÍPIO DE MIRANDA DO NORTE/MA,Poder público,PROCEDENTE,True,20000.0,10986
0801657-53.2021.8.18.0123,2021,TJPI,Parnaíba,,,,EXTINTO SEM MÉRITO,False,8999.0,7824
0801657-86.2024.8.10.0053,2024,TJMA,Porto Franco,PESSOA FÍSICA,BANCO BRADESCO SA E OUTROS,Banco e financeira,EXTINTO SEM MÉRITO,False,,2540
0801658-44.2019.8.10.0151,2019,TJMA,Santa Inês,PESSOA FÍSICA,,,EXTINTO SEM MÉRITO,False,,2000
0801661-02.2019.8.10.0150,2019,TJMA,Pinheiro,PESSOA FÍSICA,TRANSPORTE COLETIVO BRASIL,Outros,PARCIALMENTE PROCEDENTE,True,3000.0,5756
0801662-67.2024.8.19.0212,2024,TJRJ,Niterói,PESSOA FÍSICA,STONE PAGAMENTOS,Outros,ACORDO HOMOLOGADO,,,5586
0801663-19.2024.8.20.5161,2024,TJRN,Baraúna,PESSOA FÍSICA,,,ACORDO HOMOLOGADO,,,2948
0801667-43.2017.8.10.0032,2017,TJMA,,PESSOA FÍSICA,BANCO BRADESCO FINANCIAMENTOS,Banco e financeira,ACORDO HOMOLOGADO,,,2264
0801670-50.2022.8.10.0152,2022,TJMA,,,,,PROCEDENTE,True,5000.0,8070
0801670-53.2024.8.19.0209,2024,TJRJ,Rio de Janeiro,PESSOA FÍSICA,BUSER BRASIL TECNOLOGIA,Outros,ACORDO HOMOLOGADO,,,847
0801674-95.2022.8.19.0036,2022,TJRJ,Nilópolis,PESSOA FÍSICA,OTICAS DINIZ,Outros,ACORDO HOMOLOGADO,,,1217
0801675-83.2018.8.10.0032,2018,TJMA,,PESSOA FÍSICA,BANCO BRADESCO,Banco e financeira,EXTINTO SEM MÉRITO,False,,1450
0801682-66.2018.8.10.0035,2018,TJMA,Coroatá,,,,ACORDO HOMOLOGADO,,,1674
0801683-82.2022.8.19.0254,2022,TJRJ,Rio de Janeiro,PESSOA FÍSICA,CAMPOS FLORIDOS COMERCIO DE COSMETICOS,Outros,ACORDO HOMOLOGADO,,,1248
0801687-71.2023.8.18.0009,2023,TJPI,Teresina,PESSOA FÍSICA,,,IMPROCEDENTE,False,,5431
0801688-78.2024.8.19.0046,2024,TJRJ,Rio Bonito,PESSOA FÍSICA,RÉU: ENEL BRASIL,Energia,ACORDO HOMOLOGADO,,,3048
0801693-26.2022.8.19.0061,2022,TJRJ,Teresópolis,PESSOA FÍSICA,ELETROMEC DE TERESOPOLIS ELETROMECANICA,Energia,EXTINTO SEM MÉRITO,False,,5353
0801693-37.2021.8.18.0013,2021,TJPI,Teresina,,,,EXTINTO SEM MÉRITO,False,,2830
0801694-24.2022.8.10.0073,2022,TJMA,Barreirinhas,PESSOA FÍSICA,BANCO BRADESCO,Banco e financeira,ACORDO HOMOLOGADO,,,1940
0801699-57.2020.8.19.0011,2020,TJRJ,Cabo Frio,PESSOA FÍSICA,AUTO VIACAO 1001,Outros,ACORDO HOMOLOGADO,,,609
0801699-74.2024.8.19.0251,2024,TJRJ,Rio de Janeiro,PESSOA FÍSICA,CLARO,Telecomunicações,ACORDO HOMOLOGADO,,,2491
0801700-19.2021.8.10.0153,2021,TJMA,Ilha de São Luís,PESSOA FÍSICA,SV VIAGENS,Outros,EXTINTO SEM MÉRITO,False,,4906
0801703-63.2021.8.19.0204,2021,TJRJ,,,,,ACORDO HOMOLOGADO,,,137
0801703-75.2024.8.10.0053,2024,TJMA,Porto Franco,PESSOA FÍSICA,,,ACORDO HOMOLOGADO,,,2060
0801704-90.2022.8.19.0017,2022,TJRJ,Casimiro de Abreu,PESSOA FÍSICA,,,IMPROCEDENTE,False,720.0,7506
0801709-47.2020.8.10.0110,2020,TJMA,Penalva,,,,IMPROCEDENTE,False,,5828
0801712-60.2024.8.20.5161,2024,TJRN,Baraúna,PESSOA FÍSICA,,,EXTINTO SEM MÉRITO,False,,21525
0801715-35.2022.8.19.0045,2022,TJRJ,Resende,PESSOA FÍSICA,MARCADOPAGO.COM REPRESENTACOES,Outros,EXTINTO SEM MÉRITO,False,1000.0,9094
0801715-96.2023.8.10.0062,2023,TJMA,Vitorino Freire,PESSOA FÍSICA,LATAM AIRLINES GROUP,Transporte aéreo,PROCEDENTE,True,,7785
0801716-16.2022.8.19.0014,2022,TJRJ,Campos dos Goytacazes,PESSOA FÍSICA,MERCADOPAGO.COM REPRESENTACOES,Outros,ACORDO HOMOLOGADO,,,1027
0801717-58.2019.8.10.0110,2019,TJMA,Penalva,,,,IMPROCEDENTE,False,,3693
0801717-96.2021.8.19.0026,2021,TJRJ,Itaperuna,PESSOA FÍSICA,,,PROCEDENTE,True,1500.0,3195
0801721-71.2024.8.12.0011,2024,TJMS,,PESSOA FÍSICA,,,PARCIALMENTE PROCEDENTE,True,1500.0,5366
0801722-11.2022.8.19.0212,2022,TJRJ,Niterói,PESSOA FÍSICA,AMPLA ENERGIA E SERVIÇOS,Energia,ACORDO HOMOLOGADO,,,5571
0801723-67.2024.8.19.0004,2024,TJRJ,São Gonçalo,PESSOA FÍSICA,GRUPO CASAS BAHIA,Varejo e serviços,ACORDO HOMOLOGADO,,,933
0801723-89.2021.8.19.0063,2021,TJRJ,Três Rios,PESSOA FÍSICA,SUMUP SOLUCOES DE PAGAMENTO BRASIL,Outros,ACORDO HOMOLOGADO,,,1088
0801732-82.2024.8.10.0035,2024,TJMA,Coroatá,PESSOA FÍSICA,BANCO BRADESCO,Banco e financeira,IMPROCEDENTE,False,,4345
0801733-41.2020.8.19.0008,2020,TJRJ,Belford Roxo,PESSOA FÍSICA,COMPANHIA ESTADUAL DE ÁGUAS E ESGOTAS - CEDAE,Saneamento,ACORDO HOMOLOGADO,,,871
0801735-88.2021.8.19.0068,2021,TJRJ,Rio das Ostras,PESSOA FÍSICA,OI MOVEL,Telecomunicações,ACORDO HOMOLOGADO,,,940
0801738-04.2024.8.10.0128,2024,TJMA,,PESSOA FÍSICA,BANCO OLÉ BONSUCESSO CONSIGNADO,Banco e financeira,EXTINTO SEM MÉRITO,False,,10196
0801738-94.2022.8.20.5107,2022,TJRN,Nova Cruz,PESSOA FÍSICA,BANCO BMG,Banco e financeira,PARCIALMENTE PROCEDENTE,True,,11217
0801741-50.2021.8.19.0083,2021,TJRJ,Japeri,PESSOA FÍSICA,LIGHT SERVIÇOS DE ELETRICIDADE,Energia,ACORDO HOMOLOGADO,,,811
0801744-75.2022.8.15.0731,2022,TJPB,Cabedelo,PESSOA FÍSICA,TAM LINHAS AEREAS,Transporte aéreo,ACORDO HOMOLOGADO,,,6496
0801747-35.2024.8.19.0024,2024,TJRJ,Itaguaí,PESSOA FÍSICA,RIO+ SANEAMENTO BL3,Saneamento,ACORDO HOMOLOGADO,,,1144
0801751-33.2019.8.10.0110,2019,TJMA,Penalva,,,,IMPROCEDENTE,False,,3715
0801759-43.2025.8.18.0056,2025,TJPI,Itaueira,PESSOA FÍSICA,SUL AMERICA SEGUROS DE PESSOAS E PREVIDENCIA,Seguros,ACORDO HOMOLOGADO,,,3840
0801763-44.2021.8.10.0153,2021,TJMA,Ilha de São Luís,PESSOA FÍSICA,,,IMPROCEDENTE,False,,9090
0801765-57.2020.8.10.0150,2020,TJMA,Pinheiro,PESSOA FÍSICA,BANCO BRADESCO,Banco e financeira,IMPROCEDENTE,False,,3976
0801765-61.2021.8.19.0024,2021,TJRJ,Itaguaí,PESSOA FÍSICA,SKY BRASIL SERVICOS,Telecomunicações,ACORDO HOMOLOGADO,,,868
0801768-76.2022.8.19.0025,2022,TJRJ,Itaocara,PESSOA FÍSICA,TIM,Telecomunicações,PROCEDENTE,True,3000.0,4281
0801769-07.2019.8.10.0061,2019,TJMA,Viana,,,,PROCEDENTE,True,3000.0,5122
0801770-07.2018.8.10.0035,2018,TJMA,Coroatá,,,,EXTINTO SEM MÉRITO,False,,2177
0801774-78.2020.8.10.0001,2020,TJMA,,PESSOA FÍSICA,GOL LINHAS AEREAS INTELIGENTES,Transporte aéreo,ACORDO HOMOLOGADO,,,3638
0801775-47.2018.8.10.0029,2018,TJMA,Caxias,PESSOA FÍSICA,,,IMPROCEDENTE,False,,6117
0801777-94.2020.8.10.0110,2020,TJMA,Penalva,,,,IMPROCEDENTE,False,,3244
0801778-53.2024.8.19.0251,2024,TJRJ,Rio de Janeiro,PESSOA FÍSICA,INGRESSE - INGRESSOS PARA EVENTOS,Outros,ACORDO HOMOLOGADO,,,2495
0801779-06.2022.8.19.0058,2022,TJRJ,Saquarema,PESSOA FÍSICA,AMPLA ENERGIA E SERVIÇOS,Energia,ACORDO HOMOLOGADO,,,969
0801779-52.2022.8.10.0059,2022,TJMA,Ilha de São Luís,PESSOA FÍSICA,BANCO BRADESCARD,Banco e financeira,PARCIALMENTE PROCEDENTE,True,200.0,4495
0801779-72.2020.8.14.0039,2020,TJPA,,,,,EXTINTO SEM MÉRITO,False,,1155
0801780-10.2019.8.10.0102,2019,TJMA,,,,,EXTINTO SEM MÉRITO,False,,1517
0801781-09.2021.8.19.0026,2021,TJRJ,Itaperuna,PESSOA FÍSICA,MADSON ELETROMETALURGICA,Energia,ACORDO HOMOLOGADO,,,754
0801781-42.2022.8.19.0036,2022,TJRJ,Nilópolis,PESSOA FÍSICA,BANCO SANTANDER,Banco e financeira,ACORDO HOMOLOGADO,,,1174
0801782-93.2023.8.10.0116,2023,TJMA,Santa Luzia do Paruá,PESSOA FÍSICA,EAGLE SOCIEDADE DE CREDITO DIRETO S.A. E OUTROS,Banco e financeira,ACORDO HOMOLOGADO,,,1702
0801784-11.2024.8.10.0025,2024,TJMA,Bacabal,PESSOA FÍSICA,,,PARCIALMENTE PROCEDENTE,True,300.0,5169
0801784-83.2022.8.10.0153,2022,TJMA,Ilha de São Luís,PESSOA FÍSICA,,,PROCEDENTE,True,146.82,6320
0801784-86.2020.8.10.0110,2020,TJMA,Viana,,,,,,,5735
0801788-77.2022.8.19.0054,2022,TJRJ,São João de Meriti,PESSOA FÍSICA,BANCO C6,Banco e financeira,ACORDO HOMOLOGADO,,,794
0801793-69.2024.8.19.0203,2024,TJRJ,Rio de Janeiro,PESSOA FÍSICA,UNIMED RIO COOP. TRAB; MÉDICO DO RJ,Plano de saúde,ACORDO HOMOLOGADO,,,1448
0801793-86.2024.8.19.0068,2024,TJRJ,Rio das Ostras,PESSOA FÍSICA,BANCO BMG,Banco e financeira,ACORDO HOMOLOGADO,,,1776
0801798-50.2021.8.10.0073,2021,TJMA,Barreirinhas,PESSOA FÍSICA,,,EXTINTO SEM MÉRITO,False,,2788
0801805-28.2020.8.19.0008,2020,TJRJ,Belford Roxo,PESSOA FÍSICA,BANCO BRADESCO,Banco e financeira,ACORDO HOMOLOGADO,,,841
0801806-56.2025.8.10.0115,2025,TJMA,Rosário,PESSOA FÍSICA,,,PROCEDENTE,True,3350.0,6678
0801808-71.2020.8.19.0011,2020,TJRJ,Cabo Frio,PESSOA FÍSICA,BV FINANCEIRA SA CREDITO FINANCIAMENTO E INVESTIMENTO,Banco e financeira,ACORDO HOMOLOGADO,,,627
0801810-19.2022.8.10.0012,2022,TJMA,,PESSOA FÍSICA,SAMSUNG ELETRONICA DA AMAZONIA LTDA E OUTROS,Energia,EXTINTO SEM MÉRITO,False,,10794
0801811-58.2019.8.10.0028,2019,TJMA,,PESSOA FÍSICA,,,ACORDO HOMOLOGADO,,,61536
0801811-64.2022.8.19.0008,2022,TJRJ,Belford Roxo,PESSOA FÍSICA,BANCO C6,Banco e financeira,ACORDO HOMOLOGADO,,,829
0801812-43.2019.8.10.0028,2019,TJMA,,PESSOA FÍSICA,,,ACORDO HOMOLOGADO,,,61474
0801814-59.2021.8.19.0006,2021,TJRJ,Barra do Piraí,PESSOA FÍSICA,K INFRA RODOVIA DO ACO,Outros,ACORDO HOMOLOGADO,,,683
0801815-20.2019.8.10.0053,2019,TJMA,,PESSOA FÍSICA,BANCO BONSUCESSO,Banco e financeira,EXTINTO SEM MÉRITO,False,,1238
0801815-29.2025.8.15.0131,2025,TJPB,Cajazeiras,,,,ACORDO HOMOLOGADO,,,904
0801820-47.2022.8.19.0001,2022,TJRJ,Rio de Janeiro,,,,ACORDO HOMOLOGADO,,,1124
0801826-69.2021.8.10.0153,2021,TJMA,Ilha de São Luís,,,,PROCEDENTE,True,1500.0,9014
0801828-07.2021.8.19.0212,2021,TJRJ,Niterói,PESSOA FÍSICA,POUSADA VALE SILVESTRE,Outros,ACORDO HOMOLOGADO,,,5557
0801828-70.2021.8.20.5129,2021,TJRN,São Gonçalo do Amarante,PESSOA FÍSICA,CARREFOUR COMERCIO E INDUSTRIA,Outros,IMPROCEDENTE,False,,6321
0801830-64.2021.8.20.5121,2021,TJRN,Macaíba,PESSOA FÍSICA,OI MOVEL,Telecomunicações,EXTINTO SEM MÉRITO,False,,1449
0801831-49.2022.8.19.0010,2022,TJRJ,Bom Jesus de Itabapoana,PESSOA FÍSICA,AMPLA ENERGIA E SERVIÇOS,Energia,ACORDO HOMOLOGADO,,,768
0801832-59.2020.8.20.5124,2020,TJRN,Parnamirim,PESSOA FÍSICA,BANCO DO BRASIL,Banco e financeira,IMPROCEDENTE,False,,22816
0801836-52.2024.8.19.0026,2024,TJRJ,Itaperuna,PESSOA FÍSICA,AMPLA ENERGIA E SERVIÇOS,Energia,ACORDO HOMOLOGADO,,,756
0801837-11.2023.8.10.0127,2023,TJMA,São Luís Gonzaga do Maranhão,PESSOA FÍSICA,BANCO BRADESCO,Banco e financeira,PROCEDENTE,True,1237.86,10086
0801840-79.2025.8.19.0212,2025,TJRJ,Niterói,PESSOA FÍSICA,CLARO,Telecomunicações,ACORDO HOMOLOGADO,,,5540
0801841-04.2024.8.19.0211,2024,TJRJ,,,,,ACORDO HOMOLOGADO,,,504
0801851-07.2020.8.10.0060,2020,TJMA,Próprio Sustento e do de Sua Família,PESSOA FÍSICA,IMOBILIARIA HALCA E DANIEL,Outros,,,,14231
0801852-33.2024.8.19.0211,2024,TJRJ,,,,,ACORDO HOMOLOGADO,,,504
0801857-61.2020.8.10.0012,2020,TJMA,,PESSOA FÍSICA,CAIXA DE ASSISTENCIA DOS FUNCIONARIOS DO BANCO DO BRASIL,Banco e financeira,EXTINTO SEM MÉRITO,False,,7290
0801857-70.2021.8.10.0127,2021,TJMA,São Luís Gonzaga do Maranhão,PESSOA FÍSICA,COMPANHIA DE SEGUROS PREVIDENCIA DO SUL,Seguros,PROCEDENTE,True,239.9,9661
0801862-46.2021.8.10.0110,2021,TJMA,Penalva,,,,IMPROCEDENTE,False,300.0,11129
0801864-45.2022.8.19.0008,2022,TJRJ,Belford Roxo,PESSOA FÍSICA,OI MOVEL,Telecomunicações,ACORDO HOMOLOGADO,,,855
0801866-15.2025.8.10.0152,2025,TJMA,Presunção,PESSOA FÍSICA,CREFISA SA CREDITO FINANCIAMENTO E INVESTIMENTOS,Banco e financeira,EXTINTO SEM MÉRITO,False,,5084
0801867-51.2021.8.19.0067,2021,TJRJ,Queimados,,,,ACORDO HOMOLOGADO,,,545
0801867-80.2020.8.19.0004,2020,TJRJ,São Gonçalo,PESSOA FÍSICA,TELEFONICA BRASIL,Telecomunicações,ACORDO HOMOLOGADO,,,1095
0801869-23.2023.8.19.0076,2023,TJRJ,São José do Vale do Rio Preto,PESSOA FÍSICA,AMPLA ENERGIA E SERVIÇOS,Energia,PARCIALMENTE PROCEDENTE,True,1500.0,3149
0801870-44.2018.8.10.0040,2018,TJMA,,,,,PARCIALMENTE PROCEDENTE,True,2000.0,15021
0801871-19.2022.8.19.0208,2022,TJRJ,Rio de Janeiro,PESSOA FÍSICA,,,ACORDO HOMOLOGADO,,,2186
0801872-53.2021.8.19.0203,2021,TJRJ,Rio de Janeiro,PESSOA FÍSICA,CLARO,Telecomunicações,IMPROCEDENTE,False,,3740
0801879-75.2019.8.10.0038,2019,TJMA,,PESSOA FÍSICA,BANCO BRADESCO FINANCIAMENTOS,Banco e financeira,IMPROCEDENTE,False,,5184
0801880-88.2022.8.10.0027,2022,TJMA,Barra do Corda,PESSOA FÍSICA,BANCO BRADESCO,Banco e financeira,ACORDO HOMOLOGADO,,,1841
0801883-30.2022.8.19.0209,2022,TJRJ,Rio de Janeiro,PESSOA FÍSICA,HURB TECHNOLOGIES,Outros,ACORDO HOMOLOGADO,,,853
0801884-29.2022.8.10.0059,2022,TJMA,Ilha de São Luís,PESSOA FÍSICA,,,IMPROCEDENTE,False,,3518
0801888-12.2020.8.10.0035,2020,TJMA,Coroatá,,,,IMPROCEDENTE,False,,5010
0801890-47.2022.8.10.0023,2022,TJMA,,PESSOA FÍSICA,CLUB MAIS ADMINISTRADORA DE CARTOES,Outros,PROCEDENTE,True,5000.0,4432
0801893-18.2022.8.19.0066,2022,TJRJ,Volta Redonda,PESSOA FÍSICA,BANCO BMG,Banco e financeira,ACORDO HOMOLOGADO,,,726
0801893-46.2021.8.20.5103,2021,TJRN,Currais Novos,PESSOA FÍSICA,VIVO - TELEFONICA BRASIL,Telecomunicações,PROCEDENTE,True,5000.0,11218
0801895-18.2024.8.20.5133,2024,TJRN,,,,,IMPROCEDENTE,False,,13953
0801896-15.2022.8.19.0052,2022,TJRJ,Araruama,PESSOA FÍSICA,BANCO BMG,Banco e financeira,ACORDO HOMOLOGADO,,,755
0801897-16.2021.8.19.0058,2021,TJRJ,Saquarema,PESSOA FÍSICA,CLARO,Telecomunicações,ACORDO HOMOLOGADO,,,1132
0801897-31.2024.8.19.0213,2024,TJRJ,Mesquita,PESSOA FÍSICA,TELEFONICA BRASIL,Telecomunicações,ACORDO HOMOLOGADO,,,1655
0801899-96.2019.8.15.0371,2019,TJPB,Sousa,,,,,,5000.0,13638
0801907-72.2021.8.10.0038,2021,TJMA,João Lisboa,,,,IMPROCEDENTE,False,1212.0,3106
0801907-91.2024.8.19.0046,2024,TJRJ,Rio Bonito,PESSOA FÍSICA,RÉU: BANCO BRADESCO,Banco e financeira,ACORDO HOMOLOGADO,,,3102
0801908-57.2022.8.10.0059,2022,TJMA,Ilha de São Luís,PESSOA FÍSICA,,,PROCEDENTE,True,519.0,3004
0801912-92.2022.8.19.0011,2022,TJRJ,Cabo Frio,PESSOA FÍSICA,,,EXTINTO SEM MÉRITO,False,,2625
0801913-53.2022.8.19.0213,2022,TJRJ,,,,,ACORDO HOMOLOGADO,,,995
0801920-51.2022.8.19.0211,2022,TJRJ,,,,,ACORDO HOMOLOGADO,,,504
0801923-89.2022.8.19.0054,2022,TJRJ,São João de Meriti,PESSOA FÍSICA,FACI.LY SOLUCOES E TECNOLOGIA,Outros,ACORDO HOMOLOGADO,,,824
0801925-73.2024.8.19.0253,2024,TJRJ,,,,,ACORDO HOMOLOGADO,,,1273
0801927-86.2019.8.10.0150,2019,TJMA,Pinheiro,PESSOA FÍSICA,BRADESCO VIDA E PREVIDENCIA S.A. E OUTROS,Banco e financeira,IMPROCEDENTE,False,,5020
0801930-19.2022.8.19.0010,2022,TJRJ,Bom Jesus de Itabapoana,PESSOA FÍSICA,AMPLA ENERGIA E SERVIÇOS,Energia,ACORDO HOMOLOGADO,,,802
0801935-13.2024.8.20.5161,2024,TJRN,Baraúna,PESSOA FÍSICA,,,ACORDO HOMOLOGADO,,,2535
0801935-16.2024.8.19.0028,2024,TJRJ,Macaé,PESSOA FÍSICA,CAR SYSTEM ALARMES,Outros,ACORDO HOMOLOGADO,,,607
0801935-47.2022.8.19.0202,2022,TJRJ,Rio de Janeiro,PESSOA FÍSICA,UNIMED-RIO COOPERATIVA DE TRABALHO MÉDICO,Plano de saúde,ACORDO HOMOLOGADO,,,1157
0801937-41.2023.8.10.0102,2023,TJMA,Montes Altos,,,,IMPROCEDENTE,False,,8238
0801939-58.2018.8.10.0046,2018,TJMA,Imperatriz,PESSOA FÍSICA,BANCO BRADESCO,Banco e financeira,PROCEDENTE,True,855.55,12513
0801945-06.2018.8.18.0026,2018,TJPI,Campo Maior,PESSOA FÍSICA,TERRA PARTS INDUSTRIA DE PECAS AGRICOLAS,Outros,IMPROCEDENTE,False,,12342
0801945-34.2022.8.10.0108,2022,TJMA,Pindaré,PESSOA FÍSICA,,,EXTINTO SEM MÉRITO,False,,4355
0801947-31.2023.8.19.0039,2023,TJRJ,Paracambi,PESSOA FÍSICA,LIGHT SERVIÇOS DE ELETRICIDADE,Energia,ACORDO HOMOLOGADO,,,991
0801949-19.2022.8.19.0012,2022,TJRJ,,PESSOA FÍSICA,BAW CLOTHING INDUSTRIA E COMERCIO DE VESTUARIOS L,Outros,ACORDO HOMOLOGADO,,,822
0801950-79.2024.8.20.5161,2024,TJRN,Baraúna,PESSOA FÍSICA,,,PROCEDENTE,True,5000.0,12949
0801957-29.2020.8.18.0162,2020,TJPI,Teresina,PESSOA FÍSICA,,,EXTINTO SEM MÉRITO,False,,2188
0801957-39.2021.8.19.0203,2021,TJRJ,Rio de Janeiro,PESSOA FÍSICA,MARCADOPAGO.COM REPRESENTACOES,Outros,ACORDO HOMOLOGADO,,,1391
0801958-47.2019.8.18.0033,2019,TJPI,Piripiri,PESSOA FÍSICA,BANCO DO BRASIL,Banco e financeira,ACORDO HOMOLOGADO,,,1232
0801959-49.2021.8.19.0028,2021,TJRJ,Macaé,PESSOA FÍSICA,ALLPARK EMPREENDIMENTOS,Outros,ACORDO HOMOLOGADO,,,637
0801959-77.2020.8.18.0136,2020,TJPI,Teresina,PESSOA FÍSICA,A G DE S MOURA,Outros,EXTINTO SEM MÉRITO,False,,8536
0801960-08.2025.8.18.0162,2025,TJPI,Teresina,PESSOA FÍSICA,GOL LINHAS AEREAS,Transporte aéreo,IMPROCEDENTE,False,,5755
0801961-86.2018.8.10.0153,2018,TJMA,Ilha de São Luís,PESSOA FÍSICA,,,PARCIALMENTE PROCEDENTE,True,2000.0,8749
0801977-26.2021.8.19.0075,2021,TJRJ,Magé,PESSOA FÍSICA,AMPLA ENERGIA E SERVIÇOS,Energia,EXTINTO SEM MÉRITO,False,,923
0801980-60.2023.8.10.0107,2023,TJMA,Pastos Bons,PESSOA FÍSICA,FUNDO DE INVESTIMENTO EM DIREITOS CREDITORIOS NAO PADRONIZADOS NPL II,Banco e financeira,IMPROCEDENTE,False,,15654
0801986-31.2020.8.10.0153,2020,TJMA,Ilha de São Luís,,,,IMPROCEDENTE,False,,5184
0801987-74.2021.8.19.0203,2021,TJRJ,Rio de Janeiro,PESSOA FÍSICA,,,ACORDO HOMOLOGADO,,,2132
0801989-18.2025.8.19.0037,2025,TJRJ,Nova Friburgo,PESSOA FÍSICA,FACEBOOK SERVICOS ONLINE DO BRASIL,Outros,ACORDO HOMOLOGADO,,,2055
0801994-81.2021.8.19.0004,2021,TJRJ,São Gonçalo,PESSOA FÍSICA,NOTRE DAME INTERMEDICA SAUDE,Plano de saúde,ACORDO HOMOLOGADO,,,1389
0802000-70.2021.8.19.0204,2021,TJRJ,,,,,ACORDO HOMOLOGADO,,,137
0802004-05.2024.8.19.0010,2024,TJRJ,Bom Jesus de Itabapoana,PESSOA FÍSICA,AMPLA ENERGIA E SERVIÇOS,Energia,ACORDO HOMOLOGADO,,,854
0802007-21.2023.8.19.0001,2023,TJRJ,Rio de Janeiro,PESSOA FÍSICA,TELEFONICA BRASIL,Telecomunicações,ACORDO HOMOLOGADO,,,1112
0802007-45.2022.8.10.0150,2022,TJMA,Pinheiro,PESSOA FÍSICA,BANCO SANTANDER (BRASIL),Banco e financeira,EXTINTO SEM MÉRITO,False,,4359
0802007-49.2025.8.20.5004,2025,TJRN,Natal,PESSOA FÍSICA,,,IMPROCEDENTE,False,,9307
0802009-20.2024.8.20.5112,2024,TJRN,Apodi,PESSOA FÍSICA,,,ACORDO HOMOLOGADO,,,2435
0802012-85.2024.8.15.0141,2024,TJPB,,PESSOA FÍSICA,,,IMPROCEDENTE,False,,10099
0802013-75.2024.8.15.0301,2024,TJPB,,PESSOA FÍSICA,ATACADAO,Varejo e serviços,IMPROCEDENTE,False,,3424
0802021-95.2021.8.19.0026,2021,TJRJ,Itaperuna,PESSOA FÍSICA,BANCO DO BRASIL,Banco e financeira,PROCEDENTE,True,1000.0,3117
0802022-54.2021.8.19.0067,2021,TJRJ,Queimados,PESSOA FÍSICA,LIGHT SERVIÇOS DE ELETRICIDADE,Energia,ACORDO HOMOLOGADO,,,908
0802023-09.2021.8.10.0061,2021,TJMA,Viana,PESSOA FÍSICA,BANCO DO BRASIL,Banco e financeira,IMPROCEDENTE,False,3000.0,12626
0802024-53.2020.8.19.0004,2020,TJRJ,São Gonçalo,PESSOA FÍSICA,COMPANHIA ESTADUAL DE AGUAS E ESGOTOS CEDAE,Saneamento,ACORDO HOMOLOGADO,,,909
0802028-75.2021.8.18.0136,2021,TJPI,Teresina,PESSOA FÍSICA,SAMSUNG ELETRONICA DA AMAZONIA,Energia,PARCIALMENTE PROCEDENTE,True,1709.1,10144
0802033-62.2021.8.10.0058,2021,TJMA,Ilha de São Luís,,,,EXTINTO SEM MÉRITO,False,,2427
0802036-34.2021.8.19.0036,2021,TJRJ,Nilópolis,PESSOA FÍSICA,LIGHT SERVIÇOS DE ELETRICIDADE,Energia,ACORDO HOMOLOGADO,,,821
0802038-47.2022.8.10.0059,2022,TJMA,Ilha de São Luís,PESSOA FÍSICA,INNOVARE COMERCIO E SERVICOS DE ENSINO E TREINAMENTOS DE INFORMATICA,Ensino,IMPROCEDENTE,False,,3198
0802038-96.2025.8.19.0251,2025,TJRJ,Rio de Janeiro,PESSOA FÍSICA,CONDOMINIO DO EDIFICIO CANTO MAIOR,Outros,ACORDO HOMOLOGADO,,,2182
0802048-67.2024.8.15.0161,2024,TJPB,,PESSOA FÍSICA,BANCO ITAU CONSIGNADO,Banco e financeira,EXTINTO SEM MÉRITO,False,,5253
0802049-35.2022.8.19.0024,2022,TJRJ,Itaguaí,PESSOA FÍSICA,,,ACORDO HOMOLOGADO,,,876
0802054-10.2020.8.18.0136,2020,TJPI,Teresina,PESSOA FÍSICA,,,PARCIALMENTE PROCEDENTE,True,4300.0,10074
0802054-28.2021.8.19.0045,2021,TJRJ,Resende,PESSOA FÍSICA,BANCO DO BRASIL,Banco e financeira,,,1100.0,3439
0802056-09.2024.8.20.5107,2024,TJRN,Nova Cruz,PESSOA FÍSICA,ASSOCIACAO ASSISTENCIAL DOS TRABALHADORES ATIVOS,Outros,ACORDO HOMOLOGADO,,,2676
0802056-82.2022.8.15.0171,2022,TJPB,Novo Hamburgo,PESSOA FÍSICA,G. DA SILVA CALCADOS,Outros,PROCEDENTE,True,,7129
0802056-92.2021.8.19.0046,2021,TJRJ,Rio Bonito,PESSOA FÍSICA,AMAZON SERVICOS DE VAREJO DO BRASIL,Outros,IMPROCEDENTE,False,,4793
0802061-37.2022.8.10.0012,2022,TJMA,Certificação,PESSOA FÍSICA,GOL LINHAS AEREAS INTELIGENTES,Transporte aéreo,IMPROCEDENTE,False,,6518
0802062-53.2021.8.10.0110,2021,TJMA,Penalva,,,,PROCEDENTE,True,2000.0,10266
0802066-52.2024.8.10.0024,2024,TJMA,,PESSOA FÍSICA,BANCO BNP PARIBAS BRASIL,Banco e financeira,ACORDO HOMOLOGADO,,,2824
0802069-27.2018.8.10.0053,2018,TJMA,Porto Franco,PESSOA FÍSICA,,,ACORDO HOMOLOGADO,,,2790
0802070-43.2022.8.19.0078,2022,TJRJ,Armação dos Búzios,PESSOA FÍSICA,SKY AIRLINE,Telecomunicações,ACORDO HOMOLOGADO,,,1247
0802072-26.2019.8.10.0027,2019,TJMA,,PESSOA FÍSICA,,,IMPROCEDENTE,False,,13172
0802072-26.2025.8.10.0153,2025,TJMA,Ilha de São Luís,PESSOA FÍSICA,ECONOMY ASSESSORIA FINANCEIRA,Banco e financeira,PROCEDENTE,True,5733.3,11317
0802074-44.2021.8.10.0053,2021,TJMA,Porto Franco,PESSOA FÍSICA,,,IMPROCEDENTE,False,,7708
0802075-12.2022.8.10.0015,2022,TJMA,,PESSOA FÍSICA,BILHETERIA DIGITAL PROMOCAO E ENTRETENIMENTO,Outros,PROCEDENTE,True,413.86,9471
0802078-44.2024.8.19.0209,2024,TJRJ,Rio de Janeiro,PESSOA FÍSICA,BANCO BRADESCO,Banco e financeira,ACORDO HOMOLOGADO,,,808
0802080-58.2022.8.19.0023,2022,TJRJ,Itaboraí,PESSOA FÍSICA,CLARO,Telecomunicações,IMPROCEDENTE,False,,5322
0802080-89.2023.8.20.5101,2023,TJRN,Caicó,PESSOA FÍSICA,BANCO BRADESCO,Banco e financeira,ACORDO HOMOLOGADO,,,2485
0802082-73.2022.8.19.0202,2022,TJRJ,Rio de Janeiro,PESSOA FÍSICA,UBER DO BRASIL TECNOLOGIA,Outros,ACORDO HOMOLOGADO,,,1137
0802083-83.2025.8.20.5130,2025,TJRN,São José de Mipibu,PESSOA FÍSICA,REU: LTL CURSOS TECNICOS,Outros,IMPROCEDENTE,False,5000.0,15128
0802088-55.2024.8.19.0026,2024,TJRJ,Itaperuna,PESSOA FÍSICA,AMPLA ENERGIA E SERVIÇOS,Energia,ACORDO HOMOLOGADO,,,756
0802091-51.2019.8.10.0053,2019,TJMA,Porto Franco,PESSOA FÍSICA,,,PROCEDENTE,True,2000.0,10938
0802092-31.2024.8.19.0014,2024,TJRJ,Campos dos Goytacazes,PESSOA FÍSICA,TELEFONICA BRASIL,Telecomunicações,ACORDO HOMOLOGADO,,,2289
0802103-93.2022.8.19.0252,2022,TJRJ,Rio de Janeiro,PESSOA FÍSICA,UNIVERSO ONLINE,Outros,ACORDO HOMOLOGADO,,,1685
0802107-91.2020.8.10.0110,2020,TJMA,Penalva,,,,IMPROCEDENTE,False,,3710
0802109-03.2021.8.19.0037,2021,TJRJ,Nova Friburgo,PESSOA FÍSICA,BANCO BRADESCO,Banco e financeira,ACORDO HOMOLOGADO,,,1931
0802110-23.2020.8.10.0150,2020,TJMA,Pinheiro,PESSOA FÍSICA,BANCO LOSANGO S.A. - BANCO MULTIPLO,Banco e financeira,PROCEDENTE,True,5000.0,8374
0802112-17.2022.8.19.0006,2022,TJRJ,Barra do Piraí,PESSOA FÍSICA,,,ACORDO HOMOLOGADO,,,1050
0802113-73.2021.8.19.0026,2021,TJRJ,Itaperuna,PESSOA FÍSICA,COMPANHIA ESTADUAL DE ÁGUAS E ESGOTAS - CEDAE,Saneamento,ACORDO HOMOLOGADO,,,799
0802117-90.2019.8.10.0007,2019,TJMA,,PESSOA FÍSICA,,,PROCEDENTE,True,8000.0,7850
0802119-77.2019.8.10.0066,2019,TJMA,Amarante do Maranhão,PESSOA FÍSICA,BANCO BRADESCO FINANCIAMENTOS,Banco e financeira,ACORDO HOMOLOGADO,,,2023
0802120-34.2023.8.10.0127,2023,TJMA,São Luís Gonzaga do Maranhão,PESSOA FÍSICA,BANCO BRADESCO,Banco e financeira,EXTINTO SEM MÉRITO,False,,4270
0802121-90.2019.8.10.0084,2019,TJMA,Cururupu,PESSOA FÍSICA,,,PROCEDENTE,True,400.0,1719
0802128-26.2019.8.10.0038,2019,TJMA,,PESSOA FÍSICA,TERRA NETWORKS BRASIL,Outros,IMPROCEDENTE,False,,4394
0802129-64.2021.8.19.0046,2021,TJRJ,Rio Bonito,PESSOA FÍSICA,CLARO,Telecomunicações,PROCEDENTE,True,3000.0,9213
0802133-69.2023.8.10.0115,2023,TJMA,Rosário,PESSOA FÍSICA,BANCO PAN,Banco e financeira,EXTINTO SEM MÉRITO,False,,2072
0802134-07.2023.8.10.0066,2023,TJMA,,PESSOA FÍSICA,,,PROCEDENTE,True,4709.51,5030
0802134-47.2020.8.19.0038,2020,TJRJ,Nova Iguaçu,PESSOA FÍSICA,LIGHT SERVIÇOS DE ELETRICIDADE,Energia,ACORDO HOMOLOGADO,,,2552
0802134-77.2022.8.10.0151,2022,TJMA,Santa Inês,PESSOA FÍSICA,,,EXTINTO SEM MÉRITO,False,,2006
0802134-81.2022.8.19.0004,2022,TJRJ,São Gonçalo,PESSOA FÍSICA,TELEFONICA BRASIL,Telecomunicações,ACORDO HOMOLOGADO,,,955
0802142-78.2025.8.10.0012,2025,TJMA,Seu Próprio Sustento,PESSOA FÍSICA,GOL LINHAS AEREAS,Transporte aéreo,EXTINTO SEM MÉRITO,False,,3314
0802142-82.2021.8.10.0153,2021,TJMA,Ilha de São Luís,PESSOA FÍSICA,W & S PUBLICIDADE E REPRESENTACOES,Outros,IMPROCEDENTE,False,,3815
0802143-67.2024.8.19.0038,2024,TJRJ,,,,,ACORDO HOMOLOGADO,,,2164
0802146-93.2023.8.10.0139,2023,TJMA,Vargem Grande,,,,IMPROCEDENTE,False,,5151
0802150-09.2019.8.10.0063,2019,TJMA,,,,,ACORDO HOMOLOGADO,,,1606
0802150-32.2024.8.10.0128,2024,TJMA,,PESSOA FÍSICA,BANCO PAN,Banco e financeira,PARCIALMENTE PROCEDENTE,True,,7447
0802153-80.2022.8.10.0152,2022,TJMA,,,,,IMPROCEDENTE,False,,3157
0802154-65.2022.8.10.0152,2022,TJMA,Probabilidade À Narrativa Inicial,PESSOA FÍSICA,MATEUS SUPERMERCADOS,Varejo e serviços,IMPROCEDENTE,False,,4678
0802154-89.2021.8.10.0026,2021,TJMA,Balsas,PESSOA FÍSICA,,,EXTINTO SEM MÉRITO,False,,7752
0802158-17.2022.8.19.0067,2022,TJRJ,Queimados,PESSOA FÍSICA,BANCO AGIPLAN,Banco e financeira,ACORDO HOMOLOGADO,,,879
0802158-28.2023.8.19.0052,2023,TJRJ,Araruama,PESSOA FÍSICA,BANCO BRADESCO,Banco e financeira,ACORDO HOMOLOGADO,,,783
0802158-69.2023.8.19.0006,2023,TJRJ,Barra do Piraí,PESSOA FÍSICA,KALUNGA COMERCIO E INDUSTRIA GRAFICA,Outros,ACORDO HOMOLOGADO,,,1633
0802158-77.2021.8.19.0026,2021,TJRJ,Itaperuna,PESSOA FÍSICA,ITANET CONECTA,Outros,IMPROCEDENTE,False,,2902
0802162-77.2021.8.19.0006,2021,TJRJ,Barra do Piraí,PESSOA FÍSICA,99 TECNOLOGIA,Outros,ACORDO HOMOLOGADO,,,1552
0802171-19.2022.8.19.0066,2022,TJRJ,Volta Redonda,PESSOA FÍSICA,GTR MOVEIS E DECORACOES,Outros,ACORDO HOMOLOGADO,,,783
0802171-78.2020.8.10.0150,2020,TJMA,Pinheiro,PESSOA FÍSICA,BANCO BRADESCO,Banco e financeira,IMPROCEDENTE,False,,5826
0802171-90.2023.8.10.0015,2023,TJMA,São Luís,,,,PARCIALMENTE PROCEDENTE,True,3000.0,11540
0802184-18.2021.8.19.0045,2021,TJRJ,Resende,PESSOA FÍSICA,BANCO SANTANDER (BRASIL),Banco e financeira,EXTINTO SEM MÉRITO,False,,1809
0802188-41.2015.8.12.0019,2015,TJMS,,PESSOA FÍSICA,,,EXTINTO SEM MÉRITO,False,,1777
0802192-36.2019.8.10.0038,2019,TJMA,,,,,EXTINTO SEM MÉRITO,False,,1671
0802199-43.2025.8.20.5113,2025,TJRN,Areia Branca,PESSOA FÍSICA,BANCO BMG,Banco e financeira,ACORDO HOMOLOGADO,,,940
0802206-43.2021.8.18.0162,2021,TJPI,Teresina,,,,PARCIALMENTE PROCEDENTE,True,,11717
0802207-05.2020.8.10.0059,2020,TJMA,Ilha de São Luís,PESSOA FÍSICA,,,PROCEDENTE,True,1000.0,5442
0802207-16.2025.8.12.0110,2025,TJMS,,PESSOA FÍSICA,TAM LINHAS AEREAS,Transporte aéreo,EXTINTO SEM MÉRITO,False,,1596
0802208-81.2020.8.20.5112,2020,TJRN,Apodi,PESSOA FÍSICA,TIM CELULAR,Telecomunicações,ACORDO HOMOLOGADO,,,1443
0802209-74.2021.8.19.0063,2021,TJRJ,Três Rios,PESSOA FÍSICA,CREFISA SA CREDITO FINANCIAMENTO E INVESTIMENTOS,Banco e financeira,ACORDO HOMOLOGADO,,,974
0802209-96.2024.8.19.0054,2024,TJRJ,São João de Meriti,PESSOA FÍSICA,ANHANGUERA EDUCACIONAL PARTICIPACOES,Ensino,ACORDO HOMOLOGADO,,,2624
0802212-27.2019.8.10.0038,2019,TJMA,,PESSOA FÍSICA,COMPANHIA ENERGETICA DO MARANH?O-CEMAR,Energia,PARCIALMENTE PROCEDENTE,True,2000.0,15637
0802213-36.2022.8.19.0012,2022,TJRJ,Cachoeiras de Macacu,PESSOA FÍSICA,BANCO PAN,Banco e financeira,IMPROCEDENTE,False,,7950
0802216-94.2021.8.20.5121,2021,TJRN,Macaíba,PESSOA FÍSICA,BANCO PAN,Banco e financeira,EXTINTO SEM MÉRITO,False,,3530
0802217-35.2021.8.19.0036,2021,TJRJ,Nilópolis,PESSOA FÍSICA,BRADESCO SAUDE,Plano de saúde,ACORDO HOMOLOGADO,,,878
0802220-20.2021.8.19.0026,2021,TJRJ,Itaperuna,PESSOA FÍSICA,SAMSUNG ELETRONICA DA AMAZONIA,Energia,PROCEDENTE,True,1519.36,3176
0802225-59.2022.8.19.0203,2022,TJRJ,Rio de Janeiro,PESSOA FÍSICA,LIGHT SERVIÇOS DE ELETRICIDADE,Energia,ACORDO HOMOLOGADO,,,2170
0802230-14.2021.8.19.0075,2021,TJRJ,Magé,PESSOA FÍSICA,CLARO,Telecomunicações,ACORDO HOMOLOGADO,,,911
0802231-49.2024.8.20.5124,2024,TJRN,Parnamirim,PESSOA FÍSICA,EBAZAR.COM.BR,Outros,EXTINTO SEM MÉRITO,False,,2681
0802231-50.2024.8.19.0024,2024,TJRJ,Itaguaí,PESSOA FÍSICA,TIM CELULAR,Telecomunicações,ACORDO HOMOLOGADO,,,1734
0802238-59.2023.8.10.0046,2023,TJMA,Imperatriz,PESSOA FÍSICA,AZUL LINHAS AEREAS BRASILEIRAS,Transporte aéreo,PROCEDENTE,True,1000.0,5348
0802242-55.2022.8.19.0087,2022,TJRJ,São Gonçalo,PESSOA FÍSICA,AMPLA ENERGIA E SERVIÇOS,Energia,EXTINTO SEM MÉRITO,False,,1621
0802244-95.2021.8.10.0059,2021,TJMA,Ilha de São Luís,PESSOA FÍSICA,SAGA INDIANA COMERCIO DE VEICULOS,Outros,IMPROCEDENTE,False,,4986
0802246-21.2023.8.20.5102,2023,TJRN,Ceará,PESSOA FÍSICA,BANCO BMG,Banco e financeira,EXTINTO SEM MÉRITO,False,,4578
0802252-54.2019.8.10.0023,2019,TJMA,,PESSOA JURÍDICA,E C P LETISTEL SERVICOS DE CATALOGOS TELEFONICOS,Outros,PARCIALMENTE PROCEDENTE,True,,2887
0802253-69.2019.8.10.0110,2019,TJMA,Penalva,,(A) DECLARAÇÃO DE INEXISTÊNCIA DE DÉBITOS; (B) CONDENAÇÃO DA EMPRESA REQUERIDA EM PROCEDER,Outros,PROCEDENTE,True,355.4,9235
0802254-31.2019.8.10.0053,2019,TJMA,Porto Franco,PESSOA FÍSICA,,,PARCIALMENTE PROCEDENTE,True,2000.0,9216
0802267-54.2021.8.19.0006,2021,TJRJ,Barra do Piraí,PESSOA FÍSICA,BANCO PAN,Banco e financeira,ACORDO HOMOLOGADO,,,1034
0802268-39.2021.8.19.0006,2021,TJRJ,Barra do Piraí,PESSOA FÍSICA,VIVO,Telecomunicações,ACORDO HOMOLOGADO,,,1510
0802271-39.2022.8.19.0206,2022,TJRJ,Rio de Janeiro,PESSOA FÍSICA,SOCIEDADE DE ENSINO SUPERIOR ESTACIO DE,Ensino,ACORDO HOMOLOGADO,,,2223
0802282-10.2021.8.10.0059,2021,TJMA,Ilha de São Luís,PESSOA FÍSICA,,,IMPROCEDENTE,False,,3780
0802285-37.2022.8.10.0153,2022,TJMA,Ilha de São Luís,PESSOA FÍSICA,CASA BAHIA COMERCIAL,Outros,PROCEDENTE,True,2000.0,5210
0802299-49.2020.8.10.0037,2020,TJMA,Grajaú,PESSOA FÍSICA,BANCO BRADESCO,Banco e financeira,IMPROCEDENTE,False,,18374
0802301-10.2022.8.19.0001,2022,TJRJ,,,,,ACORDO HOMOLOGADO,,,1267
0802301-80.2022.8.19.0010,2022,TJRJ,Bom Jesus de Itabapoana,PESSOA FÍSICA,AMPLA ENERGIA E SERVIÇOS,Energia,ACORDO HOMOLOGADO,,,770
0802301-93.2019.8.10.0153,2019,TJMA,Ilha de São Luís,PESSOA FÍSICA,BANCO CETELEM,Banco e financeira,PARCIALMENTE PROCEDENTE,True,1500.0,7274
0802302-65.2022.8.19.0010,2022,TJRJ,Bom Jesus de Itabapoana,PESSOA FÍSICA,AMPLA ENERGIA E SERVIÇOS,Energia,ACORDO HOMOLOGADO,,,791
0802303-32.2024.8.19.0252,2024,TJRJ,Rio de Janeiro,PESSOA FÍSICA,DIAGNOSTICOS DA AMERICA,Outros,ACORDO HOMOLOGADO,,,2341
0802307-23.2021.8.19.0075,2021,TJRJ,Magé,PESSOA FÍSICA,TIM,Telecomunicações,ACORDO HOMOLOGADO,,,915
0802308-62.2022.8.19.0078,2022,TJRJ,Armação dos Búzios,PESSOA FÍSICA,SBF COMERCIO DE PRODUTOS ESPORTIVOS,Varejo e serviços,ACORDO HOMOLOGADO,,,1969
0802309-49.2024.8.19.0087,2024,TJRJ,São Gonçalo,PESSOA FÍSICA,AMPLA ENERGIA E SERVIÇOS,Energia,ACORDO HOMOLOGADO,,,2761
0802312-43.2019.8.20.5101,2019,TJRN,Caicó,PESSOA FÍSICA,TIM CELULAR,Telecomunicações,IMPROCEDENTE,False,,5557
0802312-61.2022.8.19.0026,2022,TJRJ,Itaperuna,PESSOA FÍSICA,ENEL BRASIL,Energia,ACORDO HOMOLOGADO,,,1603
0802313-46.2022.8.19.0026,2022,TJRJ,Itaperuna,PESSOA FÍSICA,AMPLA ENERGIA E SERVIÇOS,Energia,ACORDO HOMOLOGADO,,,752
0802322-14.2022.8.19.0024,2022,TJRJ,Itaguaí,PESSOA FÍSICA,CLARO,Telecomunicações,ACORDO HOMOLOGADO,,,1759
0802323-88.2021.8.12.0004,2021,TJMS,,PESSOA FÍSICA,COMPANHIA BRASILEIRA DE DISTRIBUICAO,Outros,EXTINTO SEM MÉRITO,False,,4558
0802324-60.2019.8.20.5100,2019,TJRN,Assu,PESSOA FÍSICA,BANCO BMG,Banco e financeira,ACORDO HOMOLOGADO,,,5811
0802326-93.2020.8.20.5100,2020,TJRN,Assu,PESSOA FÍSICA,BANCO BMG,Banco e financeira,EXTINTO SEM MÉRITO,False,,4287
0802329-80.2024.8.19.0203,2024,TJRJ,Rio de Janeiro,PESSOA FÍSICA,ITAU UNIBANCO HOLDING,Banco e financeira,ACORDO HOMOLOGADO,,,2368
0802337-25.2022.8.19.0010,2022,TJRJ,Bom Jesus de Itabapoana,PESSOA FÍSICA,AMPLA ENERGIA E SERVIÇOS,Energia,ACORDO HOMOLOGADO,,,799
0802339-61.2024.8.20.5162,2024,TJRN,Extremoz,PESSOA FÍSICA,AVON COSMETICOS,Outros,EXTINTO SEM MÉRITO,False,,1846
0802339-92.2022.8.19.0010,2022,TJRJ,Bom Jesus de Itabapoana,PESSOA FÍSICA,AMPLA ENERGIA E SERVIÇOS,Energia,ACORDO HOMOLOGADO,,,777
0802340-27.2020.8.10.0001,2020,TJMA,São Luís,PESSOA FÍSICA,,,ACORDO HOMOLOGADO,,,2855
0802341-25.2023.8.15.0241,2023,TJPB,,PESSOA FÍSICA,A ASSOCIACAO NO BRASIL DE APOSENTADOS E PENSIONISTAS DA PREVIDENCIA SOCIAL - AP BRASIL,Outros,EXTINTO SEM MÉRITO,False,,5573
0802345-53.2021.8.10.0150,2021,TJMA,Pinheiro,PESSOA FÍSICA,MATEUS SUPERMERCADOS,Varejo e serviços,IMPROCEDENTE,False,,4467
0802348-71.2024.8.19.0208,2024,TJRJ,Rio de Janeiro,PESSOA FÍSICA,UBER DO BRASIL TECNOLOGIA,Outros,ACORDO HOMOLOGADO,,,2071
0802349-92.2024.8.19.0002,2024,TJRJ,Niterói,PESSOA JURÍDICA,,,ACORDO HOMOLOGADO,,,1878
0802353-15.2025.8.19.0061,2025,TJRJ,Ii Jec,,,,EXTINTO SEM MÉRITO,False,,1019
0802353-98.2019.8.10.0150,2019,TJMA,Pinheiro,PESSOA FÍSICA,CLARO,Telecomunicações,PARCIALMENTE PROCEDENTE,True,3000.0,7629
0802355-86.2019.8.10.0047,2019,TJMA,Imperatriz,,,,IMPROCEDENTE,False,,11706
0802358-86.2019.8.10.0032,2019,TJMA,Coelho Neto,PESSOA FÍSICA,BANCO BRADESCO,Banco e financeira,IMPROCEDENTE,False,,10467
0802361-48.2021.8.19.0023,2021,TJRJ,Itaboraí,PESSOA FÍSICA,LABORATORIO SANTA THEREZINHA ANALISES E PESQUISAS CLINICAS,Outros,ACORDO HOMOLOGADO,,,1435
0802362-98.2020.8.10.0029,2020,TJMA,Caxias,PESSOA FÍSICA,,,EXTINTO SEM MÉRITO,False,,6027
0802363-64.2023.8.10.0066,2023,TJMA,Amarante do Maranhão,PESSOA FÍSICA,BANCO BRADESCO,Banco e financeira,IMPROCEDENTE,False,,8697
0802365-23.2024.8.19.0042,2024,TJRJ,Petrópolis,PESSOA FÍSICA,AMPLA ENERGIA E SERVIÇOS,Energia,ACORDO HOMOLOGADO,,,817
0802376-11.2021.8.14.0070,2021,TJPA,,PESSOA FÍSICA,WPP - COMÉRCIO DE MOTOS,Outros,PROCEDENTE,True,10000.0,4311
0802378-50.2022.8.19.0023,2022,TJRJ,Itaboraí,PESSOA FÍSICA,NU PAGAMENTOS,Outros,ACORDO HOMOLOGADO,,,1358
0802380-03.2017.8.10.0037,2017,TJMA,Grajaú,PESSOA FÍSICA,BANCO IATU BMG,Banco e financeira,ACORDO HOMOLOGADO,,,1532
0802381-14.2019.8.10.0038,2019,TJMA,João Lisboa,PESSOA FÍSICA,,,ACORDO HOMOLOGADO,,,3407
0802390-22.2021.8.10.0097,2021,TJMA,Matinha,PESSOA FÍSICA,BANCO BRADESCO,Banco e financeira,EXTINTO SEM MÉRITO,False,,3543
0802392-96.2021.8.19.0046,2021,TJRJ,Rio Bonito,PESSOA FÍSICA,COOPERATIVA DE ELETRIFICACAO RURAL CACHOEIRAS ITABORAI,Outros,EXTINTO SEM MÉRITO,False,,3585
0802394-85.2024.8.10.0119,2024,TJMA,Santo Antonio dos Lopes,PESSOA FÍSICA,BANCO BRADESCO,Banco e financeira,PARCIALMENTE PROCEDENTE,True,,4855
0802395-63.2021.8.19.0042,2021,TJRJ,Petrópolis,PESSOA FÍSICA,,,ACORDO HOMOLOGADO,,,747
0802395-84.2018.8.10.0150,2018,TJMA,Pinheiro,PESSOA FÍSICA,BANCO BRADESCO,Banco e financeira,PROCEDENTE,True,5000.0,12999
0802395-92.2022.8.19.0021,2022,TJRJ,,,,,ACORDO HOMOLOGADO,,,416
0802396-65.2021.8.19.0004,2021,TJRJ,São Gonçalo,PESSOA FÍSICA,UNIMED SAO GONCALO NITEROI SOC COOP SERV MED HOSP,Plano de saúde,ACORDO HOMOLOGADO,,,1416
0802398-82.2023.8.15.0131,2023,TJPB,Cajazeiras,,,,ACORDO HOMOLOGADO,,,6417
0802398-86.2025.8.20.5106,2025,TJRN,Mossoró,PESSOA FÍSICA,BANCO ITAU,Banco e financeira,ACORDO HOMOLOGADO,,,1941
0802403-30.2019.8.10.0052,2019,TJMA,Pinheiro,PESSOA FÍSICA,SEGURADORA LIDER DO CONSORCIO DO SEGURO DPVAT S.A.(CNPJ=09.248.608/0001-04) E OUTROS,Seguros,IMPROCEDENTE,False,,14770
0802405-33.2021.8.19.0002,2021,TJRJ,Niterói,PESSOA FÍSICA,AMIL ASSISTENCIA MEDICA INTERNACIONAL,Plano de saúde,ACORDO HOMOLOGADO,,,1622
0802410-44.2022.8.19.0253,2022,TJRJ,,,,,ACORDO HOMOLOGADO,,,1273
0802410-65.2021.8.10.0015,2021,TJMA,Qualidade do Serviço,,,,PROCEDENTE,True,1000.0,7674
0802410-96.2023.8.15.0131,2023,TJPB,Cajazeiras,,,,ACORDO HOMOLOGADO,,,6396
0802415-52.2021.8.10.0059,2021,TJMA,Ilha de São Luís,PESSOA FÍSICA,OI MOVEL,Telecomunicações,PARCIALMENTE PROCEDENTE,True,,6489
0802416-20.2021.8.19.0210,2021,TJRJ,Rio de Janeiro,,,,ACORDO HOMOLOGADO,,,619
0802416-75.2021.8.18.0039,2021,TJPI,Barras,PESSOA FÍSICA,BANCO MERCANTIL DO BRASIL,Banco e financeira,EXTINTO SEM MÉRITO,False,,2608
0802417-88.2023.8.15.0131,2023,TJPB,Cajazeiras,,,,ACORDO HOMOLOGADO,,,6407
0802419-14.2021.8.19.0003,2021,TJRJ,Angra dos Reis,PESSOA FÍSICA,VIVO,Telecomunicações,ACORDO HOMOLOGADO,,,751
0802427-35.2023.8.15.0131,2023,TJPB,Cajazeiras,,,,ACORDO HOMOLOGADO,,,6417
0802427-80.2022.8.19.0253,2022,TJRJ,,,,,ACORDO HOMOLOGADO,,,1273
0802430-07.2022.8.19.0036,2022,TJRJ,Nilópolis,PESSOA FÍSICA,LIGHT SERVIÇOS DE ELETRICIDADE,Energia,ACORDO HOMOLOGADO,,,827
0802437-77.2020.8.20.5100,2020,TJRN,Assu,PESSOA FÍSICA,BANCO ITAU BMG CONSIGNADO,Banco e financeira,ACORDO HOMOLOGADO,,,8326
0802438-29.2024.8.19.0063,2024,TJRJ,Três Rios,PESSOA FÍSICA,AMPLA ENERGIA E SERVIÇOS,Energia,ACORDO HOMOLOGADO,,,1139
0802444-59.2022.8.19.0078,2022,TJRJ,Armação dos Búzios,PESSOA FÍSICA,ITAU UNIBANCO,Banco e financeira,ACORDO HOMOLOGADO,,,1246
0802449-13.2024.8.20.5113,2024,TJRN,Areia Branca,PESSOA FÍSICA,,,ACORDO HOMOLOGADO,,,2349
0802457-40.2024.8.20.5161,2024,TJRN,Baraúna,PESSOA FÍSICA,,,ACORDO HOMOLOGADO,,,3013
0802458-47.2022.8.19.0206,2022,TJRJ,Rio de Janeiro,PESSOA FÍSICA,FUNDO DE INVESTIMENTO EM DIREITOS CREDITORIOS NAO PADRONIZADOS NPL II,Banco e financeira,ACORDO HOMOLOGADO,,,2475
0802465-67.2019.8.10.0053,2019,TJMA,Porto Franco,PESSOA FÍSICA,BANCO BRADESCO,Banco e financeira,IMPROCEDENTE,False,866.64,18367
0802466-36.2022.8.19.0008,2022,TJRJ,Belford Roxo,PESSOA FÍSICA,TIM,Telecomunicações,ACORDO HOMOLOGADO,,,823
0802470-05.2024.8.15.0141,2024,TJPB,,PESSOA FÍSICA,,,IMPROCEDENTE,False,,21350
0802473-59.2018.8.10.0027,2018,TJMA,Barra do Corda,PESSOA JURÍDICA,FUNDO DE INVESTIMENTO EM DIREITOS CREDITORIOS NAO-PADRONIZADOS NPL I,Banco e financeira,IMPROCEDENTE,False,2000.0,7033
0802478-31.2024.8.19.0024,2024,TJRJ,Itaguaí,PESSOA FÍSICA,RIO+ SANEAMENTO BL3,Saneamento,ACORDO HOMOLOGADO,,,1736
0802480-17.2019.8.10.0027,2019,TJMA,,PESSOA FÍSICA,,,IMPROCEDENTE,False,,13168
0802486-40.2022.8.15.0751,2022,TJPB,,,,,ACORDO HOMOLOGADO,,,437
0802487-41.2024.8.19.0008,2024,TJRJ,Belford Roxo,PESSOA FÍSICA,GRUPO CASAS BAHIA,Varejo e serviços,ACORDO HOMOLOGADO,,,842
0802488-28.2018.8.10.0027,2018,TJMA,,PESSOA FÍSICA,,,PROCEDENTE,True,2000.0,12807
0802490-03.2023.8.19.0211,2023,TJRJ,,,,,ACORDO HOMOLOGADO,,,504
0802490-09.2023.8.19.0209,2023,TJRJ,Rio de Janeiro,PESSOA FÍSICA,UNIMED-RIO COOPERATIVA DE TRABALHO MEDICO DO RIO DE JANEIRO,Plano de saúde,EXTINTO SEM MÉRITO,False,,1756
0802494-74.2022.8.19.0211,2022,TJRJ,,,,,ACORDO HOMOLOGADO,,,504
0802498-14.2024.8.19.0253,2024,TJRJ,,,,,ACORDO HOMOLOGADO,,,1779
0802501-46.2018.8.10.0053,2018,TJMA,,PESSOA FÍSICA,,,EXTINTO SEM MÉRITO,False,,11195
0802508-35.2019.8.14.0039,2019,TJPA,,PESSOA JURÍDICA,BANCO ITAU CONSIGNADO,Banco e financeira,ACORDO HOMOLOGADO,,,1458
0802510-70.2025.8.20.5101,2025,TJRN,Caicó,PESSOA FÍSICA,BANCO SANTANDER,Banco e financeira,ACORDO HOMOLOGADO,,,2023
0802512-07.2020.8.10.0150,2020,TJMA,Pinheiro,PESSOA FÍSICA,EQUATORIAL MARANHÃO DISTRIBUIDORA DE ENERGIA,Energia,IMPROCEDENTE,False,,8416
0802513-80.2024.8.19.0253,2024,TJRJ,,,,,ACORDO HOMOLOGADO,,,1273
0802519-17.2025.8.20.5106,2025,TJRN,Mossoró,PESSOA FÍSICA,AAPB ASSOCIACAO DOS APOSENTADOS E PENSIONISTASDO BRASIL,Outros,EXTINTO SEM MÉRITO,False,,1223
0802523-12.2021.8.19.0001,2021,TJRJ,Rio de Janeiro,PESSOA FÍSICA,CCB BRASIL S A CREDITO FINANCIAMENTOS E INVESTIME,Banco e financeira,ACORDO HOMOLOGADO,,,1109
0802530-81.2017.8.10.0037,2017,TJMA,Grajaú,PESSOA FÍSICA,BANCO BRADESCO FINANCIAMENTOS,Banco e financeira,EXTINTO SEM MÉRITO,False,,1772
0802533-02.2021.8.19.0213,2021,TJRJ,,,,,ACORDO HOMOLOGADO,,,505
0802533-80.2025.8.10.0061,2025,TJMA,Viana,PESSOA FÍSICA,,,PARCIALMENTE PROCEDENTE,True,,24203
0802540-14.2021.8.10.0061,2021,TJMA,,PESSOA FÍSICA,BANCO BRADESCO VIDA E PREVIDÊNCIA,Banco e financeira,EXTINTO SEM MÉRITO,False,,12299
0802542-46.2021.8.19.0024,2021,TJRJ,Itaguaí,PESSOA FÍSICA,SODEXO PASS DO BRASIL SERVICOS E COMERCIO,Outros,ACORDO HOMOLOGADO,,,1825
0802546-16.2019.8.10.0150,2019,TJMA,Pinheiro,PESSOA FÍSICA,BANCO CETELEM,Banco e financeira,PROCEDENTE,True,4564.6,10785
0802549-80.2022.8.19.0031,2022,TJRJ,Maricá,PESSOA FÍSICA,AMPLA ENERGIA E SERVIÇOS,Energia,PARCIALMENTE PROCEDENTE,True,700.0,6935
0802550-65.2021.8.19.0204,2021,TJRJ,,,,,ACORDO HOMOLOGADO,,,137
0802554-08.2024.8.19.0072,2024,TJRJ,Paty do Alferes,PESSOA FÍSICA,BANCO CREFISA,Banco e financeira,ACORDO HOMOLOGADO,,,3891
0802556-75.2018.8.10.0027,2018,TJMA,,PESSOA FÍSICA,,,PROCEDENTE,True,2000.0,11165
0802572-33.2021.8.10.0024,2021,TJMA,Bacabal,,,,PROCEDENTE,True,100.0,13693
0802579-10.2022.8.10.0050,2022,TJMA,Ilha de São Luís,PESSOA FÍSICA,GOL TRANSPORTES AÉREOS,Transporte aéreo,IMPROCEDENTE,False,,4904
0802583-24.2019.8.10.0027,2019,TJMA,Barra do Corda,PESSOA FÍSICA,EQUATORIAL ENERGIA,Energia,IMPROCEDENTE,False,,7665
0802588-80.2024.8.19.0072,2024,TJRJ,Paty do Alferes,PESSOA FÍSICA,,,ACORDO HOMOLOGADO,,,3878
0802589-61.2021.8.19.0075,2021,TJRJ,Magé,PESSOA FÍSICA,,,ACORDO HOMOLOGADO,,,934
0802591-14.2023.8.19.0058,2023,TJRJ,Saquarema,PESSOA FÍSICA,SOCIEDADE EDUCACIONAL NOSSA SENHORA ROSA MISTICA,Ensino,ACORDO HOMOLOGADO,,,904
0802595-81.2021.8.14.0051,2021,TJPA,Santarém,PESSOA FÍSICA,GOL LINHAS AEREAS INTELIGENTES,Transporte aéreo,,,,6825
0802596-09.2020.8.19.0004,2020,TJRJ,São Gonçalo,PESSOA FÍSICA,GLOBO COMUNICAÇÃO E PARTICIPAÇÕES,Outros,ACORDO HOMOLOGADO,,,1101
0802598-91.2025.8.19.0007,2025,TJRJ,Barra Mansa,PESSOA FÍSICA,MERCADOLIVRE COM ATIVIDADES DE INTERNET,Varejo e serviços,ACORDO HOMOLOGADO,,,2143
0802600-20.2022.8.19.0087,2022,TJRJ,São Gonçalo,PESSOA FÍSICA,CLARO,Telecomunicações,ACORDO HOMOLOGADO,,,1678
0802600-81.2025.8.20.5100,2025,TJRN,Assu,,,,ACORDO HOMOLOGADO,,,1828
0802602-26.2022.8.10.0059,2022,TJMA,Ilha de São Luís,PESSOA FÍSICA,MATEUS SUPERMERCADOS,Varejo e serviços,PROCEDENTE,True,2.8,5000
0802608-50.2022.8.19.0037,2022,TJRJ,Nova Friburgo,PESSOA FÍSICA,CLARO,Telecomunicações,ACORDO HOMOLOGADO,,,1927
0802609-61.2024.8.10.0119,2024,TJMA,Santo Antonio dos Lopes,PESSOA FÍSICA,EQUATORIAL MARANHÃO DISTRIBUIDORA DE ENERGIA,Energia,PARCIALMENTE PROCEDENTE,True,,5813
0802609-93.2021.8.19.0029,2021,TJRJ,Magé,PESSOA FÍSICA,AMPLA ENERGIA E SERVIÇOS,Energia,ACORDO HOMOLOGADO,,,1880
0802610-46.2024.8.10.0119,2024,TJMA,Santo Antonio dos Lopes,PESSOA FÍSICA,EQUATORIAL MARANHÃO DISTRIBUIDORA DE ENERGIA,Energia,EXTINTO SEM MÉRITO,False,,2751
0802610-59.2022.8.19.0024,2022,TJRJ,Itaguaí,PESSOA FÍSICA,CREDZ ADMINISTRADORA DE CARTOES,Outros,ACORDO HOMOLOGADO,,,1760
0802610-60.2018.8.10.0053,2018,TJMA,,PESSOA FÍSICA,COMPANHIA DE SEGUROS PREVIDENCIA DO SUL,Seguros,ACORDO HOMOLOGADO,,,1543
0802611-02.2019.8.10.0153,2019,TJMA,Ilha de São Luís,PESSOA FÍSICA,,,PROCEDENTE,True,2157.84,7226
0802614-94.2021.8.19.0036,2021,TJRJ,Nilópolis,PESSOA FÍSICA,LIGHT SERVIÇOS DE ELETRICIDADE,Energia,ACORDO HOMOLOGADO,,,813
0802616-45.2023.8.19.0052,2023,TJRJ,Araruama,PESSOA FÍSICA,BANCO BRADESCO,Banco e financeira,ACORDO HOMOLOGADO,,,938
0802617-92.2021.8.19.0054,2021,TJRJ,São João de Meriti,PESSOA FÍSICA,LIGHT SERVIÇOS DE ELETRICIDADE,Energia,ACORDO HOMOLOGADO,,,1355
0802622-12.2022.8.19.0206,2022,TJRJ,Rio de Janeiro,PESSOA FÍSICA,LIGHT SERVIÇOS DE ELETRICIDADE,Energia,ACORDO HOMOLOGADO,,,2214
0802628-78.2021.8.12.0002,2021,TJMS,,PESSOA FÍSICA,SUDAMERICA CLUBE DE SERVIÇOS,Outros,IMPROCEDENTE,False,453.84,11290
0802632-07.2024.8.10.0119,2024,TJMA,Santo Antonio dos Lopes,PESSOA FÍSICA,MEARIM MOTOS,Outros,IMPROCEDENTE,False,,6438
0802632-34.2024.8.20.5161,2024,TJRN,Baraúna,PESSOA FÍSICA,,,ACORDO HOMOLOGADO,,,2993
0802641-79.2022.8.19.0024,2022,TJRJ,Itaguaí,PESSOA JURÍDICA,BANCO BRADESCARD,Banco e financeira,ACORDO HOMOLOGADO,,,1726
0802645-49.2022.8.19.0014,2022,TJRJ,Campos dos Goytacazes,PESSOA FÍSICA,CLARO,Telecomunicações,ACORDO HOMOLOGADO,,,858
0802647-93.2022.8.19.0054,2022,TJRJ,São João de Meriti,PESSOA FÍSICA,LIGHT SERVIÇOS DE ELETRICIDADE,Energia,ACORDO HOMOLOGADO,,,1353
0802650-87.2024.8.19.0083,2024,TJRJ,Japeri,PESSOA FÍSICA,MG SEGUROS VIDA E PREVIDENCIA,Seguros,ACORDO HOMOLOGADO,,,1376
0802656-77.2024.8.19.0024,2024,TJRJ,Itaguaí,PESSOA FÍSICA,ZOO VAREJO DIGITAL,Outros,ACORDO HOMOLOGADO,,,1756
0802657-21.2019.8.10.0046,2019,TJMA,Imperatriz,,,,,,2000.0,9424
0802659-35.2022.8.20.5113,2022,TJRN,Areia Branca,PESSOA FÍSICA,3Z MOVIMENTACAO INTELIGENTE,Outros,EXTINTO SEM MÉRITO,False,,4100
0802665-40.2022.8.19.0014,2022,TJRJ,Campos dos Goytacazes,PESSOA FÍSICA,APPLE COMPUTER BRASIL,Outros,ACORDO HOMOLOGADO,,,880
0802667-69.2021.8.19.0038,2021,TJRJ,,,,,ACORDO HOMOLOGADO,,,1875
0802668-59.2024.8.10.0148,2024,TJMA,Codó,PESSOA FÍSICA,,,ACORDO HOMOLOGADO,,,2390
0802672-82.2017.8.10.0038,2017,TJMA,,PESSOA FÍSICA,BANCO DO BRASIL,Banco e financeira,ACORDO HOMOLOGADO,,,2799
0802673-51.2019.8.10.0150,2019,TJMA,Pinheiro,PESSOA FÍSICA,BANCO BRADESCO,Banco e financeira,PROCEDENTE,True,403.44,12760
0802676-32.2019.8.10.0012,2019,TJMA,,,,,IMPROCEDENTE,False,,7476
0802679-55.2022.8.15.0751,2022,TJPB,,,,,ACORDO HOMOLOGADO,,,361
0802680-16.2021.8.19.0023,2021,TJRJ,Itaboraí,PESSOA FÍSICA,AMPLA ENERGIA E SERVIÇOS,Energia,ACORDO HOMOLOGADO,,,1376
0802688-96.2022.8.19.0042,2022,TJRJ,Petrópolis,PESSOA FÍSICA,,,ACORDO HOMOLOGADO,,,836
0802692-46.2020.8.10.0110,2020,TJMA,Penalva,,,,ACORDO HOMOLOGADO,,,1214
0802692-68.2021.8.10.0059,2021,TJMA,Ilha de São Luís,PESSOA FÍSICA,,,IMPROCEDENTE,False,,4186
0802697-70.2022.8.19.0038,2022,TJRJ,Nova Iguaçu,PESSOA FÍSICA,CLARO,Telecomunicações,ACORDO HOMOLOGADO,,,1183
0802699-29.2017.8.20.5004,2017,TJRN,Natal,PESSOA FÍSICA,OI MOVEL,Telecomunicações,PARCIALMENTE PROCEDENTE,True,2000.0,10622
0802700-86.2022.8.19.0050,2022,TJRJ,Santo Antônio de Pádua e Aperibé,PESSOA FÍSICA,AMPLA ENERGIA E SERVIÇOS,Energia,ACORDO HOMOLOGADO,,,1741
0802701-86.2022.8.10.0029,2022,TJMA,Caxias,PESSOA FÍSICA,BANCO BRADESCO,Banco e financeira,IMPROCEDENTE,False,,6039
0802702-03.2025.8.20.5004,2025,TJRN,Natal,PESSOA FÍSICA,BANCO DO BRASIL,Banco e financeira,PARCIALMENTE PROCEDENTE,True,149.9,14531
0802702-90.2023.8.10.0076,2023,TJMA,Estreito,PESSOA FÍSICA,,,IMPROCEDENTE,False,1200.0,14593
0802703-52.2022.8.19.0014,2022,TJRJ,Campos dos Goytacazes,PESSOA FÍSICA,ENEL - AMPLA ENERGIA E SERVIÇOS,Energia,ACORDO HOMOLOGADO,,,898
0802707-54.2022.8.18.0164,2022,TJPI,Teresina,PESSOA FÍSICA,,,EXTINTO SEM MÉRITO,False,,1532
0802714-90.2020.8.20.5004,2020,TJRN,Natal,PESSOA FÍSICA,,,IMPROCEDENTE,False,,2646
0802722-73.2023.8.20.5162,2023,TJRN,Extremoz,PESSOA FÍSICA,,,IMPROCEDENTE,False,,5529
0802726-02.2023.8.10.0050,2023,TJMA,Ilha de São Luís,PESSOA FÍSICA,,,PROCEDENTE,True,4000.0,8411
0802730-44.2021.8.19.0087,2021,TJRJ,,PESSOA FÍSICA,LABORATORIO DE ANAL CLINICAS ANATOMIA PATOLOGICA,Outros,ACORDO HOMOLOGADO,,,1433
0802730-69.2019.8.10.0053,2019,TJMA,Porto Franco,PESSOA FÍSICA,,,PROCEDENTE,True,2000.0,16516
0802733-16.2020.8.18.0037,2020,TJPI,Amarante,PESSOA JURÍDICA,,,ACORDO HOMOLOGADO,,,1410
0802737-76.2024.8.19.0072,2024,TJRJ,Paty do Alferes,PESSOA FÍSICA,CONCESSIONARIA AGUAS DE JUTURNAIBA,Saneamento,ACORDO HOMOLOGADO,,,3914
0802744-83.2024.8.19.0067,2024,TJRJ,Queimados,PESSOA FÍSICA,,,ACORDO HOMOLOGADO,,,890
0802753-66.2024.8.19.0254,2024,TJRJ,Rio de Janeiro,PESSOA FÍSICA,ITAU UNIBANCO,Banco e financeira,ACORDO HOMOLOGADO,,,1229
0802754-44.2025.8.10.0035,2025,TJMA,,PESSOA FÍSICA,LOJAS RIACHUELO SA E OUTROS,Varejo e serviços,IMPROCEDENTE,False,,8045
0802762-51.2021.8.19.0054,2021,TJRJ,São João de Meriti,PESSOA FÍSICA,ZURICH MINAS BRASIL SEGUROS,Seguros,ACORDO HOMOLOGADO,,,865
0802764-49.2022.8.19.0001,2022,TJRJ,Rio de Janeiro,PESSOA FÍSICA,CLARO,Telecomunicações,ACORDO HOMOLOGADO,,,2180
0802766-20.2021.8.19.0206,2021,TJRJ,Rio de Janeiro,PESSOA FÍSICA,,,ACORDO HOMOLOGADO,,,2246
0802769-71.2020.8.18.0162,2020,TJPI,Teresina,PESSOA FÍSICA,,,IMPROCEDENTE,False,,6465
0802800-75.2020.8.10.0110,2020,TJMA,Penalva,,,,ACORDO HOMOLOGADO,,,1237
0802805-98.2025.8.14.0017,2025,TJPA,Conceição do Araguaia,PESSOA FÍSICA,,,IMPROCEDENTE,False,2000.0,18197
0802813-90.2022.8.19.0001,2022,TJRJ,Rio de Janeiro,PESSOA FÍSICA,,,ACORDO HOMOLOGADO,,,618
0802831-42.2022.8.19.0024,2022,TJRJ,Itaguaí,PESSOA FÍSICA,PAGSEGURO INTERNET,Outros,ACORDO HOMOLOGADO,,,1734
0802843-16.2024.8.12.0110,2024,TJMS,,PESSOA FÍSICA,BANCO DO BRASIL,Banco e financeira,EXTINTO SEM MÉRITO,False,,1083
0802846-19.2019.8.18.0032,2019,TJPI,Picos,PESSOA FÍSICA,BANCO CETELEM,Banco e financeira,ACORDO HOMOLOGADO,,,1577
0802849-11.2023.8.18.0136,2023,TJPI,Teresina,PESSOA FÍSICA,R E E AUTO MECANICA DIESEL,Outros,IMPROCEDENTE,False,,8484
0802851-87.2022.8.19.0006,2022,TJRJ,Barra do Piraí,PESSOA FÍSICA,CLARO,Telecomunicações,ACORDO HOMOLOGADO,,,1030
0802853-03.2021.8.19.0003,2021,TJRJ,Angra dos Reis,PESSOA FÍSICA,LOJAS AMERICANAS,Varejo e serviços,ACORDO HOMOLOGADO,,,777
0802860-02.2022.8.15.0381,2022,TJPB,Sua Subsistência Ou de Sua Família,PESSOA FÍSICA,BANCO BRADESCO,Banco e financeira,PROCEDENTE,True,4000.0,22010
0802860-23.2021.8.19.0026,2021,TJRJ,Itaperuna,PESSOA FÍSICA,,,ACORDO HOMOLOGADO,,,774
0802868-81.2020.8.10.0059,2020,TJMA,Ilha de São Luís,PESSOA FÍSICA,,,PROCEDENTE,True,1299.0,8984
0802870-12.2024.8.19.0075,2024,TJRJ,Magé,PESSOA FÍSICA,BANCO ITAU,Banco e financeira,ACORDO HOMOLOGADO,,,915
0802876-31.2019.8.10.0047,2019,TJMA,Imperatriz,,,,EXTINTO SEM MÉRITO,False,,3932
0802877-31.2021.8.19.0003,2021,TJRJ,Angra dos Reis,PESSOA FÍSICA,VIVO,Telecomunicações,ACORDO HOMOLOGADO,,,758
0802879-88.2023.8.15.0731,2023,TJPB,,PESSOA FÍSICA,,,ACORDO HOMOLOGADO,,,1172
0802882-60.2022.8.19.0054,2022,TJRJ,São João de Meriti,PESSOA FÍSICA,CRED - SYSTEM ADMINISTRADORA DE CARTOES DE CREDITO,Banco e financeira,ACORDO HOMOLOGADO,,,835
0802885-88.2024.8.19.0007,2024,TJRJ,Barra Mansa,PESSOA FÍSICA,MASTERCARD BRASIL SOLUCOES DE PAGAMENTO,Outros,ACORDO HOMOLOGADO,,,2181
0802893-11.2020.8.19.0038,2020,TJRJ,,,,,ACORDO HOMOLOGADO,,,1875
0802893-88.2021.8.19.0001,2021,TJRJ,Rio de Janeiro,PESSOA FÍSICA,RIZZO CLINICA ODONTOLOGICA,Plano de saúde,EXTINTO SEM MÉRITO,False,,1183
0802897-03.2021.8.10.0058,2021,TJMA,Ilha de São Luís,PESSOA FÍSICA,EQUATORIAL MARANHÃO DISTRIBUIDORA DE ENERGIA,Energia,ACORDO HOMOLOGADO,,,1411
0802904-49.2023.8.19.0001,2023,TJRJ,Rio de Janeiro,PESSOA FÍSICA,UNIVERSO ONLINE,Outros,ACORDO HOMOLOGADO,,,632
0802912-17.2020.8.19.0038,2020,TJRJ,,,,,ACORDO HOMOLOGADO,,,1875
0802914-61.2023.8.15.0371,2023,TJPB,Sousa,PESSOA FÍSICA,MUNICIPIO DE JOCA CLAUDINO,Poder público,IMPROCEDENTE,False,,16989
0802916-71.2021.8.19.0021,2021,TJRJ,Duque de Caxias,PESSOA FÍSICA,,,ACORDO HOMOLOGADO,,,1259
0802917-60.2024.8.19.0212,2024,TJRJ,Niterói,PESSOA FÍSICA,ENEL BRASIL,Energia,ACORDO HOMOLOGADO,,,5524
0802919-52.2022.8.19.0001,2022,TJRJ,Rio de Janeiro,PESSOA FÍSICA,BLUE GROUP PARTICIPACOES E COMERCIO ELETRONICO,Energia,ACORDO HOMOLOGADO,,,1882
0802925-86.2021.8.20.5103,2021,TJRN,Currais Novos,PESSOA FÍSICA,,,ACORDO HOMOLOGADO,,,1514
0802927-77.2021.8.19.0061,2021,TJRJ,Teresópolis,PESSOA FÍSICA,BANCO C6,Banco e financeira,PROCEDENTE,True,2000.0,1760
0802931-02.2022.8.19.0087,2022,TJRJ,São Gonçalo,PESSOA FÍSICA,123 VIAGENS E TURISMO,Outros,ACORDO HOMOLOGADO,,,1693
0802932-35.2024.8.19.0210,2024,TJRJ,,,,,ACORDO HOMOLOGADO,,,58
0802932-98.2022.8.19.0050,2022,TJRJ,Santo Antônio de Pádua e Aperibé,PESSOA FÍSICA,ANTONIO AUTO PECAS,Outros,ACORDO HOMOLOGADO,,,1729
0802936-89.2021.8.19.0206,2021,TJRJ,Rio de Janeiro,PESSOA FÍSICA,,,ACORDO HOMOLOGADO,,,2408
0802964-78.2024.8.20.5103,2024,TJRN,Currais Novos,,,,ACORDO HOMOLOGADO,,,1638
0802965-56.2024.8.19.0038,2024,TJRJ,Nova Iguaçu,PESSOA FÍSICA,LIGHT SERVIÇOS DE ELETRICIDADE,Energia,ACORDO HOMOLOGADO,,,2287
0802967-46.2023.8.10.0059,2023,TJMA,Ilha de São Luís,PESSOA FÍSICA,EQUATORIAL MARANHÃO DISTRIBUIDORA DE ENERGIA,Energia,PROCEDENTE,True,2000.0,10123
0802971-49.2024.8.10.0059,2024,TJMA,Ilha de São Luís,,,,PARCIALMENTE PROCEDENTE,True,2000.0,10422
0802980-68.2019.8.10.0032,2019,TJMA,,PESSOA FÍSICA,BANCO BRADESCO,Banco e financeira,PROCEDENTE,True,3000.0,11791
0802982-61.2022.8.20.5106,2022,TJRN,Mossoró,PESSOA FÍSICA,AZUL LINHAS AEREAS BRASILEIRAS,Transporte aéreo,EXTINTO SEM MÉRITO,False,,1124
0802982-72.2023.8.18.0162,2023,TJPI,Teresina,PESSOA FÍSICA,AZUL LINHAS AEREAS BRASILEIRAS,Transporte aéreo,ACORDO HOMOLOGADO,,,1689
0802984-85.2018.8.20.5004,2018,TJRN,Natal,PESSOA FÍSICA,LOJAS RIACHUELO,Varejo e serviços,PROCEDENTE,True,2000.0,10473
0802985-57.2021.8.19.0004,2021,TJRJ,São Gonçalo,PESSOA FÍSICA,UBER DO BRASIL TECNOLOGIA,Outros,ACORDO HOMOLOGADO,,,1294
0802990-22.2023.8.10.0049,2023,TJMA,Ilha de São Luís,PESSOA FÍSICA,,,EXTINTO SEM MÉRITO,False,,3006
0802996-50.2020.8.15.0031,2020,TJPB,,PESSOA FÍSICA,BANCO BRADESCO,Banco e financeira,EXTINTO SEM MÉRITO,False,,1959
0802997-26.2021.8.19.0213,2021,TJRJ,,,,,ACORDO HOMOLOGADO,,,1022
0802997-72.2021.8.19.0036,2021,TJRJ,Nilópolis,PESSOA FÍSICA,LIGHT SERVIÇOS DE ELETRICIDADE,Energia,ACORDO HOMOLOGADO,,,1168
0803001-09.2022.8.19.0252,2022,TJRJ,Rio de Janeiro,PESSOA FÍSICA,INGRESSE - INGRESSOS PARA EVENTOS,Outros,ACORDO HOMOLOGADO,,,2309
0803006-11.2022.8.18.0009,2022,TJPI,Teresina,PESSOA FÍSICA,BANCO DO BRASIL,Banco e financeira,IMPROCEDENTE,False,,8905
0803008-65.2022.8.10.0053,2022,TJMA,Porto Franco,PESSOA FÍSICA,BRADESCO CAPITALIZACAO,Banco e financeira,ACORDO HOMOLOGADO,,,2068
0803011-34.2021.8.19.0205,2021,TJRJ,Rio de Janeiro,PESSOA FÍSICA,VIA VAREJO,Varejo e serviços,ACORDO HOMOLOGADO,,,1280
0803021-48.2021.8.19.0021,2021,TJRJ,Duque de Caxias,PESSOA FÍSICA,BANCO ITAUCARD,Banco e financeira,ACORDO HOMOLOGADO,,,1575
0803021-51.2023.8.15.0001,2023,TJPB,,PESSOA FÍSICA,BANCO PAN,Banco e financeira,ACORDO HOMOLOGADO,,,1686
0803022-54.2021.8.19.0208,2021,TJRJ,Rio de Janeiro,PESSOA FÍSICA,BANCO SANTANDER,Banco e financeira,ACORDO HOMOLOGADO,,,2111
0803025-15.2021.8.19.0206,2021,TJRJ,Rio de Janeiro,PESSOA FÍSICA,SERASA,Bureau de crédito,ACORDO HOMOLOGADO,,,2416
0803025-20.2021.8.10.0059,2021,TJMA,Ilha de São Luís,PESSOA FÍSICA,EQUATORIAL MARANHÃO DISTRIBUIDORA DE ENERGIA,Energia,IMPROCEDENTE,False,,4764
0803042-07.2020.8.19.0038,2020,TJRJ,,,,,ACORDO HOMOLOGADO,,,1875
0803048-43.2018.8.10.0035,2018,TJMA,Coroatá,,,,IMPROCEDENTE,False,,7220
0803050-89.2024.8.19.0087,2024,TJRJ,São Gonçalo,PESSOA FÍSICA,,,ACORDO HOMOLOGADO,,,2791
0803053-04.2022.8.19.0026,2022,TJRJ,Itaperuna,PESSOA FÍSICA,BANCO BMG,Banco e financeira,ACORDO HOMOLOGADO,,,755
0803065-59.2021.8.10.0040,2021,TJMA,,PESSOA FÍSICA,,,PROCEDENTE,True,,5221
0803068-05.2024.8.15.2001,2024,TJPB,João Pessoa,PESSOA FÍSICA,,,ACORDO HOMOLOGADO,,,2672
0803069-39.2021.8.10.0059,2021,TJMA,Ilha de São Luís,PESSOA FÍSICA,EQUATORIAL MARANHÃO DISTRIBUIDORA DE ENERGIA,Energia,ACORDO HOMOLOGADO,,,1412
0803074-07.2020.8.15.0981,2020,TJPB,Queimadas,PESSOA FÍSICA,BANCO MERCANTIL DO BRASIL S.A. E BANCO BRADESCO SA (PREPOSTA AIANNY FRANÇA DE ARAÚJO BRAND,Banco e financeira,ACORDO HOMOLOGADO,,,3451
0803075-80.2020.8.10.0059,2020,TJMA,Ilha de São Luís,PESSOA FÍSICA,I R TREINAMENTO,Outros,PROCEDENTE,True,,4880
0803078-08.2021.8.15.0141,2021,TJPB,Catolé do Rocha,PESSOA FÍSICA,,,IMPROCEDENTE,False,,6439
0803089-68.2018.8.10.0048,2018,TJMA,,PESSOA FÍSICA,BANCO PAN,Banco e financeira,ACORDO HOMOLOGADO,,,4958
0803102-90.2022.8.19.0011,2022,TJRJ,Cabo Frio,PESSOA FÍSICA,AMPLA ENERGIA E SERVIÇOS,Energia,ACORDO HOMOLOGADO,,,596
0803104-14.2023.8.19.0209,2023,TJRJ,Rio de Janeiro,PESSOA FÍSICA,BRADESCO SAUDE,Plano de saúde,ACORDO HOMOLOGADO,,,1497
0803104-49.2024.8.20.5124,2024,TJRN,Parnamirim,PESSOA FÍSICA,UBER DO BRASIL TECNOLOGIA,Outros,IMPROCEDENTE,False,,6351
0803107-06.2022.8.19.0014,2022,TJRJ,Campos dos Goytacazes,PESSOA FÍSICA,APPLE COMPUTER BRASIL,Outros,ACORDO HOMOLOGADO,,,987
0803112-07.2022.8.19.0021,2022,TJRJ,Duque de Caxias,PESSOA FÍSICA,DE MILLUS S A INDUSTRIA E COMERCIO,Outros,ACORDO HOMOLOGADO,,,1077
0803113-31.2022.8.19.0008,2022,TJRJ,Belford Roxo,PESSOA FÍSICA,ZURICH MINAS BRASIL SEGUROS,Seguros,ACORDO HOMOLOGADO,,,839
0803113-83.2022.8.19.0023,2022,TJRJ,Itaboraí,PESSOA FÍSICA,AMPLA ENERGIA E SERVIÇOS,Energia,PROCEDENTE,True,3000.0,12478
0803115-69.2022.8.19.0050,2022,TJRJ,Santo Antônio de Pádua e Aperibé,PESSOA FÍSICA,AMPLA ENERGIA E SERVIÇOS,Energia,IMPROCEDENTE,False,,3260
0803116-38.2022.8.19.0023,2022,TJRJ,Itaboraí,PESSOA FÍSICA,AMPLA ENERGIA E SERVIÇOS,Energia,ACORDO HOMOLOGADO,,,1362
0803121-19.2022.8.10.0053,2022,TJMA,,PESSOA FÍSICA,,,EXTINTO SEM MÉRITO,False,,7718
0803130-52.2022.8.19.0207,2022,TJRJ,Rio de Janeiro,PESSOA FÍSICA,BANCO PAN,Banco e financeira,ACORDO HOMOLOGADO,,,763
0803145-57.2022.8.19.0001,2022,TJRJ,Rio de Janeiro,PESSOA FÍSICA,VIA VAREJO,Varejo e serviços,ACORDO HOMOLOGADO,,,641
0803146-69.2020.8.10.0031,2020,TJMA,Chapadinha,,,,IMPROCEDENTE,False,,5900
0803157-02.2022.8.19.0024,2022,TJRJ,Itaguaí,PESSOA FÍSICA,ITAU UNIBANCO,Banco e financeira,ACORDO HOMOLOGADO,,,1768
0803165-09.2022.8.19.0014,2022,TJRJ,Campos dos Goytacazes,PESSOA FÍSICA,AMPLA ENERGIA E SERVIÇOS,Energia,ACORDO HOMOLOGADO,,,2540
0803166-30.2020.8.14.0005,2020,TJPA,Altamira,PESSOA FÍSICA,A M BATISTA RODRIGUES CURSOS,Outros,EXTINTO SEM MÉRITO,False,,3674
0803168-79.2025.8.20.5106,2025,TJRN,Mossoró,PESSOA FÍSICA,ASSOCIACAO DE BENEFICIOS E PREVIDENCIA - ABENPREV,Outros,PROCEDENTE,True,857.8,19497
0803177-61.2021.8.19.0045,2021,TJRJ,Resende,PESSOA FÍSICA,PLAMER PLANO MEDICO RESENDE,Outros,,,,4477
0803178-78.2021.8.19.0002,2021,TJRJ,Niterói,PESSOA FÍSICA,IMPAR SERVIÇOS HOSPITALARES,Outros,ACORDO HOMOLOGADO,,,978
0803192-47.2021.8.19.0007,2021,TJRJ,Barra Mansa,PESSOA FÍSICA,CLARO,Telecomunicações,ACORDO HOMOLOGADO,,,2049
0803198-63.2021.8.19.0004,2021,TJRJ,São Gonçalo,PESSOA FÍSICA,BANCO ITAU CONSIGNADO,Banco e financeira,ACORDO HOMOLOGADO,,,884
0803214-10.2021.8.20.5106,2021,TJRN,Mossoró,PESSOA FÍSICA,NS2.COM INTERNET,Outros,ACORDO HOMOLOGADO,,,2549
0803218-15.2022.8.19.0038,2022,TJRJ,,,,,ACORDO HOMOLOGADO,,,1875
0803223-40.2023.8.14.0006,2023,TJPA,,,,,IMPROCEDENTE,False,,3116
0803225-94.2022.8.19.0203,2022,TJRJ,Rio de Janeiro,PESSOA FÍSICA,GOL LINHAS AEREAS,Transporte aéreo,ACORDO HOMOLOGADO,,,1411
0803228-93.2017.8.10.0035,2017,TJMA,Coroatá,PESSOA FÍSICA,,,EXTINTO SEM MÉRITO,False,,4135
0803234-91.2024.8.19.0007,2024,TJRJ,Barra Mansa,PESSOA FÍSICA,LIGHT SERVIÇOS DE ELETRICIDADE,Energia,ACORDO HOMOLOGADO,,,2110
0803235-71.2021.8.10.0059,2021,TJMA,Ilha de São Luís,PESSOA FÍSICA,CREDI SHOP SA ADMINISTRADORA DE CARTOES DE CREDITO E OUTROS,Banco e financeira,IMPROCEDENTE,False,,5824
0803236-56.2021.8.10.0059,2021,TJMA,Ilha de São Luís,PESSOA FÍSICA,EQUATORIAL MARANHÃO DISTRIBUIDORA DE ENERGIA,Energia,IMPROCEDENTE,False,,5194
0803238-76.2022.8.10.0031,2022,TJMA,Chapadinha,PESSOA FÍSICA,,,ACORDO HOMOLOGADO,,,1910
0803240-13.2022.8.19.0252,2022,TJRJ,Rio de Janeiro,PESSOA FÍSICA,BANCO ITAU CONSIGNADO,Banco e financeira,ACORDO HOMOLOGADO,,,1684
0803241-24.2024.8.19.0253,2024,TJRJ,Rio de Janeiro,PESSOA FÍSICA,TIM CELULAR,Telecomunicações,ACORDO HOMOLOGADO,,,2349
0803241-58.2022.8.19.0038,2022,TJRJ,,,,,ACORDO HOMOLOGADO,,,1875
0803243-22.2021.8.19.0213,2021,TJRJ,,,,,ACORDO HOMOLOGADO,,,967
0803244-48.2024.8.19.0036,2024,TJRJ,Nilópolis,PESSOA FÍSICA,,,ACORDO HOMOLOGADO,,,849
0803249-22.2020.8.20.5100,2020,TJRN,Assu,PESSOA FÍSICA,BANCO PANAMERICANO,Banco e financeira,EXTINTO SEM MÉRITO,False,,4103
0803252-80.2025.8.20.5106,2025,TJRN,Mossoró,PESSOA FÍSICA,,,PARCIALMENTE PROCEDENTE,True,,29003
0803254-81.2022.8.20.5162,2022,TJRN,Extremoz,PESSOA FÍSICA,BANCO SANTANDER BRASIL,Banco e financeira,IMPROCEDENTE,False,,10235
0803261-79.2021.8.19.0007,2021,TJRJ,Barra Mansa,PESSOA FÍSICA,BANCO BMG,Banco e financeira,ACORDO HOMOLOGADO,,,1534
0803262-43.2021.8.19.0208,2021,TJRJ,Rio de Janeiro,PESSOA FÍSICA,ITAU UNIBANCO,Banco e financeira,ACORDO HOMOLOGADO,,,2155
0803266-21.2021.8.20.5101,2021,TJRN,Caicó,PESSOA FÍSICA,,,PROCEDENTE,True,1500.0,10097
0803270-32.2022.8.19.0031,2022,TJRJ,Maricá,PESSOA FÍSICA,HIPERVAREJO,Outros,IMPROCEDENTE,False,,4630
0803276-72.2019.8.10.0038,2019,TJMA,,PESSOA FÍSICA,BANCO BRADESCO,Banco e financeira,IMPROCEDENTE,False,,9113
0803283-59.2022.8.19.0054,2022,TJRJ,São João de Meriti,PESSOA FÍSICA,AYMORE CREDITO,Banco e financeira,ACORDO HOMOLOGADO,,,1423
0803288-92.2022.8.19.0212,2022,TJRJ,Niterói,PESSOA FÍSICA,VIACAO AGUIA BRANCA,Outros,ACORDO HOMOLOGADO,,,5536
0803304-98.2021.8.19.0206,2021,TJRJ,Rio de Janeiro,PESSOA FÍSICA,SKY BRASIL SERVICOS,Telecomunicações,ACORDO HOMOLOGADO,,,2429
0803305-85.2019.8.18.0140,2019,TJPI,Teresina,PESSOA FÍSICA,BANCO CETELEM,Banco e financeira,IMPROCEDENTE,False,,6459
0803312-26.2023.8.10.0022,2023,TJMA,Açailândia,PESSOA FÍSICA,,,EXTINTO SEM MÉRITO,False,,4660
0803323-79.2019.8.10.0027,2019,TJMA,,PESSOA FÍSICA,,,IMPROCEDENTE,False,,13183
0803328-91.2023.8.19.0001,2023,TJRJ,Rio de Janeiro,PESSOA FÍSICA,SMILES FIDELIDADE,Outros,ACORDO HOMOLOGADO,,,1099
0803346-70.2024.8.19.0036,2024,TJRJ,Nilópolis,PESSOA FÍSICA,BANCO ITAU,Banco e financeira,ACORDO HOMOLOGADO,,,1188
0803358-96.2022.8.19.0087,2022,TJRJ,São Gonçalo,PESSOA FÍSICA,TAM LINHAS AEREAS,Transporte aéreo,ACORDO HOMOLOGADO,,,1714
0803377-26.2020.8.19.0038,2020,TJRJ,Nova Iguaçu,PESSOA FÍSICA,CLARO,Telecomunicações,ACORDO HOMOLOGADO,,,1187
0803379-88.2022.8.10.0001,2022,TJMA,Ilha de São Luís,,,,IMPROCEDENTE,False,,6600
0803384-33.2024.8.14.0065,2024,TJPA,Xinguara,,,,IMPROCEDENTE,False,,7135
0803390-29.2022.8.19.0208,2022,TJRJ,Rio de Janeiro,PESSOA FÍSICA,CASAS GUANABARA COMESTIVEIS,Outros,ACORDO HOMOLOGADO,,,2183
0803393-15.2022.8.19.0036,2022,TJRJ,Nilópolis,PESSOA FÍSICA,ALLUGATOR SERVICOS DIGITAIS,Outros,ACORDO HOMOLOGADO,,,1203
0803395-60.2022.8.19.0011,2022,TJRJ,Cabo Frio,PESSOA FÍSICA,,,ACORDO HOMOLOGADO,,,579
0803396-36.2022.8.19.0208,2022,TJRJ,Rio de Janeiro,PESSOA FÍSICA,TELEFONICA BRASIL,Telecomunicações,ACORDO HOMOLOGADO,,,2112
0803398-10.2023.8.20.5004,2023,TJRN,Natal,PESSOA FÍSICA,SOFA DESIGN,Outros,ACORDO HOMOLOGADO,,,1626
0803400-19.2025.8.15.0131,2025,TJPB,Cajazeiras,PESSOA FÍSICA,BANCO C6 CONSIGNADO,Banco e financeira,PROCEDENTE,True,5000.0,17177
0803405-11.2021.8.19.0021,2021,TJRJ,Duque de Caxias,PESSOA FÍSICA,BANCO VOTORANTIM,Banco e financeira,ACORDO HOMOLOGADO,,,1637
0803406-71.2024.8.19.0253,2024,TJRJ,Rio de Janeiro,PESSOA FÍSICA,ARTHUR LUNDGREN TECIDOS S A CASAS PERNAMBUCANAS,Outros,ACORDO HOMOLOGADO,,,2378
0803407-23.2019.8.10.0046,2019,TJMA,Imperatriz,PESSOA FÍSICA,TERRA NETWORKS BRASIL,Outros,EXTINTO SEM MÉRITO,False,,3341
0803409-46.2021.8.19.0054,2021,TJRJ,São João de Meriti,PESSOA FÍSICA,,,ACORDO HOMOLOGADO,,,821
0803414-51.2024.8.19.0252,2024,TJRJ,Rio de Janeiro,PESSOA FÍSICA,,,ACORDO HOMOLOGADO,,,2345
0803414-82.2022.8.19.0038,2022,TJRJ,,,,,ACORDO HOMOLOGADO,,,1875
0803415-97.2021.8.19.0007,2021,TJRJ,Barra Mansa,PESSOA FÍSICA,TELEMAR NORTE LESTE,Telecomunicações,ACORDO HOMOLOGADO,,,2033
0803421-50.2020.8.15.0331,2020,TJPB,,PESSOA FÍSICA,BANCO BMG,Banco e financeira,IMPROCEDENTE,False,,11203
0803429-77.2024.8.10.0023,2024,TJMA,Açailândia,PESSOA FÍSICA,TAM LINHAS AEREAS S. A. E OUTROS,Transporte aéreo,PROCEDENTE,True,382.19,5195
0803447-61.2024.8.19.0213,2024,TJRJ,Mesquita,PESSOA FÍSICA,AGUAS DO RIO 1 SPE,Saneamento,ACORDO HOMOLOGADO,,,1711
0803459-67.2022.8.19.0206,2022,TJRJ,Rio de Janeiro,PESSOA FÍSICA,ITAU UNIBANCO,Banco e financeira,EXTINTO SEM MÉRITO,False,,4104
0803483-96.2021.8.19.0023,2021,TJRJ,Itaboraí,PESSOA FÍSICA,TELEFONICA BRASIL,Telecomunicações,ACORDO HOMOLOGADO,,,1356
0803486-02.2021.8.19.0007,2021,TJRJ,Barra Mansa,PESSOA FÍSICA,TELEMAR NORTE LESTE,Telecomunicações,ACORDO HOMOLOGADO,,,2034
0803488-48.2024.8.20.5112,2024,TJRN,Apodi,PESSOA FÍSICA,,,ACORDO HOMOLOGADO,,,6276
0803489-08.2020.8.20.5004,2020,TJRN,,,,,EXTINTO SEM MÉRITO,False,,2324
0803493-96.2025.8.19.0251,2025,TJRJ,Rio de Janeiro,PESSOA FÍSICA,AUTO RIO FUSKAS,Outros,ACORDO HOMOLOGADO,,,2222
0803508-09.2021.8.15.0351,2021,TJPB,,PESSOA FÍSICA,COMPANHIA DE AGUA E ESGOTOS DA PARAIBA CAGEPA,Outros,EXTINTO SEM MÉRITO,False,,5122
0803509-59.2021.8.14.0015,2021,TJPA,,,,,IMPROCEDENTE,False,,1960
0803531-90.2021.8.14.0024,2021,TJPA,Itaituba,,,,PARCIALMENTE PROCEDENTE,True,,7339
0803532-98.2024.8.19.0002,2024,TJRJ,,,,,ACORDO HOMOLOGADO,,,405
0803534-58.2021.8.19.0007,2021,TJRJ,Barra Mansa,PESSOA FÍSICA,BANCO ITAU,Banco e financeira,ACORDO HOMOLOGADO,,,2016
0803535-28.2021.8.19.0206,2021,TJRJ,Rio de Janeiro,PESSOA FÍSICA,CLARO,Telecomunicações,ACORDO HOMOLOGADO,,,2416
0803542-35.2021.8.19.0007,2021,TJRJ,Barra Mansa,PESSOA FÍSICA,SAMSUNG ELETRONICA DA AMAZONIA,Energia,ACORDO HOMOLOGADO,,,2049
0803542-63.2023.8.19.0072,2023,TJRJ,Paty do Alferes,PESSOA FÍSICA,GOL LINHAS AEREAS,Transporte aéreo,ACORDO HOMOLOGADO,,,3906
0803542-83.2022.8.19.0206,2022,TJRJ,Rio de Janeiro,PESSOA FÍSICA,SOCIEDADE DE ENSINO SUPERIOR ESTACIO DE,Ensino,ACORDO HOMOLOGADO,,,2485
0803544-83.2022.8.19.0002,2022,TJRJ,Niterói,PESSOA FÍSICA,,,ACORDO HOMOLOGADO,,,1126
0803546-17.2022.8.19.0208,2022,TJRJ,Rio de Janeiro,PESSOA FÍSICA,OI MOVEL,Telecomunicações,ACORDO HOMOLOGADO,,,2143
0803549-06.2019.8.10.0053,2019,TJMA,Porto Franco,PESSOA FÍSICA,EQUATORIAL MARANHÃO DISTRIBUIDORA DE ENERGIA,Energia,PROCEDENTE,True,,9415
0803551-83.2022.8.10.0048,2022,TJMA,Itapecuru Mirim,,,,EXTINTO SEM MÉRITO,False,,5721
0803560-74.2019.8.10.0040,2019,TJMA,Imperatriz,PESSOA FÍSICA,BANCO DO BRASIL,Banco e financeira,ACORDO HOMOLOGADO,,,1965
0803573-66.2021.8.19.0068,2021,TJRJ,Rio das Ostras,PESSOA FÍSICA,ITAU UNIBANCO,Banco e financeira,ACORDO HOMOLOGADO,,,1014
0803575-84.2024.8.19.0212,2024,TJRJ,Niterói,PESSOA FÍSICA,LOCALIZA RENT A CAR,Outros,ACORDO HOMOLOGADO,,,5638
0803584-76.2022.8.19.0063,2022,TJRJ,Três Rios,PESSOA FÍSICA,CLARO,Telecomunicações,ACORDO HOMOLOGADO,,,935
0803592-83.2025.8.18.0028,2025,TJPI,Floriano,PESSOA FÍSICA,BANCO PAN,Banco e financeira,IMPROCEDENTE,False,,16215
0803596-16.2022.8.19.0023,2022,TJRJ,Itaboraí,,,,ACORDO HOMOLOGADO,,,1076
0803607-50.2019.8.18.0032,2019,TJPI,Picos,PESSOA FÍSICA,BANCO ITAU CONSIGNADO,Banco e financeira,EXTINTO SEM MÉRITO,False,,10356
0803609-57.2019.8.10.0027,2019,TJMA,,PESSOA FÍSICA,,,IMPROCEDENTE,False,,13172
0803612-67.2022.8.19.0023,2022,TJRJ,Itaboraí,PESSOA FÍSICA,ANHANGUERA EDUCACIONAL PARTICIPACOES,Ensino,IMPROCEDENTE,False,,6189
0803622-44.2022.8.19.0207,2022,TJRJ,Rio de Janeiro,PESSOA FÍSICA,PICPAY INSTITUICAO DE PAGAMENTO,Outros,ACORDO HOMOLOGADO,,,797
0803622-45.2022.8.19.0045,2022,TJRJ,Resende,PESSOA FÍSICA,NIKE DO BRASIL COMERCIO E PARTICIPACOES,Outros,EXTINTO SEM MÉRITO,False,664.99,6593
0803624-46.2022.8.19.0067,2022,TJRJ,Queimados,PESSOA FÍSICA,MERCADOPAGO.COM REPRESENTACOES,Outros,ACORDO HOMOLOGADO,,,915
0803631-55.2019.8.10.0047,2019,TJMA,Imperatriz,,,,EXTINTO SEM MÉRITO,False,4664.88,8864
0803635-70.2018.8.10.0001,2018,TJMA,Ilha de São Luís,PESSOA FÍSICA,BANCO SANTANDER (BRASIL),Banco e financeira,EXTINTO SEM MÉRITO,False,,2545
0803637-56.2019.8.20.5100,2019,TJRN,Assu,PESSOA FÍSICA,MERCANTIL DO BRASIL FINANCEIRA SA CREDITO FIN E INVEST,Banco e financeira,EXTINTO SEM MÉRITO,False,,2232
0803640-53.2024.8.19.0253,2024,TJRJ,,,,,ACORDO HOMOLOGADO,,,1273
0803641-02.2025.8.14.0040,2025,TJPA,,,,,ACORDO HOMOLOGADO,,,4804
0803645-93.2021.8.19.0087,2021,TJRJ,São Gonçalo,PESSOA FÍSICA,UNIAO DE LOJAS LEADER,Varejo e serviços,ACORDO HOMOLOGADO,,,2330
0803647-54.2022.8.19.0014,2022,TJRJ,Campos dos Goytacazes,PESSOA FÍSICA,BANCO SANTANDER,Banco e financeira,ACORDO HOMOLOGADO,,,1632
0803649-66.2024.8.19.0042,2024,TJRJ,Petrópolis,PESSOA FÍSICA,AMPLA ENERGIA E SERVIÇOS,Energia,ACORDO HOMOLOGADO,,,716
0803664-08.2019.8.10.0027,2019,TJMA,,PESSOA FÍSICA,,,IMPROCEDENTE,False,,13173
0803675-29.2022.8.10.0028,2022,TJMA,Buriticupu,PESSOA FÍSICA,MUNICIPIO DE BURITICUPU,Poder público,EXTINTO SEM MÉRITO,False,,1991
0803681-88.2021.8.19.0038,2021,TJRJ,,,,,ACORDO HOMOLOGADO,,,1875
0803689-47.2022.8.20.5100,2022,TJRN,Assu,PESSOA FÍSICA,TIM,Telecomunicações,PROCEDENTE,True,3000.0,9675
0803736-33.2022.8.19.0061,2022,TJRJ,,,,,IMPROCEDENTE,False,,4215
0803740-71.2024.8.19.0038,2024,TJRJ,Nova Iguaçu,PESSOA FÍSICA,LIGHT SERVIÇOS DE ELETRICIDADE,Energia,ACORDO HOMOLOGADO,,,957
0803753-34.2022.8.19.0008,2022,TJRJ,Belford Roxo,PESSOA FÍSICA,TIM,Telecomunicações,ACORDO HOMOLOGADO,,,819
0803765-94.2021.8.19.0004,2021,TJRJ,São Gonçalo,PESSOA FÍSICA,CLARO,Telecomunicações,ACORDO HOMOLOGADO,,,1269
0803769-09.2022.8.19.0001,2022,TJRJ,Rio de Janeiro,PESSOA FÍSICA,BANCO BRADESCO CARTOES,Banco e financeira,ACORDO HOMOLOGADO,,,1213
0803771-37.2022.8.19.0014,2022,TJRJ,Campos dos Goytacazes,PESSOA FÍSICA,AUTO VIACAO 1001,Outros,ACORDO HOMOLOGADO,,,1640
0803773-30.2022.8.20.5106,2022,TJRN,Mossoró,PESSOA FÍSICA,AVON COSMETICOS,Outros,EXTINTO SEM MÉRITO,False,,5027
0803773-74.2024.8.20.5004,2024,TJRN,Natal,PESSOA FÍSICA,BANCO BMG,Banco e financeira,ACORDO HOMOLOGADO,,,1872
0803775-12.2022.8.19.0067,2022,TJRJ,Queimados,PESSOA FÍSICA,TELEFONICA BRASIL,Telecomunicações,ACORDO HOMOLOGADO,,,1919
0803775-13.2023.8.18.0032,2023,TJPI,Picos,PESSOA FÍSICA,AGIBANK FINANCEIRA S.A. - CREDITO,Banco e financeira,EXTINTO SEM MÉRITO,False,,10507
0803780-51.2021.8.19.0008,2021,TJRJ,Belford Roxo,PESSOA FÍSICA,LIGHT SERVIÇOS DE ELETRICIDADE,Energia,EXTINTO SEM MÉRITO,False,,6272
0803782-24.2021.8.19.0007,2021,TJRJ,Barra Mansa,PESSOA FÍSICA,TELEFONICA BRASIL,Telecomunicações,ACORDO HOMOLOGADO,,,2038
0803794-51.2023.8.19.0077,2023,TJRJ,Seropédica,PESSOA FÍSICA,GRUPO CASAS BAHIA,Varejo e serviços,ACORDO HOMOLOGADO,,,986
0803802-90.2025.8.19.0066,2025,TJRJ,Volta Redonda,PESSOA FÍSICA,FACEBOOK SERVICOS ONLINE DO BRASIL,Outros,ACORDO HOMOLOGADO,,,1110
0803806-15.2022.8.19.0202,2022,TJRJ,Rio de Janeiro,PESSOA FÍSICA,EMPORIO GRIFFE,Outros,ACORDO HOMOLOGADO,,,1141
0803808-73.2020.8.20.5004,2020,TJRN,Natal,PESSOA FÍSICA,CORSEG ADMINISTRADORA DE BENEFICIOS E PROMOCOES DE VENDAS,Outros,ACORDO HOMOLOGADO,,,1027
0803819-03.2021.8.19.0023,2021,TJRJ,Itaboraí,PESSOA FÍSICA,UNIVERSO ONLINE,Outros,ACORDO HOMOLOGADO,,,1052
0803833-38.2024.8.10.0053,2024,TJMA,Porto Franco,PESSOA FÍSICA,,,IMPROCEDENTE,False,,9861
0803833-90.2025.8.15.0141,2025,TJPB,,PESSOA FÍSICA,,,ACORDO HOMOLOGADO,,,4140
0803856-14.2024.8.19.0253,2024,TJRJ,,,,,ACORDO HOMOLOGADO,,,1273
0803858-23.2019.8.10.0022,2019,TJMA,Açailândia,PESSOA FÍSICA,,,ACORDO HOMOLOGADO,,,2578
0803866-45.2024.8.10.0015,2024,TJMA,São Luís,,,,PARCIALMENTE PROCEDENTE,True,,6709
0803871-38.2021.8.19.0204,2021,TJRJ,,,,,ACORDO HOMOLOGADO,,,137
0803881-29.2024.8.19.0026,2024,TJRJ,Itaperuna,PESSOA FÍSICA,,,ACORDO HOMOLOGADO,,,716
0803891-55.2021.8.19.0066,2021,TJRJ,Volta Redonda,PESSOA FÍSICA,TELEMAR NORTE LESTE,Telecomunicações,ACORDO HOMOLOGADO,,,1324
0803892-68.2021.8.20.5124,2021,TJRN,Parnamirim,PESSOA FÍSICA,BANCO C6,Banco e financeira,ACORDO HOMOLOGADO,,,4220
0803902-07.2023.8.10.0053,2023,TJMA,Porto Franco,PESSOA FÍSICA,,,PROCEDENTE,True,2000.0,11904
0803904-14.2024.8.19.0207,2024,TJRJ,Rio de Janeiro,PESSOA FÍSICA,TAM LINHAS AEREAS,Transporte aéreo,EXTINTO SEM MÉRITO,False,,1822
0803904-47.2021.8.15.0751,2021,TJPB,,,,,ACORDO HOMOLOGADO,,,681
0803911-07.2025.8.20.5004,2025,TJRN,Santos,PESSOA FÍSICA,AZUL LINHAS AEREAS BRASILEIRAS,Transporte aéreo,PARCIALMENTE PROCEDENTE,True,6000.0,14607
0803912-62.2024.8.19.0054,2024,TJRJ,São João de Meriti,PESSOA FÍSICA,,,ACORDO HOMOLOGADO,,,1355
0803931-19.2024.8.12.0101,2024,TJMS,,PESSOA FÍSICA,AASAP – ASSOCIACAO DE AMPARO SOCIAL AO APOSENTADOE PENSIONISTA,Outros,EXTINTO SEM MÉRITO,False,,3765
0803931-35.2021.8.19.0002,2021,TJRJ,,,,,ACORDO HOMOLOGADO,,,405
0803931-76.2024.8.19.0213,2024,TJRJ,Mesquita,PESSOA FÍSICA,LIGHT SERVIÇOS DE ELETRICIDADE,Energia,ACORDO HOMOLOGADO,,,1692
0803932-32.2022.8.19.0213,2022,TJRJ,Mesquita,PESSOA FÍSICA,LIGHT SERVIÇOS DE ELETRICIDADE,Energia,PROCEDENTE,True,1000.0,4280
0803939-12.2021.8.19.0002,2021,TJRJ,Niterói,PESSOA FÍSICA,B2W COMPANHIA DIGITAL,Outros,ACORDO HOMOLOGADO,,,1689
0803943-70.2020.8.20.5106,2020,TJRN,,PESSOA FÍSICA,TRANSPORTES AEREOS PORTUGUESES,Outros,EXTINTO SEM MÉRITO,False,,8431
0803943-83.2021.8.19.0023,2021,TJRJ,Itaboraí,PESSOA FÍSICA,ITAU UNIBANCO HOLDING,Banco e financeira,IMPROCEDENTE,False,106.8,26567
0803948-89.2022.8.19.0211,2022,TJRJ,,,,,ACORDO HOMOLOGADO,,,504
0803952-77.2022.8.19.0001,2022,TJRJ,Rio de Janeiro,PESSOA FÍSICA,LIGHT SERVIÇOS DE ELETRICIDADE,Energia,ACORDO HOMOLOGADO,,,2230
0803959-93.2023.8.19.0014,2023,TJRJ,Campos dos Goytacazes,PESSOA FÍSICA,UNIMED DE CAMPOS COOPERATIVA DE TRABALHO MEDICO,Plano de saúde,ACORDO HOMOLOGADO,,,2550
0803961-98.2022.8.19.0046,2022,TJRJ,Rio Bonito,PESSOA FÍSICA,NS2 COM INTERNET,Outros,ACORDO HOMOLOGADO,,,3126
0803964-47.2022.8.15.0181,2022,TJPB,,PESSOA FÍSICA,COMPANHIA DE ÁGUA E ESGOTOS DA PARAÍBA,Outros,ACORDO HOMOLOGADO,,,736
0803977-53.2025.8.15.0371,2025,TJPB,,PESSOA FÍSICA,,,EXTINTO SEM MÉRITO,False,,9392
0803980-59.2018.8.10.0058,2018,TJMA,,PESSOA FÍSICA,,,ACORDO HOMOLOGADO,,,2911
0803987-87.2023.8.10.0151,2023,TJMA,Santa Inês,PESSOA FÍSICA,EQUATORIAL MARANHÃO DISTRIBUIDORA DE ENERGIA,Energia,ACORDO HOMOLOGADO,,,1592
0803997-80.2022.8.20.5004,2022,TJRN,Natal,PESSOA FÍSICA,BANCO BMG,Banco e financeira,EXTINTO SEM MÉRITO,False,,5462
0804011-17.2024.8.19.0253,2024,TJRJ,,,,,ACORDO HOMOLOGADO,,,1273
0804012-32.2022.8.19.0007,2022,TJRJ,Barra Mansa,PESSOA FÍSICA,BANCO PAN,Banco e financeira,ACORDO HOMOLOGADO,,,2129
0804018-15.2022.8.19.0209,2022,TJRJ,Rio de Janeiro,PESSOA FÍSICA,OI MOVEL,Telecomunicações,ACORDO HOMOLOGADO,,,859
0804031-64.2021.8.19.0042,2021,TJRJ,Petrópolis,PESSOA FÍSICA,ITAPEVA XII MULTICARTEIRA FUNDO DE INVESTIMENTO EM DIREITOS CREDITORIOS NAO-PADRONIZADOS,Banco e financeira,ACORDO HOMOLOGADO,,,817
0804034-84.2022.8.19.0203,2022,TJRJ,Rio de Janeiro,PESSOA FÍSICA,GLOBO COMUNICAÇÃO E PARTICIPAÇÕES,Outros,ACORDO HOMOLOGADO,,,1226
0804038-47.2024.8.19.0205,2024,TJRJ,Rio de Janeiro,PESSOA FÍSICA,LIGHT SERVIÇOS DE ELETRICIDADE,Energia,ACORDO HOMOLOGADO,,,1354
0804041-02.2022.8.20.5004,2022,TJRN,Natal,PESSOA FÍSICA,OI MOVEL,Telecomunicações,PROCEDENTE,True,,10362
0804053-58.2022.8.19.0052,2022,TJRJ,Araruama,PESSOA FÍSICA,AMPLA ENERGIA E SERVIÇOS,Energia,ACORDO HOMOLOGADO,,,960
0804055-14.2021.8.19.0068,2021,TJRJ,Rio das Ostras,PESSOA FÍSICA,ITAU UNIBANCO,Banco e financeira,ACORDO HOMOLOGADO,,,993
0804065-85.2020.8.19.0038,2020,TJRJ,Nova Iguaçu,PESSOA FÍSICA,TIM,Telecomunicações,ACORDO HOMOLOGADO,,,2518
0804066-06.2024.8.19.0014,2024,TJRJ,Campos dos Goytacazes,PESSOA FÍSICA,TELEFONICA BRASIL,Telecomunicações,ACORDO HOMOLOGADO,,,2293
0804081-52.2020.8.20.5004,2020,TJRN,Natal,PESSOA FÍSICA,PAGSEGURO INTERNET,Outros,IMPROCEDENTE,False,,5841
0804084-07.2022.8.19.0011,2022,TJRJ,Cabo Frio,PESSOA FÍSICA,PROLAGOS S/A - CONCESSIONARIA DE SERVICOS PUBLICOS DE AGUA E ESGOTO,Outros,ACORDO HOMOLOGADO,,,641
0804091-44.2024.8.19.0038,2024,TJRJ,Nova Iguaçu,PESSOA FÍSICA,NEON PAGAMENTOS,Outros,ACORDO HOMOLOGADO,,,2293
0804096-29.2022.8.20.5108,2022,TJRN,Pau dos Ferros,PESSOA FÍSICA,TIM,Telecomunicações,ACORDO HOMOLOGADO,,,1280
0804098-94.2022.8.19.0203,2022,TJRJ,Rio de Janeiro,PESSOA FÍSICA,WMB SUPERMERCADOS DO BRASIL,Varejo e serviços,IMPROCEDENTE,False,,2615
0804103-47.2019.8.20.5004,2019,TJRN,Natal,PESSOA FÍSICA,UNIVERSO ONLINE,Outros,IMPROCEDENTE,False,,4861
0804113-66.2022.8.19.0008,2022,TJRJ,Belford Roxo,PESSOA FÍSICA,CLARO,Telecomunicações,ACORDO HOMOLOGADO,,,829
0804115-56.2022.8.20.5004,2022,TJRN,Natal,PESSOA FÍSICA,ATIVOS S.A. SECURITIZADORA DE CREDITOS FINANCEIROS,Banco e financeira,IMPROCEDENTE,False,1000.0,4176
0804115-74.2024.8.07.0016,2024,TJDFT,,PESSOA JURÍDICA,FACEBOOK SERVICOS ONLINE DO BRASIL,Outros,ACORDO HOMOLOGADO,,,1173
0804117-68.2021.8.19.0031,2021,TJRJ,Maricá,PESSOA FÍSICA,BANCO BRADESCO CARTOES,Banco e financeira,IMPROCEDENTE,False,,3106
0804118-43.2022.8.19.0023,2022,TJRJ,Itaboraí,,,,ACORDO HOMOLOGADO,,,782
0804126-60.2025.8.15.0141,2025,TJPB,,PESSOA FÍSICA,,,ACORDO HOMOLOGADO,,,4200
0804128-26.2020.8.20.5004,2020,TJRN,Natal,PESSOA FÍSICA,,,IMPROCEDENTE,False,,3771
0804140-08.2022.8.19.0054,2022,TJRJ,São João de Meriti,PESSOA FÍSICA,BANCO SANTANDER,Banco e financeira,ACORDO HOMOLOGADO,,,1323
0804149-20.2025.8.20.5103,2025,TJRN,Currais Novos,PESSOA FÍSICA,ECOMOVI SOLUCOES E SERVICOS EM PAGAMENTOS,Outros,PARCIALMENTE PROCEDENTE,True,1866.0,16514
0804149-40.2022.8.19.0063,2022,TJRJ,Três Rios,PESSOA FÍSICA,CLARO,Telecomunicações,ACORDO HOMOLOGADO,,,856
0804149-76.2021.8.18.0136,2021,TJPI,Teresina,PESSOA FÍSICA,EQUATORIAL PIAUÍ,Energia,IMPROCEDENTE,False,,5335
0804150-93.2022.8.19.0202,2022,TJRJ,Rio de Janeiro,PESSOA FÍSICA,SHOW ME YOUR TEETH MADUREIRA CLINICA ODONTOLOGICA,Plano de saúde,ACORDO HOMOLOGADO,,,1162
0804166-28.2024.8.19.0024,2024,TJRJ,Itaguaí,PESSOA FÍSICA,RIO+ SANEAMENTO BL3,Saneamento,ACORDO HOMOLOGADO,,,1744
0804184-97.2018.8.10.0060,2018,TJMA,,PESSOA FÍSICA,ATIVOS S.A. SECURITIZADORA DE CREDITOS FINANCEIROS,Banco e financeira,PROCEDENTE,True,,8352
0804201-22.2025.8.20.5004,2025,TJRN,Natal,PESSOA FÍSICA,,,IMPROCEDENTE,False,,5757
0804207-84.2022.8.19.0211,2022,TJRJ,Rio de Janeiro,PESSOA FÍSICA,CLARO,Telecomunicações,ACORDO HOMOLOGADO,,,923
0804213-96.2020.8.10.0022,2020,TJMA,Açailândia,,,,PROCEDENTE,True,5000.0,14516
0804217-31.2022.8.19.0211,2022,TJRJ,Rio de Janeiro,PESSOA FÍSICA,LIGHT SERVIÇOS DE ELETRICIDADE,Energia,ACORDO HOMOLOGADO,,,1941
0804218-22.2024.8.19.0251,2024,TJRJ,Rio de Janeiro,PESSOA FÍSICA,BANCO DO BRASIL,Banco e financeira,ACORDO HOMOLOGADO,,,1854
0804218-44.2021.8.19.0213,2021,TJRJ,,,,,ACORDO HOMOLOGADO,,,279
0804231-51.2019.8.10.0023,2019,TJMA,,PESSOA FÍSICA,BANCO BRADESCO,Banco e financeira,PARCIALMENTE PROCEDENTE,True,,6507
0804233-41.2021.8.19.0042,2021,TJRJ,Petrópolis,PESSOA FÍSICA,TELEMAR NORTE LESTE,Telecomunicações,ACORDO HOMOLOGADO,,,741
0804238-27.2022.8.19.0075,2022,TJRJ,Magé,PESSOA FÍSICA,AMPLA ENERGIA E SERVIÇOS,Energia,ACORDO HOMOLOGADO,,,936
0804241-62.2021.8.14.0040,2021,TJPA,Parauapebas,PESSOA FÍSICA,,,IMPROCEDENTE,False,,6743
0804245-08.2022.8.19.0208,2022,TJRJ,Rio de Janeiro,PESSOA FÍSICA,ITAU UNIBANCO HOLDING,Banco e financeira,IMPROCEDENTE,False,,4048
0804248-75.2019.8.10.0027,2019,TJMA,,PESSOA FÍSICA,,,IMPROCEDENTE,False,,13170
0804250-97.2022.8.19.0024,2022,TJRJ,Itaguaí,PESSOA FÍSICA,CLARO,Telecomunicações,ACORDO HOMOLOGADO,,,1751
0804258-59.2021.8.19.0008,2021,TJRJ,Belford Roxo,PESSOA FÍSICA,VIA VAREJO,Varejo e serviços,ACORDO HOMOLOGADO,,,838
0804263-17.2020.8.20.5108,2020,TJRN,Pau dos Ferros,PESSOA FÍSICA,,,EXTINTO SEM MÉRITO,False,,5775
0804263-20.2024.8.19.0253,2024,TJRJ,,,,,ACORDO HOMOLOGADO,,,1273
0804264-02.2022.8.19.0212,2022,TJRJ,Niterói,PESSOA FÍSICA,AMPLA ENERGIA E SERVIÇOS,Energia,ACORDO HOMOLOGADO,,,2550
0804276-55.2019.8.10.0023,2019,TJMA,,PESSOA FÍSICA,BANCO BRADESCO,Banco e financeira,ACORDO HOMOLOGADO,,,2527
0804277-74.2025.8.20.5124,2025,TJRN,Parnamirim,PESSOA FÍSICA,HUMANA ASSISTENCIA MEDICA,Outros,EXTINTO SEM MÉRITO,False,,4990
0804278-17.2025.8.19.0006,2025,TJRJ,Barra do Piraí,PESSOA FÍSICA,LIGHT SERVIÇOS DE ELETRICIDADE,Energia,ACORDO HOMOLOGADO,,,1623
0804280-84.2025.8.19.0006,2025,TJRJ,Barra do Piraí,PESSOA FÍSICA,NEON PAGAMENTOS,Outros,ACORDO HOMOLOGADO,,,1608
0804282-41.2022.8.19.0206,2022,TJRJ,Rio de Janeiro,PESSOA FÍSICA,BANCO CREFISA,Banco e financeira,ACORDO HOMOLOGADO,,,2196
0804288-40.2022.8.10.0031,2022,TJMA,,PESSOA FÍSICA,BANCO PAN,Banco e financeira,PARCIALMENTE PROCEDENTE,True,367.24,15476
0804297-08.2023.8.20.5004,2023,TJRN,,,,,IMPROCEDENTE,False,5052.23,10214
0804297-33.2024.8.19.0208,2024,TJRJ,Rio de Janeiro,PESSOA FÍSICA,LIGHT ENERGIA,Energia,ACORDO HOMOLOGADO,,,2130
0804309-48.2022.8.19.0004,2022,TJRJ,São Gonçalo,PESSOA FÍSICA,ALLCARE ADMINISTRADORA DE BENEFICIOS SAO PAULO LT,Outros,ACORDO HOMOLOGADO,,,1396
0804310-21.2022.8.19.0008,2022,TJRJ,Belford Roxo,PESSOA FÍSICA,GLOBO COMUNICAÇÃO E PARTICIPAÇÕES,Outros,ACORDO HOMOLOGADO,,,879
0804318-74.2024.8.19.0251,2024,TJRJ,Rio de Janeiro,PESSOA FÍSICA,NU FINANCEIRA S.A. - SOCIEDADE DE CREDITO,Banco e financeira,ACORDO HOMOLOGADO,,,2363
0804320-22.2021.8.19.0066,2021,TJRJ,Volta Redonda,PESSOA FÍSICA,BANCO BRADESCO,Banco e financeira,ACORDO HOMOLOGADO,,,655
0804322-93.2022.8.19.0021,2022,TJRJ,Duque de Caxias,PESSOA FÍSICA,TELEFONICA BRASIL,Telecomunicações,ACORDO HOMOLOGADO,,,1564
0804339-26.2022.8.19.0023,2022,TJRJ,Itaboraí,,,,ACORDO HOMOLOGADO,,,782
0804339-83.2022.8.15.0331,2022,TJPB,Santa Rita,PESSOA FÍSICA,BANCO DO ESTADO DO RIO GRANDE DO SUL,Banco e financeira,ACORDO HOMOLOGADO,,,2025
0804340-29.2024.8.19.0253,2024,TJRJ,,,,,ACORDO HOMOLOGADO,,,1273
0804341-93.2021.8.19.0002,2021,TJRJ,Niterói,PESSOA FÍSICA,NEXTEL TELECOMUNICACOES,Telecomunicações,ACORDO HOMOLOGADO,,,783
0804342-52.2021.8.10.0027,2021,TJMA,Barra do Corda,PESSOA FÍSICA,BANCO BRADESCO,Banco e financeira,ACORDO HOMOLOGADO,,,2296
0804355-62.2022.8.19.0028,2022,TJRJ,Macaé,PESSOA FÍSICA,AMPLA ENERGIA E SERVIÇOS,Energia,ACORDO HOMOLOGADO,,,698
0804369-46.2025.8.14.0039,2025,TJPA,Paragominas,PESSOA FÍSICA,ROTAS DE VIACAO DO TRIANGULO,Outros,PARCIALMENTE PROCEDENTE,True,4000.0,5724
0804370-96.2024.8.19.0210,2024,TJRJ,Rio de Janeiro,,,,ACORDO HOMOLOGADO,,,677
0804376-80.2022.8.19.0208,2022,TJRJ,Rio de Janeiro,PESSOA FÍSICA,ATELIE DO OLHAR COMERCIO E SERVICOS,Outros,ACORDO HOMOLOGADO,,,2140
0804397-92.2023.8.18.0032,2023,TJPI,Picos,PESSOA FÍSICA,BANCO BRADESCO,Banco e financeira,EXTINTO SEM MÉRITO,False,,10466
0804416-12.2024.8.19.0008,2024,TJRJ,Belford Roxo,PESSOA FÍSICA,ITAU UNIBANCO,Banco e financeira,ACORDO HOMOLOGADO,,,839
0804422-36.2021.8.19.0004,2021,TJRJ,São Gonçalo,PESSOA FÍSICA,UBER DO BRASIL TECNOLOGIA,Outros,ACORDO HOMOLOGADO,,,1282
0804426-44.2024.8.19.0206,2024,TJRJ,Rio de Janeiro,PESSOA FÍSICA,ESTRELA MOVEIS E DECORACOES,Outros,ACORDO HOMOLOGADO,,,2473
0804431-21.2021.8.18.0167,2021,TJPI,Teresina,PESSOA FÍSICA,,,IMPROCEDENTE,False,3000.0,11632
0804431-35.2022.8.19.0045,2022,TJRJ,Resende,PESSOA FÍSICA,SORRIA RIO VIII,Outros,EXTINTO SEM MÉRITO,False,50.0,5752
0804441-51.2019.8.10.0040,2019,TJMA,,,,,ACORDO HOMOLOGADO,,,1650
0804443-23.2024.8.19.0031,2024,TJRJ,Maricá,PESSOA FÍSICA,ENEL BRASIL,Energia,IMPROCEDENTE,False,,9394
0804444-84.2024.8.19.0038,2024,TJRJ,Nova Iguaçu,PESSOA FÍSICA,CLUBE DE SAUDE ADMINISTRADORA DE BENEFICIOS,Outros,ACORDO HOMOLOGADO,,,1346
0804454-62.2024.8.19.0254,2024,TJRJ,Rio de Janeiro,PESSOA FÍSICA,LIGHT SERVIÇOS DE ELETRICIDADE,Energia,ACORDO HOMOLOGADO,,,1237
0804483-27.2022.8.19.0014,2022,TJRJ,Campos dos Goytacazes,PESSOA FÍSICA,UNIMED SEGURADORA,Plano de saúde,ACORDO HOMOLOGADO,,,2543
0804490-63.2017.8.10.0040,2017,TJMA,,,BANCO BRADESCO,Banco e financeira,EXTINTO SEM MÉRITO,False,,3037
0804491-13.2021.8.19.0087,2021,TJRJ,São Gonçalo,PESSOA FÍSICA,PICPAY SERVICOS,Outros,ACORDO HOMOLOGADO,,,2284
0804493-75.2022.8.19.0045,2022,TJRJ,Resende,PESSOA FÍSICA,NU PAGAMENTOS,Outros,EXTINTO SEM MÉRITO,False,,2047
0804493-89.2022.8.19.0008,2022,TJRJ,Belford Roxo,PESSOA FÍSICA,OI MOVEL,Telecomunicações,ACORDO HOMOLOGADO,,,838
0804496-43.2024.8.19.0212,2024,TJRJ,Niterói,PESSOA FÍSICA,DECOLAR. COM,Outros,ACORDO HOMOLOGADO,,,5569
0804503-61.2021.8.19.0011,2021,TJRJ,Cabo Frio,PESSOA FÍSICA,AMPLA ENERGIA E SERVIÇOS,Energia,ACORDO HOMOLOGADO,,,597
0804521-22.2023.8.20.5108,2023,TJRN,Pau dos Ferros,PESSOA FÍSICA,TIM CELULAR,Telecomunicações,PARCIALMENTE PROCEDENTE,True,,8319
0804523-82.2019.8.10.0040,2019,TJMA,,,,,IMPROCEDENTE,False,,5587
0804530-05.2023.8.20.5101,2023,TJRN,Caicó,PESSOA FÍSICA,BANCO DO BRASIL,Banco e financeira,ACORDO HOMOLOGADO,,,1426
0804530-10.2022.8.19.0011,2022,TJRJ,Cabo Frio,PESSOA FÍSICA,TIM,Telecomunicações,ACORDO HOMOLOGADO,,,572
0804550-53.2024.8.20.5103,2024,TJRN,Currais Novos,PESSOA FÍSICA,BANCO J. SAFRA CNPJ: 03.017.677/0001-20,Banco e financeira,ACORDO HOMOLOGADO,,,1790
0804556-94.2024.8.20.5124,2024,TJRN,Parnamirim,PESSOA FÍSICA,COPA ENERGIA DISTRIBUIDORA DE GAS,Energia,IMPROCEDENTE,False,,9674
0804558-30.2025.8.20.5124,2025,TJRN,Parnamirim,PESSOA FÍSICA,AZUL LINHAS AEREAS BRASILEIRAS,Transporte aéreo,PROCEDENTE,True,6000.0,7877
0804560-55.2021.8.19.0213,2021,TJRJ,,,,,ACORDO HOMOLOGADO,,,1022
0804567-45.2024.8.19.0212,2024,TJRJ,Niterói,PESSOA FÍSICA,EUROVALE EDICOES CULTURAIS,Outros,EXTINTO SEM MÉRITO,False,,1367
0804569-17.2021.8.19.0213,2021,TJRJ,,,,,ACORDO HOMOLOGADO,,,1022
0804572-68.2022.8.19.0008,2022,TJRJ,Belford Roxo,PESSOA FÍSICA,BANCO 6C CONSIGNADO,Banco e financeira,ACORDO HOMOLOGADO,,,841
0804587-83.2021.8.19.0004,2021,TJRJ,São Gonçalo,PESSOA FÍSICA,SERASA,Bureau de crédito,ACORDO HOMOLOGADO,,,1270
0804596-30.2018.8.10.0027,2018,TJMA,,PESSOA FÍSICA,,,PARCIALMENTE PROCEDENTE,True,5000.0,12133
0804603-38.2021.8.19.0036,2021,TJRJ,Nilópolis,PESSOA FÍSICA,TELEMAR NORTE LESTE,Telecomunicações,ACORDO HOMOLOGADO,,,1195
0804606-61.2022.8.19.0002,2022,TJRJ,,,,,ACORDO HOMOLOGADO,,,405
0804614-10.2024.8.19.0021,2024,TJRJ,Duque de Caxias,PESSOA FÍSICA,ITAU UNIBANCO,Banco e financeira,ACORDO HOMOLOGADO,,,1559
0804628-22.2023.8.18.0032,2023,TJPI,Picos,PESSOA FÍSICA,BANCO PAN,Banco e financeira,EXTINTO SEM MÉRITO,False,,10935
0804631-11.2021.8.19.0002,2021,TJRJ,Niterói,PESSOA FÍSICA,VIA VAREJO,Varejo e serviços,ACORDO HOMOLOGADO,,,2536
0804647-68.2022.8.19.0021,2022,TJRJ,Duque de Caxias,PESSOA FÍSICA,,,ACORDO HOMOLOGADO,,,1115
0804656-08.2024.8.19.0038,2024,TJRJ,Nova Iguaçu,PESSOA FÍSICA,LIGHT SERVIÇOS DE ELETRICIDADE,Energia,ACORDO HOMOLOGADO,,,2290
0804661-88.2019.8.10.0027,2019,TJMA,,PESSOA FÍSICA,,,IMPROCEDENTE,False,,13180
0804663-58.2019.8.10.0027,2019,TJMA,,PESSOA FÍSICA,,,IMPROCEDENTE,False,,13174
0804663-62.2021.8.19.0213,2021,TJRJ,,,,,ACORDO HOMOLOGADO,,,995
0804681-60.2020.8.19.0038,2020,TJRJ,,,,,ACORDO HOMOLOGADO,,,1875
0804688-05.2023.8.19.0052,2023,TJRJ,Araruama,PESSOA FÍSICA,FUNDO DE INVESTIMENTO EM DIREITOS CREDITORIOS NAO PADRONIZADOS NPL II,Banco e financeira,PROCEDENTE,True,8000.0,7281
0804703-37.2022.8.19.0204,2022,TJRJ,Rio de Janeiro,PESSOA FÍSICA,LIGHT SERVIÇOS DE ELETRICIDADE,Energia,PROCEDENTE,True,5000.0,6894
0804708-54.2023.8.20.5100,2023,TJRN,Assu,PESSOA FÍSICA,,,IMPROCEDENTE,False,,11336
0804719-10.2022.8.19.0036,2022,TJRJ,Nilópolis,PESSOA FÍSICA,,,ACORDO HOMOLOGADO,,,1168
0804720-65.2022.8.19.0045,2022,TJRJ,Resende,PESSOA FÍSICA,TELEMAR NORTE LESTE,Telecomunicações,EXTINTO SEM MÉRITO,False,2000.0,6967
0804731-81.2024.8.19.0253,2024,TJRJ,,,,,ACORDO HOMOLOGADO,,,1273
0804739-43.2021.8.19.0001,2021,TJRJ,,,,,ACORDO HOMOLOGADO,,,1267
0804759-07.2021.8.19.0204,2021,TJRJ,,,,,ACORDO HOMOLOGADO,,,843
0804794-36.2022.8.19.0202,2022,TJRJ,Rio de Janeiro,PESSOA FÍSICA,TELEMAR NORTE LESTE,Telecomunicações,ACORDO HOMOLOGADO,,,1118
0804810-42.2021.8.19.0002,2021,TJRJ,,,,,ACORDO HOMOLOGADO,,,405
0804824-72.2021.8.19.0213,2021,TJRJ,,,,,ACORDO HOMOLOGADO,,,1022
0804835-26.2024.8.19.0204,2024,TJRJ,Rio de Janeiro,PESSOA FÍSICA,BANCO SANTANDER (BRASIL),Banco e financeira,ACORDO HOMOLOGADO,,,866
0804835-61.2024.8.19.0063,2024,TJRJ,Três Rios,PESSOA FÍSICA,UNIVERSO ONLINE,Outros,ACORDO HOMOLOGADO,,,1132
0804854-10.2021.8.19.0213,2021,TJRJ,,,,,ACORDO HOMOLOGADO,,,995
0804855-12.2022.8.19.0002,2022,TJRJ,Niterói,PESSOA FÍSICA,BB ADMINISTRADORA DE CARTOES DE CREDITO,Banco e financeira,ACORDO HOMOLOGADO,,,2567
0804857-58.2022.8.19.0203,2022,TJRJ,Rio de Janeiro,PESSOA FÍSICA,ALLIED TECNOLOGIA,Outros,ACORDO HOMOLOGADO,,,2195
0804857-61.2022.8.19.0008,2022,TJRJ,Belford Roxo,PESSOA FÍSICA,BANCO BRADESCO,Banco e financeira,ACORDO HOMOLOGADO,,,883
0804866-26.2022.8.19.0007,2022,TJRJ,Barra Mansa,PESSOA FÍSICA,ITAU UNIBANCO,Banco e financeira,ACORDO HOMOLOGADO,,,2102
0804866-52.2024.8.19.0008,2024,TJRJ,Belford Roxo,PESSOA FÍSICA,LIGHT SERVIÇOS DE ELETRICIDADE,Energia,ACORDO HOMOLOGADO,,,1803
0804867-43.2022.8.18.0167,2022,TJPI,Teresina,PESSOA FÍSICA,,,EXTINTO SEM MÉRITO,False,,1432
0804897-16.2024.8.19.0253,2024,TJRJ,,,,,ACORDO HOMOLOGADO,,,353
0804924-02.2024.8.19.0058,2024,TJRJ,Saquarema,PESSOA FÍSICA,BANCO BRADESCO,Banco e financeira,ACORDO HOMOLOGADO,,,895
0804927-11.2022.8.15.0131,2022,TJPB,Cajazeiras,,,,ACORDO HOMOLOGADO,,,6412
0804935-41.2022.8.19.0045,2022,TJRJ,Resende,PESSOA FÍSICA,AMERICANAS,Varejo e serviços,EXTINTO SEM MÉRITO,False,2000.0,6274
0804937-16.2021.8.19.0087,2021,TJRJ,São Gonçalo,PESSOA FÍSICA,CENTRO ODONTOLOGICO SORRIA RIO - SAO GONCALO,Plano de saúde,ACORDO HOMOLOGADO,,,1726
0804940-77.2022.8.19.0008,2022,TJRJ,Belford Roxo,PESSOA FÍSICA,ÁGUAS DO RIO 4 SPE,Saneamento,ACORDO HOMOLOGADO,,,835
0804947-02.2022.8.15.0131,2022,TJPB,Cajazeiras,,,,ACORDO HOMOLOGADO,,,885
0804950-94.2022.8.19.0211,2022,TJRJ,Rio de Janeiro,PESSOA FÍSICA,LIGHT SERVIÇOS DE ELETRICIDADE,Energia,EXTINTO SEM MÉRITO,False,,2571
0804954-98.2022.8.19.0028,2022,TJRJ,Macaé,PESSOA FÍSICA,CLARO,Telecomunicações,ACORDO HOMOLOGADO,,,906
0804956-13.2022.8.19.0208,2022,TJRJ,Rio de Janeiro,PESSOA FÍSICA,ITAPEVA XI MULTICARTEIRA FUNDO DE INVESTIMENTO EM DIREITOS CREDITORIOS NAO PADRONIZADOS,Banco e financeira,ACORDO HOMOLOGADO,,,2186
0804971-70.2024.8.19.0253,2024,TJRJ,,,,,EXTINTO SEM MÉRITO,False,,458
0804988-95.2025.8.18.0028,2025,TJPI,Floriano,PESSOA FÍSICA,BANCO PAN,Banco e financeira,PROCEDENTE,True,1500.0,15736
0804995-53.2021.8.19.0011,2021,TJRJ,Cabo Frio,PESSOA FÍSICA,ENEL BRASIL,Energia,ACORDO HOMOLOGADO,,,594
0805007-30.2022.8.19.0206,2022,TJRJ,Rio de Janeiro,PESSOA FÍSICA,LIGHT SERVIÇOS DE ELETRICIDADE,Energia,ACORDO HOMOLOGADO,,,2442
0805011-67.2022.8.19.0206,2022,TJRJ,Rio de Janeiro,PESSOA FÍSICA,B2W COMPANHIA DIGITAL,Outros,ACORDO HOMOLOGADO,,,2233
0805018-66.2021.8.15.0251,2021,TJPB,Patos,,,,ACORDO HOMOLOGADO,,,1041
0805022-31.2022.8.19.0066,2022,TJRJ,Volta Redonda,PESSOA FÍSICA,UNIAO DE LOJAS LEADER,Varejo e serviços,ACORDO HOMOLOGADO,,,1746
0805027-47.2024.8.19.0207,2024,TJRJ,Rio de Janeiro,PESSOA FÍSICA,VIA VAREJO,Varejo e serviços,ACORDO HOMOLOGADO,,,768
0805054-11.2021.8.19.0021,2021,TJRJ,Duque de Caxias,PESSOA FÍSICA,CLARO,Telecomunicações,ACORDO HOMOLOGADO,,,1268
0805057-54.2022.8.10.0029,2022,TJMA,Caxias,PESSOA FÍSICA,,,IMPROCEDENTE,False,,20185
0805066-85.2019.8.10.0040,2019,TJMA,Imperatriz,PESSOA FÍSICA,,,IMPROCEDENTE,False,,14457
0805069-73.2022.8.19.0205,2022,TJRJ,Rio de Janeiro,PESSOA FÍSICA,LIGHT SERVIÇOS DE ELETRICIDADE,Energia,ACORDO HOMOLOGADO,,,2353
0805075-68.2024.8.19.0251,2024,TJRJ,Rio de Janeiro,PESSOA FÍSICA,NU PAGAMENTOS,Outros,ACORDO HOMOLOGADO,,,1842
0805082-25.2021.8.19.0038,2021,TJRJ,Nova Iguaçu,PESSOA FÍSICA,,,ACORDO HOMOLOGADO,,,2473
0805091-24.2024.8.19.0024,2024,TJRJ,Itaguaí,PESSOA FÍSICA,TIM,Telecomunicações,ACORDO HOMOLOGADO,,,1724
0805111-27.2022.8.19.0075,2022,TJRJ,Magé,PESSOA JURÍDICA,AMPLA ENERGIA E SERVIÇOS,Energia,ACORDO HOMOLOGADO,,,961
0805112-89.2024.8.19.0253,2024,TJRJ,,,,,ACORDO HOMOLOGADO,,,1273
0805117-22.2024.8.19.0024,2024,TJRJ,Itaguaí,PESSOA FÍSICA,RIO+ SANEAMENTO BL3,Saneamento,ACORDO HOMOLOGADO,,,1751
0805119-89.2024.8.19.0024,2024,TJRJ,Itaguaí,PESSOA FÍSICA,TAM LINHAS AEREAS,Transporte aéreo,ACORDO HOMOLOGADO,,,1749
0805144-31.2022.8.19.0038,2022,TJRJ,Nova Iguaçu,PESSOA FÍSICA,EUDORA COMERCIO VAREJISTA DE COSMETICOS E PERFUMARIA,Outros,ACORDO HOMOLOGADO,,,1242
0805152-71.2022.8.19.0211,2022,TJRJ,Rio de Janeiro,PESSOA FÍSICA,ITAU UNIBANCO HOLDING,Banco e financeira,IMPROCEDENTE,False,,3804
0805168-09.2022.8.19.0087,2022,TJRJ,São Gonçalo,PESSOA FÍSICA,PAGSEGURO INTERNET,Outros,ACORDO HOMOLOGADO,,,1686
0805177-36.2019.8.14.0015,2019,TJPA,,PESSOA FÍSICA,CENTRAIS ELETRICAS DO PARA S.A. - CELPA - CNPJ: 04.895.728/0083-26,Energia,ACORDO HOMOLOGADO,,,2038
0805181-51.2025.8.20.5106,2025,TJRN,Mossoró,,,,ACORDO HOMOLOGADO,,,1983
0805188-50.2023.8.19.0253,2023,TJRJ,,,,,ACORDO HOMOLOGADO,,,1273
0805193-78.2022.8.19.0036,2022,TJRJ,Nilópolis,PESSOA FÍSICA,ÁGUAS DO RIO 4 SPE,Saneamento,EXTINTO SEM MÉRITO,False,,1633
0805197-07.2024.8.19.0211,2024,TJRJ,,,,,ACORDO HOMOLOGADO,,,504
0805200-77.2022.8.20.5004,2022,TJRN,Natal,PESSOA FÍSICA,,,ACORDO HOMOLOGADO,,,1003
0805201-97.2023.8.10.0027,2023,TJMA,Barra do Corda,,,,IMPROCEDENTE,False,,24291
0805205-43.2024.8.15.0001,2024,TJPB,Campina Grande,,,,ACORDO HOMOLOGADO,,,1499
0805209-31.2022.8.19.0004,2022,TJRJ,São Gonçalo,PESSOA FÍSICA,SENDAS DISTRIBUIDORA,Outros,ACORDO HOMOLOGADO,,,1291
0805211-87.2021.8.19.0213,2021,TJRJ,,,,,ACORDO HOMOLOGADO,,,995
0805216-70.2025.8.18.0028,2025,TJPI,Floriano,PESSOA FÍSICA,BANCO DAYCOVAL,Banco e financeira,IMPROCEDENTE,False,,26523
0805221-33.2022.8.19.0008,2022,TJRJ,Belford Roxo,PESSOA FÍSICA,LIGHT SERVIÇOS DE ELETRICIDADE,Energia,ACORDO HOMOLOGADO,,,1250
0805225-28.2019.8.10.0040,2019,TJMA,,,,,IMPROCEDENTE,False,,8485
0805225-61.2021.8.19.0087,2021,TJRJ,São Gonçalo,PESSOA FÍSICA,SARAIVA E SICILIANO,Outros,ACORDO HOMOLOGADO,,,2304
0805226-48.2022.8.19.0075,2022,TJRJ,Magé,PESSOA FÍSICA,AMPLA ENERGIA E SERVIÇOS,Energia,ACORDO HOMOLOGADO,,,1433
0805228-43.2022.8.19.0002,2022,TJRJ,,,,,ACORDO HOMOLOGADO,,,405
0805230-13.2022.8.19.0002,2022,TJRJ,Niterói,PESSOA FÍSICA,GLOBO COMUNICAÇÃO E PARTICIPAÇÕES,Outros,ACORDO HOMOLOGADO,,,2551
0805234-39.2021.8.10.0001,2021,TJMA,,,,,EXTINTO SEM MÉRITO,False,,6059
0805243-11.2022.8.20.5102,2022,TJRN,Ceará,PESSOA FÍSICA,,,IMPROCEDENTE,False,,2891
0805245-66.2024.8.19.0210,2024,TJRJ,,,,,ACORDO HOMOLOGADO,,,71
0805246-25.2024.8.19.0251,2024,TJRJ,Rio de Janeiro,PESSOA FÍSICA,TAM LINHAS AEREAS,Transporte aéreo,ACORDO HOMOLOGADO,,,1849
0805258-70.2021.8.15.0731,2021,TJPB,Cabedelo,PESSOA FÍSICA,ENERGISA PARAIBA - DISTRIBUIDORA DE ENERGIA,Energia,IMPROCEDENTE,False,15000.0,28759
0805276-95.2021.8.10.0031,2021,TJMA,Chapadinha,PESSOA FÍSICA,,,ACORDO HOMOLOGADO,,,1890
0805298-49.2022.8.19.0038,2022,TJRJ,Nova Iguaçu,PESSOA FÍSICA,LIGHT SERVIÇOS DE ELETRICIDADE,Energia,ACORDO HOMOLOGADO,,,1219
0805307-70.2024.8.19.0028,2024,TJRJ,Macaé,PESSOA FÍSICA,LBL COMERCIO DE VEICULOS,Outros,ACORDO HOMOLOGADO,,,609
0805310-26.2022.8.19.0212,2022,TJRJ,Niterói,PESSOA FÍSICA,GFG COMERCIO DIGITAL,Outros,ACORDO HOMOLOGADO,,,2628
0805320-49.2024.8.19.0067,2024,TJRJ,Queimados,PESSOA FÍSICA,LIGHT SERVIÇOS DE ELETRICIDADE,Energia,ACORDO HOMOLOGADO,,,945
0805325-08.2019.8.14.0028,2019,TJPA,Marabá,PESSOA FÍSICA,,,ACORDO HOMOLOGADO,,,1466
0805338-02.2020.8.19.0038,2020,TJRJ,,,,,ACORDO HOMOLOGADO,,,1875
0805352-55.2021.8.19.0036,2021,TJRJ,Nilópolis,PESSOA FÍSICA,,,ACORDO HOMOLOGADO,,,1161
0805361-53.2022.8.10.0029,2022,TJMA,Caxias,PESSOA FÍSICA,BANCO PANAMERICANO,Banco e financeira,IMPROCEDENTE,False,,5791
0805367-75.2021.8.19.0213,2021,TJRJ,,,,,ACORDO HOMOLOGADO,,,995
0805381-58.2025.8.20.5106,2025,TJRN,Mossoró,PESSOA FÍSICA,BANCO SANTANDER,Banco e financeira,ACORDO HOMOLOGADO,,,978
0805395-78.2024.8.19.0038,2024,TJRJ,,,,,ACORDO HOMOLOGADO,,,2164
0805410-28.2024.8.19.0206,2024,TJRJ,Rio de Janeiro,PESSOA FÍSICA,ALM SEGURADORA S.A. - MICROSSEGURADORA,Seguros,ACORDO HOMOLOGADO,,,2491
0805416-05.2021.8.10.0040,2021,TJMA,Imperatriz,PESSOA FÍSICA,,,ACORDO HOMOLOGADO,,,1807
0805419-56.2024.8.19.0087,2024,TJRJ,São Gonçalo,PESSOA FÍSICA,CARREFOUR COMERCIO E INDUSTRIA,Outros,ACORDO HOMOLOGADO,,,2853
0805419-90.2022.8.19.0066,2022,TJRJ,Volta Redonda,PESSOA FÍSICA,BANCO SANTANDER,Banco e financeira,ACORDO HOMOLOGADO,,,771
0805426-79.2022.8.19.0067,2022,TJRJ,Queimados,PESSOA FÍSICA,,,ACORDO HOMOLOGADO,,,876
0805437-23.2021.8.19.0042,2021,TJRJ,Petrópolis,PESSOA FÍSICA,BANCO SANTANDER,Banco e financeira,ACORDO HOMOLOGADO,,,813
0805452-33.2024.8.19.0253,2024,TJRJ,,,,,ACORDO HOMOLOGADO,,,1273
0805452-35.2024.8.19.0026,2024,TJRJ,Itaperuna,PESSOA FÍSICA,BANCO DO BRASIL,Banco e financeira,ACORDO HOMOLOGADO,,,740
0805453-14.2021.8.15.0001,2021,TJPB,Campina Grande,,,,ACORDO HOMOLOGADO,,,1859
0805472-80.2021.8.19.0042,2021,TJRJ,Petrópolis,PESSOA FÍSICA,99 TECNOLOGIA,Outros,ACORDO HOMOLOGADO,,,720
0805483-47.2023.8.10.0024,2023,TJMA,,PESSOA FÍSICA,BANCO AGIBANK,Banco e financeira,EXTINTO SEM MÉRITO,False,,1402
0805489-66.2022.8.19.0209,2022,TJRJ,Rio de Janeiro,PESSOA FÍSICA,BANCO SANTANDER,Banco e financeira,ACORDO HOMOLOGADO,,,1960
0805490-16.2021.8.19.0038,2021,TJRJ,Nova Iguaçu,PESSOA FÍSICA,LIGHT SERVIÇOS DE ELETRICIDADE,Energia,ACORDO HOMOLOGADO,,,2543
0805490-45.2022.8.19.0211,2022,TJRJ,Rio de Janeiro,PESSOA FÍSICA,CRED - SYSTEM ADMINISTRADORA DE CARTOES DE CREDITO,Banco e financeira,EXTINTO SEM MÉRITO,False,,1987
0805493-94.2022.8.19.0212,2022,TJRJ,Niterói,PESSOA FÍSICA,PICPAY INSTITUICAO DE PAGAMENTO,Outros,ACORDO HOMOLOGADO,,,5553
0805501-54.2021.8.12.0001,2021,TJMS,,,,,IMPROCEDENTE,False,,21783
0805513-52.2024.8.20.5106,2024,TJRN,Mossoró,PESSOA FÍSICA,,,EXTINTO SEM MÉRITO,False,,3260
0805519-71.2023.8.19.0046,2023,TJRJ,Rio Bonito,PESSOA FÍSICA,RÉU: AMPLA ENERGIA E SERVIÇOS,Energia,ACORDO HOMOLOGADO,,,3064
0805520-53.2022.8.19.0026,2022,TJRJ,Itaperuna,PESSOA FÍSICA,ENEL BRASIL,Energia,ACORDO HOMOLOGADO,,,776
0805531-50.2024.8.19.0014,2024,TJRJ,Campos dos Goytacazes,PESSOA FÍSICA,BANCO ITAU CONSIGNADO,Banco e financeira,ACORDO HOMOLOGADO,,,2281
0805550-18.2022.8.19.0211,2022,TJRJ,Rio de Janeiro,PESSOA FÍSICA,TIM CELULAR,Telecomunicações,ACORDO HOMOLOGADO,,,1873
0805567-79.2023.8.15.0001,2023,TJPB,Campina Grande,PESSOA FÍSICA,HIPERCARD BANCO MULTIPLO,Banco e financeira,ACORDO HOMOLOGADO,,,1125
0805571-29.2024.8.19.0209,2024,TJRJ,Rio de Janeiro,PESSOA FÍSICA,,,ACORDO HOMOLOGADO,,,824
0805573-16.2024.8.10.0058,2024,TJMA,Ilha de São Luís,PESSOA FÍSICA,UNIÃO SEGURADORA,Seguros,IMPROCEDENTE,False,4000.0,14907
0805575-46.2022.8.19.0206,2022,TJRJ,Rio de Janeiro,PESSOA FÍSICA,GOLDEN RIO COMERCIO DE MOTOS,Outros,ACORDO HOMOLOGADO,,,2443
0805608-68.2024.8.19.0011,2024,TJRJ,Cabo Frio,PESSOA FÍSICA,SODRE SL DIAGNOSTICOS E PESQUISAS LABORATORIAIS,Outros,ACORDO HOMOLOGADO,,,620
0805625-07.2024.8.19.0205,2024,TJRJ,Rio de Janeiro,PESSOA FÍSICA,GRUPO CASAS BAHIA,Varejo e serviços,ACORDO HOMOLOGADO,,,1251
0805655-78.2022.8.19.0054,2022,TJRJ,São João de Meriti,PESSOA FÍSICA,TELEFONICA BRASIL,Telecomunicações,ACORDO HOMOLOGADO,,,1346
0805659-04.2024.8.19.0036,2024,TJRJ,Nilópolis,PESSOA FÍSICA,GRUPO CASAS BAHIA,Varejo e serviços,ACORDO HOMOLOGADO,,,1197
0805664-60.2024.8.19.0251,2024,TJRJ,Rio de Janeiro,PESSOA FÍSICA,,,ACORDO HOMOLOGADO,,,1891
0805666-63.2023.8.15.2001,2023,TJPB,,PESSOA FÍSICA,,,ACORDO HOMOLOGADO,,,1354
0805666-80.2024.8.19.0008,2024,TJRJ,Belford Roxo,PESSOA FÍSICA,GRUPO CASAS BAHIA,Varejo e serviços,ACORDO HOMOLOGADO,,,841
0805669-60.2021.8.19.0066,2021,TJRJ,Volta Redonda,PESSOA FÍSICA,BANCO CETELEM,Banco e financeira,ACORDO HOMOLOGADO,,,756
0805684-33.2024.8.19.0063,2024,TJRJ,Três Rios,PESSOA FÍSICA,BANCO C6,Banco e financeira,ACORDO HOMOLOGADO,,,1070
0805690-64.2024.8.10.0039,2024,TJMA,,PESSOA FÍSICA,BANCO BRADESCO,Banco e financeira,EXTINTO SEM MÉRITO,False,,10224
0805693-04.2022.8.19.0212,2022,TJRJ,Niterói,PESSOA FÍSICA,COOBRASTUR VIAGENS E TURISMO,Outros,ACORDO HOMOLOGADO,,,5613
0805696-46.2024.8.19.0031,2024,TJRJ,Maricá,PESSOA FÍSICA,CLARO,Telecomunicações,IMPROCEDENTE,False,,3339
0805701-50.2021.8.20.5106,2021,TJRN,,PESSOA FÍSICA,CLARO,Telecomunicações,ACORDO HOMOLOGADO,,,1249
0805705-15.2022.8.19.0213,2022,TJRJ,,,,,ACORDO HOMOLOGADO,,,995
0805719-28.2024.8.19.0213,2024,TJRJ,Mesquita,PESSOA FÍSICA,LIGHT SERVIÇOS DE ELETRICIDADE,Energia,ACORDO HOMOLOGADO,,,1696
0805721-87.2022.8.19.0206,2022,TJRJ,Rio de Janeiro,PESSOA FÍSICA,LIGHT SERVIÇOS DE ELETRICIDADE,Energia,ACORDO HOMOLOGADO,,,2438
0805731-19.2024.8.19.0253,2024,TJRJ,,,,,ACORDO HOMOLOGADO,,,1273
0805734-98.2022.8.19.0008,2022,TJRJ,Belford Roxo,PESSOA FÍSICA,88I SEGURADORA DIGITAL,Seguros,ACORDO HOMOLOGADO,,,837
0805737-39.2022.8.19.0045,2022,TJRJ,Resende,PESSOA FÍSICA,GLOBO COMUNICAÇÃO E PARTICIPAÇÕES,Outros,EXTINTO SEM MÉRITO,False,,1546
0805742-71.2024.8.19.0213,2024,TJRJ,Mesquita,PESSOA FÍSICA,LIGHT SERVIÇOS DE ELETRICIDADE,Energia,ACORDO HOMOLOGADO,,,1719
0805744-38.2022.8.19.0075,2022,TJRJ,Magé,PESSOA FÍSICA,ASSOCIACAO DE BENEFICIOS MUTUOS DOS AMIGOS DO RIO DE JANEIRO - ASSORIO,Outros,ACORDO HOMOLOGADO,,,970
0805760-10.2024.8.19.0208,2024,TJRJ,Rio de Janeiro,PESSOA FÍSICA,,,ACORDO HOMOLOGADO,,,2085
0805772-41.2023.8.12.0018,2023,TJMS,,,,,IMPROCEDENTE,False,3525.16,17899
0805776-64.2024.8.19.0207,2024,TJRJ,Rio de Janeiro,PESSOA FÍSICA,NESTLÉ BRASIL,Outros,ACORDO HOMOLOGADO,,,772
0805785-17.2024.8.19.0210,2024,TJRJ,Rio de Janeiro,,,,ACORDO HOMOLOGADO,,,704
0805791-60.2021.8.19.0038,2021,TJRJ,Nova Iguaçu,PESSOA FÍSICA,LIGHT SERVIÇOS DE ELETRICIDADE,Energia,ACORDO HOMOLOGADO,,,1221
0805811-40.2024.8.10.0024,2024,TJMA,,,,,IMPROCEDENTE,False,,7349
0805817-90.2022.8.19.0210,2022,TJRJ,Rio de Janeiro,,,,ACORDO HOMOLOGADO,,,685
0805844-13.2022.8.19.0036,2022,TJRJ,Nilópolis,PESSOA FÍSICA,PICPAY INSTITUICAO DE PAGAMENTO,Outros,ACORDO HOMOLOGADO,,,870
0805861-37.2021.8.19.0213,2021,TJRJ,,,,,ACORDO HOMOLOGADO,,,995
0805868-57.2021.8.19.0042,2021,TJRJ,Petrópolis,PESSOA FÍSICA,ALESSANDRA DIAS DA ROCHA,Outros,ACORDO HOMOLOGADO,,,880
0805870-05.2022.8.19.0038,2022,TJRJ,Nova Iguaçu,PESSOA FÍSICA,LIGHT,Energia,ACORDO HOMOLOGADO,,,2323
0805886-62.2022.8.19.0036,2022,TJRJ,Nilópolis,PESSOA FÍSICA,IFOOD AGENCIA DE SERVICOS DE RESTAURANTES,Outros,ACORDO HOMOLOGADO,,,1207
0805891-15.2024.8.15.0331,2024,TJPB,,PESSOA FÍSICA,ECO ENERGIA SUSTENTAVEL,Energia,ACORDO HOMOLOGADO,,,2062
0805893-83.2024.8.19.0036,2024,TJRJ,Nilópolis,PESSOA FÍSICA,,,ACORDO HOMOLOGADO,,,773
0805894-73.2024.8.19.0002,2024,TJRJ,,,,,EXTINTO SEM MÉRITO,False,,251
0805930-89.2022.8.19.0001,2022,TJRJ,Rio de Janeiro,PESSOA FÍSICA,BRADESCO SAUDE,Plano de saúde,ACORDO HOMOLOGADO,,,1683
0805936-67.2018.8.10.0040,2018,TJMA,,PESSOA FÍSICA,,,IMPROCEDENTE,False,,16162
0805936-96.2022.8.19.0001,2022,TJRJ,,,,,ACORDO HOMOLOGADO,,,72
0805937-33.2022.8.19.0211,2022,TJRJ,Rio de Janeiro,PESSOA FÍSICA,CLARO,Telecomunicações,ACORDO HOMOLOGADO,,,1323
0805939-08.2020.8.19.0038,2020,TJRJ,Nova Iguaçu,PESSOA FÍSICA,LIGHT SERVIÇOS DE ELETRICIDADE,Energia,ACORDO HOMOLOGADO,,,1206
0805942-39.2023.8.19.0011,2023,TJRJ,Cabo Frio,PESSOA FÍSICA,,,IMPROCEDENTE,False,26182.0,21361
0805948-50.2020.8.10.0060,2020,TJMA,,PESSOA FÍSICA,BANCO DO BRASIL,Banco e financeira,ACORDO HOMOLOGADO,,,2781
0805951-05.2022.8.19.0021,2022,TJRJ,Duque de Caxias,PESSOA FÍSICA,GRUPO SBF,Varejo e serviços,ACORDO HOMOLOGADO,,,1560
0805951-96.2022.8.19.0023,2022,TJRJ,Itaboraí,PESSOA FÍSICA,BANCO DO BRASIL,Banco e financeira,ACORDO HOMOLOGADO,,,1352
0805968-41.2022.8.19.0021,2022,TJRJ,Duque de Caxias,PESSOA FÍSICA,EMBRATEL TVSAT TELECOMUNICAÇÕES,Telecomunicações,ACORDO HOMOLOGADO,,,1279
0805971-93.2022.8.19.0021,2022,TJRJ,,,,,ACORDO HOMOLOGADO,,,416
0805981-97.2019.8.15.0751,2019,TJPB,,,,,ACORDO HOMOLOGADO,,,622
0805985-48.2021.8.19.0042,2021,TJRJ,Petrópolis,PESSOA FÍSICA,COMPANIA PANAMENA DE AVIACION,Outros,ACORDO HOMOLOGADO,,,812
0805998-59.2021.8.19.0038,2021,TJRJ,Nova Iguaçu,PESSOA FÍSICA,LIGHT SERVIÇOS DE ELETRICIDADE,Energia,ACORDO HOMOLOGADO,,,2545
0806002-55.2025.8.20.5106,2025,TJRN,Mossoró,PESSOA FÍSICA,,,PROCEDENTE,True,5000.0,9689
0806011-64.2021.8.19.0036,2021,TJRJ,Nilópolis,PESSOA FÍSICA,PAGSEGURO INTERNET,Outros,ACORDO HOMOLOGADO,,,1184
0806022-17.2023.8.20.5106,2023,TJRN,Mossoró,PESSOA FÍSICA,FORTBRASIL ADMINISTRADORA DE CARTOES DE CRÉDITO,Banco e financeira,ACORDO HOMOLOGADO,,,2238
0806029-07.2021.8.15.0001,2021,TJPB,Campina Grande,PESSOA FÍSICA,DECOLAR. COM,Outros,IMPROCEDENTE,False,,6351
0806060-07.2017.8.10.0001,2017,TJMA,São Luís,PESSOA FÍSICA,CONSTRUTORA MOTA MACHADO LTDA E OUTROS,Outros,IMPROCEDENTE,False,,10730
0806075-81.2021.8.19.0066,2021,TJRJ,Volta Redonda,PESSOA FÍSICA,CLARO,Telecomunicações,ACORDO HOMOLOGADO,,,643
0806081-35.2021.8.19.0213,2021,TJRJ,,,,,ACORDO HOMOLOGADO,,,995
0806081-60.2017.8.10.0040,2017,TJMA,,,,,IMPROCEDENTE,False,,8755
0806084-06.2024.8.19.0206,2024,TJRJ,Rio de Janeiro,PESSOA FÍSICA,NU PAGAMENTOS,Outros,ACORDO HOMOLOGADO,,,2490
0806098-61.2020.8.20.5004,2020,TJRN,Natal,PESSOA FÍSICA,APEC - SOCIEDADE POTIGUAR DE EDUCACAO E CULTURA,Outros,PROCEDENTE,True,,7093
0806104-80.2022.8.19.0007,2022,TJRJ,Barra Mansa,PESSOA FÍSICA,BK BRASIL OPERACAO E ASSESSORIA A RESTAURANTES,Outros,ACORDO HOMOLOGADO,,,2165
0806121-16.2022.8.19.0008,2022,TJRJ,Belford Roxo,PESSOA FÍSICA,LIGHT SERVIÇOS DE ELETRICIDADE,Energia,ACORDO HOMOLOGADO,,,854
0806128-25.2024.8.19.0206,2024,TJRJ,Rio de Janeiro,PESSOA FÍSICA,LIGHT SERVIÇOS DE ELETRICIDADE,Energia,ACORDO HOMOLOGADO,,,1558
0806133-89.2024.8.15.0131,2024,TJPB,Cajazeiras,,,,ACORDO HOMOLOGADO,,,879
0806143-13.2024.8.19.0038,2024,TJRJ,Nova Iguaçu,PESSOA FÍSICA,LIGHT SERVIÇOS DE ELETRICIDADE,Energia,ACORDO HOMOLOGADO,,,803
0806145-29.2022.8.19.0207,2022,TJRJ,Rio de Janeiro,PESSOA FÍSICA,BANCO BMG,Banco e financeira,IMPROCEDENTE,False,,6616
0806154-14.2025.8.19.0036,2025,TJRJ,Nilópolis,PESSOA FÍSICA,,,ACORDO HOMOLOGADO,,,804
0806156-23.2021.8.19.0036,2021,TJRJ,Nilópolis,PESSOA FÍSICA,,,ACORDO HOMOLOGADO,,,780
0806174-15.2022.8.19.0002,2022,TJRJ,Niterói,PESSOA FÍSICA,ZAP S A INTERNET,Outros,ACORDO HOMOLOGADO,,,982
0806188-96.2023.8.18.0032,2023,TJPI,Picos,PESSOA FÍSICA,BANCO PAN,Banco e financeira,EXTINTO SEM MÉRITO,False,,10915
0806189-91.2022.8.19.0031,2022,TJRJ,Maricá,PESSOA FÍSICA,SOCIEDADE DE ENSINO SUPERIOR ESTACIO DE,Ensino,PROCEDENTE,True,2000.0,8190
0806196-79.2024.8.19.0042,2024,TJRJ,Petrópolis,PESSOA FÍSICA,AMPLA ENERGIA E SERVIÇOS,Energia,ACORDO HOMOLOGADO,,,715
0806205-20.2022.8.19.0007,2022,TJRJ,Barra Mansa,PESSOA FÍSICA,BANCO BMG,Banco e financeira,IMPROCEDENTE,False,4000.0,25502
0806209-39.2022.8.19.0207,2022,TJRJ,Rio de Janeiro,PESSOA FÍSICA,QUALICORP ADMINISTRADORA DE BENEFICIOS,Outros,ACORDO HOMOLOGADO,,,1179
0806211-94.2024.8.19.0253,2024,TJRJ,,,,,ACORDO HOMOLOGADO,,,1273
0806247-84.2024.8.15.0371,2024,TJPB,Sousa,,,,ACORDO HOMOLOGADO,,,1466
0806257-83.2022.8.19.0211,2022,TJRJ,,,,,ACORDO HOMOLOGADO,,,504
0806281-32.2022.8.19.0205,2022,TJRJ,Rio de Janeiro,PESSOA FÍSICA,AIRBNB PAGAMENTOS BRASIL,Outros,ACORDO HOMOLOGADO,,,1310
0806293-05.2021.8.19.0036,2021,TJRJ,Nilópolis,PESSOA FÍSICA,LIGHT SERVIÇOS DE ELETRICIDADE,Energia,ACORDO HOMOLOGADO,,,1190
0806293-12.2021.8.20.5004,2021,TJRN,Natal,PESSOA FÍSICA,BANCO OLÉ BONSUCESSO CONSIGNADO,Banco e financeira,ACORDO HOMOLOGADO,,,5292
0806308-02.2020.8.19.0038,2020,TJRJ,Nova Iguaçu,PESSOA FÍSICA,SINTNET - TELECOMUNICACOES E INFORMATICA,Telecomunicações,ACORDO HOMOLOGADO,,,1226
0806318-69.2021.8.19.0213,2021,TJRJ,,,,,ACORDO HOMOLOGADO,,,995
0806330-68.2024.8.19.0087,2024,TJRJ,São Gonçalo,PESSOA FÍSICA,AMPLA ENERGIA E SERVIÇOS,Energia,ACORDO HOMOLOGADO,,,2124
0806334-63.2021.8.10.0022,2021,TJMA,,,,,,,,4510
0806341-29.2025.8.20.5004,2025,TJRN,Natal,PESSOA FÍSICA,REU: AZUL LINHAS AEREAS BRASILEIRAS,Transporte aéreo,PROCEDENTE,True,8000.0,9132
0806348-24.2022.8.19.0002,2022,TJRJ,,,,,ACORDO HOMOLOGADO,,,405
0806359-64.2021.8.19.0042,2021,TJRJ,Petrópolis,PESSOA FÍSICA,VIA VAREJO,Varejo e serviços,ACORDO HOMOLOGADO,,,728
0806364-53.2024.8.19.0213,2024,TJRJ,Mesquita,PESSOA FÍSICA,BANCO DO BRASIL,Banco e financeira,ACORDO HOMOLOGADO,,,1714
0806372-17.2025.8.19.0206,2025,TJRJ,,PESSOA FÍSICA,LIGHT SERVIÇOS DE ELETRICIDADE,Energia,IMPROCEDENTE,False,434.13,14932
0806373-82.2021.8.20.5001,2021,TJRN,Natal,PESSOA FÍSICA,BANCO BRADESCO,Banco e financeira,IMPROCEDENTE,False,,5823
0806374-56.2022.8.19.0023,2022,TJRJ,Itaboraí,PESSOA FÍSICA,CLARO,Telecomunicações,ACORDO HOMOLOGADO,,,1328
0806377-71.2025.8.20.5004,2025,TJRN,Natal,PESSOA FÍSICA,UNIMED NATAL SOCIEDADE COOPERATIVA DE TRABALHO MEDICO,Plano de saúde,PROCEDENTE,True,3000.0,9875
0806389-28.2021.8.19.0001,2021,TJRJ,Rio de Janeiro,PESSOA FÍSICA,SAMSUNG ELETRONICA DA AMAZONIA,Energia,ACORDO HOMOLOGADO,,,1092
0806411-67.2024.8.19.0038,2024,TJRJ,Nova Iguaçu,PESSOA FÍSICA,,,ACORDO HOMOLOGADO,,,2266
0806419-60.2022.8.19.0023,2022,TJRJ,Itaboraí,PESSOA FÍSICA,AMPLA ENERGIA E SERVIÇOS,Energia,ACORDO HOMOLOGADO,,,1790
0806433-20.2022.8.19.0031,2022,TJRJ,Maricá,PESSOA FÍSICA,MERCADOLIVRE.COM ATIVIDADES DE INTERNET,Varejo e serviços,IMPROCEDENTE,False,,6715
0806455-09.2022.8.19.0054,2022,TJRJ,São João de Meriti,PESSOA FÍSICA,LIGHT SERVIÇOS DE ELETRICIDADE,Energia,ACORDO HOMOLOGADO,,,1361
0806458-39.2021.8.19.0008,2021,TJRJ,Belford Roxo,PESSOA FÍSICA,CRED - SYSTEM ADMINISTRADORA DE CARTOES DE CREDITO,Banco e financeira,ACORDO HOMOLOGADO,,,873
0806485-71.2022.8.19.0045,2022,TJRJ,Resende,PESSOA FÍSICA,,,ACORDO HOMOLOGADO,,,744
0806490-18.2025.8.19.0036,2025,TJRJ,Nilópolis,PESSOA FÍSICA,MERCADOLIVRE COM ATIVIDADES DE INTERNET,Varejo e serviços,ACORDO HOMOLOGADO,,,1144
0806502-88.2022.8.19.0213,2022,TJRJ,Mesquita,PESSOA FÍSICA,BANCO C6,Banco e financeira,ACORDO HOMOLOGADO,,,1491
0806523-75.2020.8.19.0038,2020,TJRJ,Nova Iguaçu,PESSOA FÍSICA,LIGHT SERVIÇOS DE ELETRICIDADE,Energia,ACORDO HOMOLOGADO,,,2551
0806574-28.2024.8.19.0206,2024,TJRJ,Rio de Janeiro,PESSOA FÍSICA,MERCADOPAGO.COM REPRESENTACOES,Outros,ACORDO HOMOLOGADO,,,3024
0806615-36.2024.8.19.0063,2024,TJRJ,Três Rios,PESSOA FÍSICA,RECREIO RIO MOTOS COMERCIO E REPRESENTACOES,Outros,ACORDO HOMOLOGADO,,,1105
0806643-42.2024.8.19.0212,2024,TJRJ,Niterói,PESSOA FÍSICA,BANCO BRADESCO,Banco e financeira,IMPROCEDENTE,False,,6488
0806649-14.2024.8.15.0001,2024,TJPB,Campina Grande,PESSOA FÍSICA,INDUSTRIA DE LATICINIOS PALMEIRA DOS INDIOS S/A ILPISA,Outros,ACORDO HOMOLOGADO,,,1162
0806674-15.2024.8.20.5004,2024,TJRN,Natal,PESSOA FÍSICA,LATAM AIRLINES GROUP,Transporte aéreo,IMPROCEDENTE,False,,7711
0806684-07.2019.8.10.0027,2019,TJMA,Barra do Corda,PESSOA FÍSICA,EQUATORIAL ENERGIA,Energia,IMPROCEDENTE,False,,7661
0806694-42.2022.8.19.0206,2022,TJRJ,Rio de Janeiro,PESSOA FÍSICA,LIGHT SERVIÇOS DE ELETRICIDADE,Energia,ACORDO HOMOLOGADO,,,2208
0806694-95.2021.8.19.0038,2021,TJRJ,Nova Iguaçu,PESSOA FÍSICA,BANCO ITAU,Banco e financeira,ACORDO HOMOLOGADO,,,1195
0806711-68.2019.8.10.0001,2019,TJMA,,PESSOA FÍSICA,BANCO PAN,Banco e financeira,IMPROCEDENTE,False,300.0,8673
0806724-22.2024.8.10.0024,2024,TJMA,,PESSOA FÍSICA,BANCO BRADESCO,Banco e financeira,EXTINTO SEM MÉRITO,False,,10250
0806728-17.2022.8.19.0206,2022,TJRJ,Rio de Janeiro,PESSOA FÍSICA,ITAU UNIBANCO,Banco e financeira,ACORDO HOMOLOGADO,,,2199
0806734-80.2020.8.15.0731,2020,TJPB,Cabedelo,PESSOA FÍSICA,BANCO BMG,Banco e financeira,IMPROCEDENTE,False,,10104
0806748-56.2024.8.19.0038,2024,TJRJ,Nova Iguaçu,PESSOA FÍSICA,BANCO SANTANDER,Banco e financeira,ACORDO HOMOLOGADO,,,1356
0806767-27.2021.8.19.0213,2021,TJRJ,,,,,ACORDO HOMOLOGADO,,,995
0806779-18.2023.8.15.0331,2023,TJPB,,PESSOA FÍSICA,VIA VAREJO,Varejo e serviços,ACORDO HOMOLOGADO,,,1750
0806780-25.2022.8.19.0008,2022,TJRJ,Belford Roxo,PESSOA FÍSICA,TELEFONICA BRASIL,Telecomunicações,ACORDO HOMOLOGADO,,,842
0806786-68.2024.8.19.0038,2024,TJRJ,Nova Iguaçu,PESSOA FÍSICA,,,ACORDO HOMOLOGADO,,,1326
0806807-09.2021.8.19.0213,2021,TJRJ,,,,,ACORDO HOMOLOGADO,,,280
0806838-07.2022.8.19.0209,2022,TJRJ,,,,,ACORDO HOMOLOGADO,,,436
0806845-95.2020.8.19.0038,2020,TJRJ,Nova Iguaçu,PESSOA FÍSICA,LIGHT SERVIÇOS DE ELETRICIDADE,Energia,ACORDO HOMOLOGADO,,,2545
0806862-82.2024.8.19.0203,2024,TJRJ,Rio de Janeiro,PESSOA FÍSICA,VIA VAREJO,Varejo e serviços,ACORDO HOMOLOGADO,,,2393
0806885-56.2020.8.10.0029,2020,TJMA,Caxias,PESSOA FÍSICA,BANCO BRADESCO,Banco e financeira,IMPROCEDENTE,False,,21574
0806897-53.2022.8.19.0028,2022,TJRJ,Macaé,PESSOA FÍSICA,SUPERMIX CONCRETO,Outros,ACORDO HOMOLOGADO,,,608
0806898-13.2023.8.15.2001,2023,TJPB,,PESSOA FÍSICA,REU: PORTAL CORRESPONDENTE BANCARIO,Outros,EXTINTO SEM MÉRITO,False,,2006
0806917-54.2021.8.19.0036,2021,TJRJ,Nilópolis,PESSOA FÍSICA,BANCO PAN,Banco e financeira,ACORDO HOMOLOGADO,,,1173
0806951-84.2024.8.19.0210,2024,TJRJ,Rio de Janeiro,,,,ACORDO HOMOLOGADO,,,704
0806971-29.2022.8.19.0054,2022,TJRJ,São João de Meriti,PESSOA FÍSICA,LIGHT SERVIÇOS DE ELETRICIDADE,Energia,ACORDO HOMOLOGADO,,,1378
0806978-58.2024.8.19.0213,2024,TJRJ,Mesquita,PESSOA FÍSICA,LIGHT SERVIÇOS DE ELETRICIDADE,Energia,ACORDO HOMOLOGADO,,,1724
0806980-13.2024.8.19.0024,2024,TJRJ,Itaguaí,PESSOA FÍSICA,BANCO MERCANTIL DO BRASIL,Banco e financeira,EXTINTO SEM MÉRITO,False,,927
0806980-87.2019.8.10.0040,2019,TJMA,,,,,ACORDO HOMOLOGADO,,,1775
0807014-14.2025.8.19.0004,2025,TJRJ,São Gonçalo,PESSOA FÍSICA,AZUL LINHAS AEREAS BRASILEIRAS,Transporte aéreo,ACORDO HOMOLOGADO,,,931
0807015-48.2022.8.19.0054,2022,TJRJ,São João de Meriti,PESSOA FÍSICA,VIA VAREJO,Varejo e serviços,ACORDO HOMOLOGADO,,,803
0807015-86.2019.8.10.0027,2019,TJMA,Barra do Corda,PESSOA FÍSICA,DEMANDADO: EQUATORIAL MARANHÃO DISTRIBUIDORA DE ENERGIA,Energia,IMPROCEDENTE,False,,17072
0807018-47.2022.8.19.0007,2022,TJRJ,Barra Mansa,PESSOA FÍSICA,BANCO BMG,Banco e financeira,IMPROCEDENTE,False,4000.0,21691
0807018-98.2022.8.19.0087,2022,TJRJ,São Gonçalo,PESSOA FÍSICA,CLARO,Telecomunicações,ACORDO HOMOLOGADO,,,2749
0807019-26.2019.8.10.0027,2019,TJMA,Barra do Corda,PESSOA FÍSICA,,,IMPROCEDENTE,False,,5157
0807050-08.2022.8.19.0054,2022,TJRJ,São João de Meriti,PESSOA FÍSICA,TELEFONICA BRASIL,Telecomunicações,ACORDO HOMOLOGADO,,,1356
0807052-02.2016.8.10.0001,2016,TJMA,Ilha de São Luís,PESSOA FÍSICA,V A QUEIROZ RIBEIRO,Outros,IMPROCEDENTE,False,,12504
0807077-12.2024.8.20.5124,2024,TJRN,Parnamirim,PESSOA FÍSICA,NU PAGAMENTOS,Outros,IMPROCEDENTE,False,,13562
0807085-44.2022.8.19.0061,2022,TJRJ,Teresópolis,PESSOA FÍSICA,DROGARIA CIPRIANO DE SANTA ROSA,Outros,PROCEDENTE,True,1500.0,7472
0807091-13.2019.8.10.0027,2019,TJMA,Barra do Corda,PESSOA FÍSICA,CHUBB SEGUROS BRASIL S/A E OUTROS,Seguros,IMPROCEDENTE,False,,8875
0807105-13.2022.8.19.0036,2022,TJRJ,Nilópolis,PESSOA FÍSICA,TELEFONICA BRASIL,Telecomunicações,ACORDO HOMOLOGADO,,,790
0807122-33.2022.8.19.0203,2022,TJRJ,Rio de Janeiro,PESSOA FÍSICA,TELEFONICA BRASIL,Telecomunicações,ACORDO HOMOLOGADO,,,1383
0807124-14.2024.8.19.0209,2024,TJRJ,Rio de Janeiro,PESSOA FÍSICA,INSTITUTO BRASILEIRO DE MEDICINA DE REABILITACAO,Outros,ACORDO HOMOLOGADO,,,841
0807126-58.2022.8.19.0207,2022,TJRJ,Rio de Janeiro,PESSOA FÍSICA,LIGHT SERVIÇOS DE ELETRICIDADE,Energia,ACORDO HOMOLOGADO,,,803
0807133-59.2022.8.19.0204,2022,TJRJ,,,,,ACORDO HOMOLOGADO,,,837
0807136-62.2024.8.19.0036,2024,TJRJ,Nilópolis,PESSOA FÍSICA,LIGHT SERVIÇOS DE ELETRICIDADE,Energia,ACORDO HOMOLOGADO,,,861
0807144-38.2021.8.19.0038,2021,TJRJ,,,,,ACORDO HOMOLOGADO,,,1877
0807159-21.2021.8.19.0001,2021,TJRJ,Rio de Janeiro,PESSOA FÍSICA,LIGHT SERVIÇOS DE ELETRICIDADE,Energia,ACORDO HOMOLOGADO,,,955
0807159-75.2022.8.15.0331,2022,TJPB,Santa Rita,PESSOA FÍSICA,ASPEC SOCIEDADE PARAIBANA DE EDUCACAO E CULTURA,Outros,ACORDO HOMOLOGADO,,,2030
0807168-21.2024.8.19.0213,2024,TJRJ,Mesquita,PESSOA FÍSICA,LIGHT SERVIÇOS DE ELETRICIDADE,Energia,ACORDO HOMOLOGADO,,,1688
0807171-74.2019.8.10.0027,2019,TJMA,Barra do Corda,PESSOA FÍSICA,EQUATORIAL MARANHÃO DISTRIBUIDORA DE ENERGIA,Energia,IMPROCEDENTE,False,,7644
0807172-59.2019.8.10.0027,2019,TJMA,Barra do Corda,PESSOA FÍSICA,EQUATORIAL ENERGIA,Energia,IMPROCEDENTE,False,,7654
0807174-26.2022.8.19.0204,2022,TJRJ,,,,,ACORDO HOMOLOGADO,,,137
0807198-10.2021.8.19.0036,2021,TJRJ,Nilópolis,PESSOA FÍSICA,ZURICH MINAS BRASIL SEGUROS,Seguros,ACORDO HOMOLOGADO,,,1253
0807202-70.2022.8.19.0211,2022,TJRJ,,,,,ACORDO HOMOLOGADO,,,504
0807202-92.2022.8.19.0042,2022,TJRJ,Petrópolis,PESSOA FÍSICA,BANCO SANTANDER,Banco e financeira,IMPROCEDENTE,False,,2802
0807205-25.2022.8.19.0211,2022,TJRJ,Rio de Janeiro,PESSOA FÍSICA,AMIL ASSISTENCIA MEDICA INTERNACIONAL,Plano de saúde,ACORDO HOMOLOGADO,,,1613
0807219-19.2021.8.15.2001,2021,TJPB,,PESSOA FÍSICA,NEWSEDAN COMERCIO DE VEICULOS,Outros,ACORDO HOMOLOGADO,,,1650
0807240-09.2019.8.10.0027,2019,TJMA,Barra do Corda,PESSOA FÍSICA,EQUATORIAL ENERGIA,Energia,IMPROCEDENTE,False,,7654
0807253-86.2020.8.19.0038,2020,TJRJ,Nova Iguaçu,PESSOA FÍSICA,UBER DO BRASIL TECNOLOGIA,Outros,ACORDO HOMOLOGADO,,,2535
0807274-97.2022.8.19.0036,2022,TJRJ,Nilópolis,PESSOA FÍSICA,,,ACORDO HOMOLOGADO,,,778
0807298-56.2025.8.15.2001,2025,TJPB,João Pessoa,PESSOA FÍSICA,CLINICA MEDICA E ODONTOLOGICA SAUDE INCLUSAO MEDICINA,Plano de saúde,EXTINTO SEM MÉRITO,False,,2373
0807305-92.2024.8.19.0054,2024,TJRJ,São João de Meriti,PESSOA FÍSICA,BANCO BRADESCO,Banco e financeira,ACORDO HOMOLOGADO,,,2593
0807306-84.2022.8.19.0042,2022,TJRJ,Petrópolis,PESSOA FÍSICA,CLARO,Telecomunicações,ACORDO HOMOLOGADO,,,698
0807314-34.2025.8.10.0001,2025,TJMA,,PESSOA FÍSICA,BANCO CELETEM,Banco e financeira,EXTINTO SEM MÉRITO,False,,10146
0807320-51.2020.8.19.0038,2020,TJRJ,Nova Iguaçu,PESSOA FÍSICA,PICPAY SERVICOS,Outros,ACORDO HOMOLOGADO,,,1196
0807410-96.2023.8.19.0024,2023,TJRJ,Itaguaí,PESSOA FÍSICA,RIO+ SANEAMENTO BL3,Saneamento,ACORDO HOMOLOGADO,,,1776
0807425-65.2023.8.19.0024,2023,TJRJ,Itaguaí,PESSOA FÍSICA,CCR,Outros,ACORDO HOMOLOGADO,,,1777
0807432-51.2023.8.19.0026,2023,TJRJ,Itaperuna,PESSOA FÍSICA,,,ACORDO HOMOLOGADO,,,1682
0807449-28.2021.8.19.0036,2021,TJRJ,Nilópolis,PESSOA FÍSICA,CASAS BAHIA,Varejo e serviços,ACORDO HOMOLOGADO,,,798
0807451-78.2024.8.10.0024,2024,TJMA,,PESSOA FÍSICA,BANCO BRADESCO,Banco e financeira,EXTINTO SEM MÉRITO,False,,10144
0807469-06.2021.8.19.0008,2021,TJRJ,Belford Roxo,PESSOA FÍSICA,BANCO SANTANDER (BRASIL),Banco e financeira,ACORDO HOMOLOGADO,,,850
0807476-37.2023.8.19.0037,2023,TJRJ,Nova Friburgo,PESSOA FÍSICA,,,ACORDO HOMOLOGADO,,,909
0807483-94.2021.8.19.0038,2021,TJRJ,,,,,ACORDO HOMOLOGADO,,,1875
0807484-50.2022.8.15.0331,2022,TJPB,,,,,EXTINTO SEM MÉRITO,False,,1847
0807488-53.2020.8.19.0038,2020,TJRJ,,,,,ACORDO HOMOLOGADO,,,1875
0807490-97.2022.8.18.0032,2022,TJPI,Picos,PESSOA FÍSICA,BANCO BRADESCO,Banco e financeira,IMPROCEDENTE,False,,8481
0807493-81.2024.8.18.0032,2024,TJPI,Picos,PESSOA FÍSICA,BANCO PAN,Banco e financeira,EXTINTO SEM MÉRITO,False,,3682
0807541-15.2022.8.19.0054,2022,TJRJ,São João de Meriti,PESSOA FÍSICA,LGF COMERCIO ELETRONICO,Energia,ACORDO HOMOLOGADO,,,1347
0807544-05.2024.8.12.0018,2024,TJMS,,PESSOA FÍSICA,ESTADO DE MATO GROSSO DO SUL,Poder público,PARCIALMENTE PROCEDENTE,True,,11626
0807561-42.2023.8.19.0063,2023,TJRJ,Três Rios,PESSOA FÍSICA,ITAU UNIBANCO,Banco e financeira,ACORDO HOMOLOGADO,,,869
0807569-06.2024.8.10.0040,2024,TJMA,Imperatriz,PESSOA FÍSICA,,,ACORDO HOMOLOGADO,,,1690
0807572-89.2022.8.19.0036,2022,TJRJ,Nilópolis,PESSOA FÍSICA,VIA VAREJO,Varejo e serviços,ACORDO HOMOLOGADO,,,774
0807579-17.2021.8.19.0004,2021,TJRJ,São Gonçalo,PESSOA FÍSICA,TIM CELULAR,Telecomunicações,ACORDO HOMOLOGADO,,,1294
0807586-67.2025.8.19.0004,2025,TJRJ,São Gonçalo,PESSOA FÍSICA,ITAU UNIBANCO,Banco e financeira,ACORDO HOMOLOGADO,,,1300
0807593-10.2021.8.19.0001,2021,TJRJ,,,,,ACORDO HOMOLOGADO,,,1604
0807613-42.2024.8.19.0212,2024,TJRJ,Niterói,PESSOA FÍSICA,AMPLA ENERGIA E SERVIÇOS,Energia,ACORDO HOMOLOGADO,,,5551
0807628-64.2022.8.19.0023,2022,TJRJ,Itaboraí,,,,ACORDO HOMOLOGADO,,,782
0807636-86.2022.8.19.0202,2022,TJRJ,Rio de Janeiro,PESSOA FÍSICA,AVISTA S.A. CREDITO FINANCIAMENTO E INVESTIMENTO,Banco e financeira,ACORDO HOMOLOGADO,,,1143
0807639-86.2025.8.10.0040,2025,TJMA,Imperatriz,PESSOA FÍSICA,,,ACORDO HOMOLOGADO,,,1139
0807657-61.2024.8.19.0212,2024,TJRJ,Niterói,PESSOA FÍSICA,MERCADOPAGO.COM REPRESENTACOES,Outros,ACORDO HOMOLOGADO,,,5560
0807659-88.2022.8.19.0054,2022,TJRJ,São João de Meriti,PESSOA FÍSICA,BANCO BRADESCO,Banco e financeira,ACORDO HOMOLOGADO,,,809
0807702-73.2025.8.15.0331,2025,TJPB,,PESSOA FÍSICA,REU: BANCO SANTANDER (BRASIL),Banco e financeira,ACORDO HOMOLOGADO,,,1655
0807728-61.2022.8.19.0203,2022,TJRJ,Rio de Janeiro,PESSOA FÍSICA,TELEFONICA BRASIL,Telecomunicações,ACORDO HOMOLOGADO,,,1375
0807745-91.2022.8.19.0205,2022,TJRJ,Rio de Janeiro,PESSOA FÍSICA,BANCO BRADESCO,Banco e financeira,ACORDO HOMOLOGADO,,,2327
0807769-25.2024.8.19.0052,2024,TJRJ,Araruama,PESSOA FÍSICA,BANCO DO BRASIL,Banco e financeira,EXTINTO SEM MÉRITO,False,,6882
0807786-17.2021.8.19.0036,2021,TJRJ,Nilópolis,PESSOA FÍSICA,BIROSKA CHIC EVENTOS,Outros,ACORDO HOMOLOGADO,,,809
0807786-67.2022.8.19.0008,2022,TJRJ,Belford Roxo,PESSOA FÍSICA,DIGITAL DO LOTE XV,Outros,ACORDO HOMOLOGADO,,,847
0807793-16.2021.8.20.5004,2021,TJRN,Natal,PESSOA FÍSICA,,,ACORDO HOMOLOGADO,,,966
0807798-86.2023.8.14.0040,2023,TJPA,Parauapebas,PESSOA FÍSICA,BANCO BRADESCO FINANCIAMENTOS,Banco e financeira,IMPROCEDENTE,False,,4904
0807807-50.2022.8.19.0038,2022,TJRJ,Nova Iguaçu,PESSOA JURÍDICA,ITAU UNIBANCO,Banco e financeira,ACORDO HOMOLOGADO,,,2332
0807834-65.2024.8.19.0037,2024,TJRJ,Nova Friburgo,PESSOA FÍSICA,TRANSPORTES AEREOS PORTUGUESES,Outros,ACORDO HOMOLOGADO,,,2100
0807839-24.2020.8.20.5106,2020,TJRN,Mossoró,PESSOA FÍSICA,TIM CELULAR,Telecomunicações,IMPROCEDENTE,False,,7511
0807848-86.2024.8.19.0251,2024,TJRJ,Rio de Janeiro,PESSOA FÍSICA,ON STAGE PRODUCOES,Outros,EXTINTO SEM MÉRITO,False,,1314
0807886-77.2021.8.19.0001,2021,TJRJ,,,,,ACORDO HOMOLOGADO,,,1604
0807892-02.2022.8.19.0211,2022,TJRJ,Rio de Janeiro,PESSOA FÍSICA,CLARO,Telecomunicações,ACORDO HOMOLOGADO,,,1631
0807899-11.2024.8.15.0251,2024,TJPB,Futuro Pedido de Desarquivamento,PESSOA FÍSICA,,,ACORDO HOMOLOGADO,,,2434
0807901-76.2022.8.19.0206,2022,TJRJ,Rio de Janeiro,PESSOA FÍSICA,LIGHT SERVIÇOS DE ELETRICIDADE,Energia,ACORDO HOMOLOGADO,,,2437
0807907-44.2021.8.19.0004,2021,TJRJ,São Gonçalo,PESSOA FÍSICA,BANCO DO BRASIL,Banco e financeira,ACORDO HOMOLOGADO,,,1384
0807915-84.2022.8.19.0004,2022,TJRJ,São Gonçalo,PESSOA FÍSICA,BANCO BRADESCO,Banco e financeira,ACORDO HOMOLOGADO,,,873
0807941-50.2023.8.19.0068,2023,TJRJ,Rio das Ostras,PESSOA FÍSICA,MERCADO PAGO INSTITUICAO DE PAGAMENTO,Outros,ACORDO HOMOLOGADO,,,1814
0807959-48.2022.8.19.0087,2022,TJRJ,São Gonçalo,PESSOA FÍSICA,CONFICAR PROTECAO E BENEFICIOS,Outros,ACORDO HOMOLOGADO,,,2847
0807970-72.2024.8.20.5004,2024,TJRN,Natal,PESSOA FÍSICA,CONDOMINIO RESIDENCIAL NATUREZA MAR,Outros,EXTINTO SEM MÉRITO,False,,2673
0807971-03.2022.8.19.0042,2022,TJRJ,Petrópolis,PESSOA FÍSICA,SHINERAY DO BRASIL,Outros,ACORDO HOMOLOGADO,,,818
0808000-14.2024.8.14.0045,2024,TJPA,,PESSOA FÍSICA,,,EXTINTO SEM MÉRITO,False,,5629
0808015-18.2020.8.20.5004,2020,TJRN,Natal,PESSOA FÍSICA,PASCHOALOTTO SERVICOS FINANCEIROS,Banco e financeira,PARCIALMENTE PROCEDENTE,True,,9376
0808016-58.2021.8.19.0004,2021,TJRJ,São Gonçalo,PESSOA FÍSICA,AMPLA ENERGIA E SERVIÇOS,Energia,ACORDO HOMOLOGADO,,,887
0808017-26.2020.8.15.0251,2020,TJPB,,PESSOA FÍSICA,BANCO SANTANDER (BRASIL),Banco e financeira,ACORDO HOMOLOGADO,,,1390
0808035-88.2022.8.19.0211,2022,TJRJ,,,,,ACORDO HOMOLOGADO,,,504
0808043-53.2022.8.19.0021,2022,TJRJ,Duque de Caxias,PESSOA FÍSICA,LIGHT SERVIÇOS DE ELETRICIDADE,Energia,ACORDO HOMOLOGADO,,,1285
0808044-29.2024.8.20.5004,2024,TJRN,Natal,PESSOA FÍSICA,COMVENE-COMERCIAL VENEZA,Outros,IMPROCEDENTE,False,,6921
0808057-25.2021.8.19.0004,2021,TJRJ,São Gonçalo,PESSOA FÍSICA,AMIL ASSISTENCIA MEDICA INTERNACIONAL,Plano de saúde,ACORDO HOMOLOGADO,,,884
0808079-58.2022.8.19.0001,2022,TJRJ,Rio de Janeiro,,,,ACORDO HOMOLOGADO,,,644
0808082-39.2021.8.19.0036,2021,TJRJ,Nilópolis,PESSOA FÍSICA,LIGHT SERVIÇOS DE ELETRICIDADE,Energia,ACORDO HOMOLOGADO,,,890
0808113-91.2024.8.10.0040,2024,TJMA,Imperatriz Rua Monte Castelo,PESSOA FÍSICA,BANCO BRADESCO S.A. ADVOGADOS DO(A) REU: LARISSA SENTO SE ROSSI - MA19147-A,Banco e financeira,IMPROCEDENTE,False,,6932
0808116-54.2024.8.19.0021,2024,TJRJ,Duque de Caxias,,,,ACORDO HOMOLOGADO,,,873
0808142-29.2022.8.19.0213,2022,TJRJ,Mesquita,PESSOA FÍSICA,BANCO BMG,Banco e financeira,ACORDO HOMOLOGADO,,,1663
0808156-87.2020.8.10.0001,2020,TJMA,,PESSOA FÍSICA,,,IMPROCEDENTE,False,,12469
0808164-05.2024.8.10.0040,2024,TJMA,Imperatriz,PESSOA FÍSICA,BANCO BRADESCO,Banco e financeira,IMPROCEDENTE,False,,3314
0808170-88.2022.8.19.0021,2022,TJRJ,,,,,ACORDO HOMOLOGADO,,,416
0808189-27.2022.8.19.0205,2022,TJRJ,Rio de Janeiro,PESSOA FÍSICA,FUNDO DE INVESTIMENTO EM DIREITOS CREDITORIOS MULTSEGMENTOS NPL IPANEMA VI - NAO PADRONIZA,Banco e financeira,ACORDO HOMOLOGADO,,,2421
0808219-26.2022.8.19.0023,2022,TJRJ,Itaboraí,PESSOA FÍSICA,DROGARIA CIPRIANO DE SANTA ROSA,Outros,ACORDO HOMOLOGADO,,,1370
0808224-98.2024.8.19.0210,2024,TJRJ,,,,,ACORDO HOMOLOGADO,,,58
0808264-66.2022.8.19.0205,2022,TJRJ,Rio de Janeiro,PESSOA FÍSICA,FUNDO DE INVESTIMENTO EM DIREITOS CREDITORIOS NAO PADRONIZADOS NPL II,Banco e financeira,ACORDO HOMOLOGADO,,,1340
0808272-86.2021.8.19.0008,2021,TJRJ,Belford Roxo,PESSOA FÍSICA,OI MOVEL,Telecomunicações,ACORDO HOMOLOGADO,,,838
0808281-66.2022.8.19.0023,2022,TJRJ,Itaboraí,PESSOA FÍSICA,AMPLA ENERGIA E SERVIÇOS,Energia,PROCEDENTE,True,417.42,5064
0808285-97.2021.8.19.0004,2021,TJRJ,São Gonçalo,PESSOA FÍSICA,CLARO,Telecomunicações,ACORDO HOMOLOGADO,,,1295
0808289-91.2022.8.19.0007,2022,TJRJ,Barra Mansa,PESSOA FÍSICA,BANCO BMG,Banco e financeira,EXTINTO SEM MÉRITO,False,,2460
0808292-98.2021.8.19.0001,2021,TJRJ,,,,,ACORDO HOMOLOGADO,,,72
0808296-24.2021.8.19.0038,2021,TJRJ,Nova Iguaçu,PESSOA FÍSICA,BANCO ITAUCARD,Banco e financeira,ACORDO HOMOLOGADO,,,2529
0808307-67.2021.8.19.0001,2021,TJRJ,,,,,ACORDO HOMOLOGADO,,,1604
0808313-08.2017.8.12.0002,2017,TJMS,,,,,IMPROCEDENTE,False,,8710
0808314-68.2023.8.10.0024,2023,TJMA,,PESSOA FÍSICA,BANCO SANTANDER (BRASIL),Banco e financeira,IMPROCEDENTE,False,1200.0,10619
0808314-92.2022.8.19.0205,2022,TJRJ,Rio de Janeiro,PESSOA FÍSICA,LIGHT SERVIÇOS DE ELETRICIDADE,Energia,ACORDO HOMOLOGADO,,,2348
0808314-97.2024.8.19.0213,2024,TJRJ,Mesquita,PESSOA FÍSICA,LIGHT SERVIÇOS DE ELETRICIDADE,Energia,ACORDO HOMOLOGADO,,,1689
0808330-10.2022.8.19.0023,2022,TJRJ,Itaboraí,PESSOA FÍSICA,ZAMP,Outros,ACORDO HOMOLOGADO,,,1343
0808337-50.2022.8.19.0007,2022,TJRJ,Barra Mansa,PESSOA FÍSICA,LIGHT SERVIÇOS DE ELETRICIDADE,Energia,ACORDO HOMOLOGADO,,,2113
0808338-32.2022.8.19.0008,2022,TJRJ,Belford Roxo,PESSOA FÍSICA,LIGHT SERVIÇOS DE ELETRICIDADE,Energia,ACORDO HOMOLOGADO,,,1247
0808338-66.2024.8.20.5106,2024,TJRN,Mossoró,PESSOA FÍSICA,COMPANHIA ENERGÉTICA DO RIO GRANDE DO NORTE - COSERN,Energia,ACORDO HOMOLOGADO,,,2315
0808340-07.2024.8.19.0210,2024,TJRJ,Rio de Janeiro,,,,ACORDO HOMOLOGADO,,,675
0808340-84.2024.8.12.0021,2024,TJMS,,PESSOA FÍSICA,,,PARCIALMENTE PROCEDENTE,True,10000.0,19072
0808341-28.2020.8.10.0001,2020,TJMA,Ilha de São Luís,PESSOA FÍSICA,BANCO DO BRASIL,Banco e financeira,ACORDO HOMOLOGADO,,,2408
0808365-51.2024.8.19.0038,2024,TJRJ,Nova Iguaçu,PESSOA FÍSICA,,,ACORDO HOMOLOGADO,,,2279
0808388-71.2022.8.19.0036,2022,TJRJ,Nilópolis,PESSOA FÍSICA,BANCO CETELEM,Banco e financeira,ACORDO HOMOLOGADO,,,859
0808391-98.2022.8.19.0206,2022,TJRJ,Rio de Janeiro,PESSOA FÍSICA,LIGHT SERVIÇOS DE ELETRICIDADE,Energia,ACORDO HOMOLOGADO,,,1380
0808393-17.2024.8.20.5106,2024,TJRN,,,,,ACORDO HOMOLOGADO,,,2021
0808393-47.2023.8.10.0024,2023,TJMA,,PESSOA FÍSICA,BANCO C6 CONSIGNADO,Banco e financeira,,,,7989
0808437-11.2024.8.12.0110,2024,TJMS,,PESSOA FÍSICA,,,EXTINTO SEM MÉRITO,False,,1848
0808452-53.2022.8.19.0207,2022,TJRJ,Rio de Janeiro,PESSOA FÍSICA,APPLE COMPUTER BRASIL,Outros,ACORDO HOMOLOGADO,,,775
0808511-56.2023.8.19.0029,2023,TJRJ,Magé,PESSOA FÍSICA,AMPLA ENERGIA E SERVIÇOS,Energia,ACORDO HOMOLOGADO,,,1154
0808515-78.2022.8.19.0207,2022,TJRJ,Rio de Janeiro,PESSOA FÍSICA,GOL LINHAS AEREAS,Transporte aéreo,ACORDO HOMOLOGADO,,,777
0808535-05.2024.8.15.0371,2024,TJPB,Sousa,,,,ACORDO HOMOLOGADO,,,2780
0808537-74.2024.8.19.0205,2024,TJRJ,Rio de Janeiro,PESSOA FÍSICA,PLATINUM INDUSTRIA DE CONFECCOES,Outros,ACORDO HOMOLOGADO,,,2178
0808550-81.2022.8.19.0031,2022,TJRJ,Maricá,PESSOA FÍSICA,NOVA LAGOS MATERIAL DE CONSTRUCAO,Outros,IMPROCEDENTE,False,75.48,8790
0808557-06.2022.8.19.0021,2022,TJRJ,Duque de Caxias,PESSOA FÍSICA,CARREFOUR COMERCIO E INDUSTRIA,Outros,ACORDO HOMOLOGADO,,,1421
0808571-47.2024.8.15.0371,2024,TJPB,,,,,PARCIALMENTE PROCEDENTE,True,,9053
0808594-77.2024.8.15.0731,2024,TJPB,Cabedelo,PESSOA FÍSICA,A ASSOCIACAO NO BRASIL DE APOSENTADOS E PENSIONISTAS DA PREVIDENCIA SOCIAL - AP BRASIL,Outros,ACORDO HOMOLOGADO,,,2248
0808607-86.2025.8.20.5004,2025,TJRN,Natal,,MILHAO INDUSTRIA E COMERCIO DE INGREDIENTES E CEREAIS,Outros,EXTINTO SEM MÉRITO,False,,1128
0808609-95.2021.8.20.5004,2021,TJRN,Natal,PESSOA FÍSICA,,,IMPROCEDENTE,False,,7363
0808623-07.2022.8.19.0208,2022,TJRJ,Rio de Janeiro,PESSOA FÍSICA,LIGHT SERVIÇOS DE ELETRICIDADE,Energia,IMPROCEDENTE,False,,7587
0808626-55.2024.8.15.2001,2024,TJPB,João Pessoa,PESSOA FÍSICA,,,ACORDO HOMOLOGADO,,,2760
0808628-50.2022.8.19.0007,2022,TJRJ,Barra Mansa,PESSOA FÍSICA,LIGHT SERVIÇOS DE ELETRICIDADE,Energia,ACORDO HOMOLOGADO,,,2123
0808640-79.2022.8.19.0002,2022,TJRJ,,,,,ACORDO HOMOLOGADO,,,405
0808653-17.2022.8.19.0087,2022,TJRJ,São Gonçalo,PESSOA FÍSICA,FINANCEIRA ITAU CBD S.A. - CREDITO,Banco e financeira,ACORDO HOMOLOGADO,,,1952
0808668-79.2024.8.19.0001,2024,TJRJ,Rio de Janeiro,PESSOA FÍSICA,ATIVO SOLUCOES DIGITAIS,Outros,ACORDO HOMOLOGADO,,,2441
0808688-04.2020.8.12.0002,2020,TJMS,,PESSOA FÍSICA,BANCO DO BRASIL,Banco e financeira,IMPROCEDENTE,False,,20369
0808716-42.2022.8.19.0087,2022,TJRJ,São Gonçalo,PESSOA FÍSICA,TELEMAR NORTE LESTE,Telecomunicações,ACORDO HOMOLOGADO,,,2890
0808717-19.2021.8.19.0004,2021,TJRJ,São Gonçalo,PESSOA FÍSICA,BANCO BMG,Banco e financeira,ACORDO HOMOLOGADO,,,1297
0808729-43.2023.8.19.0075,2023,TJRJ,Magé,PESSOA FÍSICA,ENEL BRASIL,Energia,EXTINTO SEM MÉRITO,False,,959
0808736-20.2021.8.19.0038,2021,TJRJ,Nova Iguaçu,PESSOA FÍSICA,CLARO,Telecomunicações,ACORDO HOMOLOGADO,,,2513
0808747-15.2021.8.10.0001,2021,TJMA,Ilha de São Luís,PESSOA FÍSICA,EQUATORIAL MARANHÃO DISTRIBUIDORA DE ENERGIA,Energia,IMPROCEDENTE,False,,11962
0808764-73.2020.8.15.0251,2020,TJPB,Lapa,PESSOA FÍSICA,TIM CELULAR,Telecomunicações,EXTINTO SEM MÉRITO,False,600.0,6418
0808808-68.2024.8.19.0210,2024,TJRJ,,,,,ACORDO HOMOLOGADO,,,59
0808814-19.2022.8.15.2001,2022,TJPB,João Pessoa,PESSOA FÍSICA,MSC CRUZEIROS DO BRASIL,Outros,ACORDO HOMOLOGADO,,,2015
0808817-71.2021.8.19.0004,2021,TJRJ,São Gonçalo,PESSOA JURÍDICA,M2 - COMERCIO,Outros,ACORDO HOMOLOGADO,,,1198
0808822-88.2021.8.19.0038,2021,TJRJ,,,,,ACORDO HOMOLOGADO,,,1875
0808861-35.2020.8.20.5004,2020,TJRN,Natal,PESSOA FÍSICA,TAP - TRANSPORTES AÉREOS PORTUGUESES,Transporte aéreo,PROCEDENTE,True,6638.22,7162
0808938-26.2022.8.19.0211,2022,TJRJ,,,,,ACORDO HOMOLOGADO,,,504
0808938-77.2023.8.15.0251,2023,TJPB,,PESSOA FÍSICA,AYMORE CREDITO,Banco e financeira,ACORDO HOMOLOGADO,,,768
0808946-94.2022.8.19.0213,2022,TJRJ,,,,,ACORDO HOMOLOGADO,,,995
0808957-17.2021.8.19.0001,2021,TJRJ,Rio de Janeiro,PESSOA FÍSICA,OI MOVEL,Telecomunicações,ACORDO HOMOLOGADO,,,640
0808970-73.2025.8.20.5004,2025,TJRN,Natal,PESSOA FÍSICA,,,IMPROCEDENTE,False,,5245
0808986-94.2021.8.20.5124,2021,TJRN,Parnamirim,PESSOA FÍSICA,,,IMPROCEDENTE,False,,6945
0808997-80.2021.8.20.5106,2021,TJRN,Mossoró,PESSOA FÍSICA,SP-08 EMPREENDIMENTOS IMOBILIARIOS,Outros,EXTINTO SEM MÉRITO,False,,2509
0809000-95.2024.8.19.0211,2024,TJRJ,Rio de Janeiro,PESSOA FÍSICA,GRUPO CASAS BAHIA,Varejo e serviços,ACORDO HOMOLOGADO,,,1928
0809014-21.2021.8.19.0038,2021,TJRJ,Nova Iguaçu,PESSOA FÍSICA,COMPANHIA ESTADUAL DE AGUAS E ESGOTOS CEDAE,Saneamento,ACORDO HOMOLOGADO,,,2550
0809024-65.2021.8.19.0038,2021,TJRJ,Nova Iguaçu,PESSOA FÍSICA,CLARO,Telecomunicações,ACORDO HOMOLOGADO,,,1211
0809065-64.2022.8.19.0210,2022,TJRJ,Rio de Janeiro,,,,ACORDO HOMOLOGADO,,,686
0809132-82.2020.8.15.0251,2020,TJPB,,PESSOA FÍSICA,ODONTO PATOS,Plano de saúde,ACORDO HOMOLOGADO,,,1471
0809134-62.2021.8.20.5106,2021,TJRN,Mossoró,PESSOA FÍSICA,LOJAS RIACHUELO,Varejo e serviços,IMPROCEDENTE,False,,7786
0809179-18.2022.8.19.0205,2022,TJRJ,,,,,ACORDO HOMOLOGADO,,,1047
0809191-14.2022.8.19.0211,2022,TJRJ,,,,,ACORDO HOMOLOGADO,,,504
0809207-78.2025.8.19.0205,2025,TJRJ,Rio de Janeiro,PESSOA FÍSICA,BANCO CREFISA,Banco e financeira,ACORDO HOMOLOGADO,,,8160
0809211-78.2024.8.19.0067,2024,TJRJ,Queimados,PESSOA FÍSICA,ÁGUAS DO RIO 4 SPE,Saneamento,ACORDO HOMOLOGADO,,,911
0809214-89.2022.8.20.5106,2022,TJRN,Mossoró,PESSOA FÍSICA,,,ACORDO HOMOLOGADO,,,1094
0809238-62.2021.8.12.0002,2021,TJMS,Dourados,PESSOA FÍSICA,BANCO CETELEM,Banco e financeira,IMPROCEDENTE,False,,10257
0809240-32.2021.8.12.0002,2021,TJMS,Dourados,PESSOA FÍSICA,,,EXTINTO SEM MÉRITO,False,,16860
0809282-55.2022.8.19.0001,2022,TJRJ,Rio de Janeiro,PESSOA FÍSICA,ITAU UNIBANCO,Banco e financeira,ACORDO HOMOLOGADO,,,2254
0809336-18.2024.8.15.0371,2024,TJPB,Sousa,,,,ACORDO HOMOLOGADO,,,1521
0809361-77.2022.8.19.0213,2022,TJRJ,Mesquita,PESSOA FÍSICA,LIGHT SERVIÇOS DE ELETRICIDADE,Energia,ACORDO HOMOLOGADO,,,1495
0809379-21.2021.8.10.0040,2021,TJMA,Imperatriz,PESSOA FÍSICA,,,ACORDO HOMOLOGADO,,,1393
0809383-83.2018.8.10.0001,2018,TJMA,Ilha de São Luís,PESSOA FÍSICA,BANCO DO BRASIL,Banco e financeira,ACORDO HOMOLOGADO,,,1842
0809384-47.2020.8.20.5004,2020,TJRN,Natal,PESSOA FÍSICA,SER EDUCACIONAL,Ensino,EXTINTO SEM MÉRITO,False,,4603
0809391-35.2021.8.10.0040,2021,TJMA,,,,,ACORDO HOMOLOGADO,,,2058
0809401-79.2021.8.10.0040,2021,TJMA,Imperatriz,PESSOA FÍSICA,BANCO OLÉ BONSUCESSO CONSIGNADO,Banco e financeira,IMPROCEDENTE,False,,11737
0809402-16.2024.8.19.0038,2024,TJRJ,Nova Iguaçu,PESSOA FÍSICA,ITAU UNIBANCO,Banco e financeira,PARCIALMENTE PROCEDENTE,True,10576.45,16035
0809407-43.2024.8.19.0004,2024,TJRJ,São Gonçalo,PESSOA FÍSICA,BRITANIA ELETRODOMESTICOS,Energia,ACORDO HOMOLOGADO,,,894
0809416-73.2022.8.19.0004,2022,TJRJ,São Gonçalo,PESSOA FÍSICA,UNIMED SJRPRETO COOPERATIVA DE TRABALHO MEDICO,Plano de saúde,ACORDO HOMOLOGADO,,,964
0809425-81.2022.8.19.0021,2022,TJRJ,Duque de Caxias,PESSOA FÍSICA,,,ACORDO HOMOLOGADO,,,1582
0809434-72.2020.8.18.0140,2020,TJPI,Teresina,PESSOA FÍSICA,BANCO DO BRASIL,Banco e financeira,,,,2455
0809440-79.2020.8.18.0140,2020,TJPI,Teresina,PESSOA FÍSICA,BANCO DO BRASIL,Banco e financeira,EXTINTO SEM MÉRITO,False,,11977
0809443-65.2022.8.19.0001,2022,TJRJ,Rio de Janeiro,,,,ACORDO HOMOLOGADO,,,2141
0809462-44.2022.8.19.0204,2022,TJRJ,,,,,ACORDO HOMOLOGADO,,,137
0809485-08.2022.8.19.0004,2022,TJRJ,São Gonçalo,PESSOA FÍSICA,AMPLA ENERGIA E SERVIÇOS,Energia,ACORDO HOMOLOGADO,,,904
0809497-64.2021.8.20.5004,2021,TJRN,Natal,PESSOA FÍSICA,,,IMPROCEDENTE,False,,4414
0809522-18.2022.8.19.0042,2022,TJRJ,Petrópolis,PESSOA FÍSICA,ITAU UNIBANCO,Banco e financeira,ACORDO HOMOLOGADO,,,811
0809525-34.2022.8.19.0054,2022,TJRJ,São João de Meriti,PESSOA FÍSICA,LIGHT SERVIÇOS DE ELETRICIDADE,Energia,ACORDO HOMOLOGADO,,,826
0809525-55.2023.8.19.0068,2023,TJRJ,Rio das Ostras,PESSOA FÍSICA,,,ACORDO HOMOLOGADO,,,874
0809539-93.2024.8.20.5106,2024,TJRN,Mossoró,PESSOA FÍSICA,UNIVERSO ASSOCIACAO DOS APOSENTADOS E PENSIONISTAS DOS REGIMES GERAL DA PREVIDENCIA SOCIAL,Outros,PROCEDENTE,True,3000.0,9919
0809541-83.2021.8.20.5004,2021,TJRN,Natal,PESSOA FÍSICA,BANCO ITAU BMG CONSIGNADO,Banco e financeira,ACORDO HOMOLOGADO,,,4192
0809556-61.2023.8.19.0202,2023,TJRJ,Rio de Janeiro,PESSOA FÍSICA,INTERBELLE COMERCIO DE PRODUTOS DE BELEZA,Outros,ACORDO HOMOLOGADO,,,1146
0809587-76.2022.8.19.0021,2022,TJRJ,,,,,ACORDO HOMOLOGADO,,,416
0809621-14.2022.8.19.0001,2022,TJRJ,Rio de Janeiro,PESSOA FÍSICA,ESTOK COMERCIO E REPRESENTACOES,Outros,ACORDO HOMOLOGADO,,,2238
0809627-55.2019.8.10.0040,2019,TJMA,Imperatriz,PESSOA FÍSICA,,,EXTINTO SEM MÉRITO,False,,2692
0809635-62.2022.8.19.0206,2022,TJRJ,Rio de Janeiro,PESSOA FÍSICA,BANCO BRADESCO FINANCIAMENTO,Banco e financeira,ACORDO HOMOLOGADO,,,1248
0809641-66.2022.8.19.0207,2022,TJRJ,Rio de Janeiro,PESSOA FÍSICA,SUL AMERICA COMPANHIA DE SEGURO SAUDE,Outros,ACORDO HOMOLOGADO,,,2269
0809644-85.2024.8.20.5004,2024,TJRN,Natal,PESSOA FÍSICA,PET CENTER COMERCIO E PARTICIPACOES,Outros,IMPROCEDENTE,False,,4972
0809694-06.2024.8.19.0004,2024,TJRJ,São Gonçalo,PESSOA FÍSICA,IFOOD COM AGENCIA DE RESTAURANTES ONLINE,Outros,ACORDO HOMOLOGADO,,,910
0809701-44.2024.8.19.0021,2024,TJRJ,Duque de Caxias,PESSOA FÍSICA,,,ACORDO HOMOLOGADO,,,1569
0809703-70.2021.8.19.0004,2021,TJRJ,São Gonçalo,PESSOA FÍSICA,TELEMAR NORTE LESTE,Telecomunicações,ACORDO HOMOLOGADO,,,1360
0809706-67.2022.8.19.0205,2022,TJRJ,Rio de Janeiro,PESSOA FÍSICA,LIGHT SERVIÇOS DE ELETRICIDADE,Energia,ACORDO HOMOLOGADO,,,2348
0809740-56.2024.8.19.0210,2024,TJRJ,Rio de Janeiro,,,,ACORDO HOMOLOGADO,,,664
0809743-29.2024.8.19.0204,2024,TJRJ,,,,,ACORDO HOMOLOGADO,,,879
0809751-38.2019.8.10.0040,2019,TJMA,,PESSOA FÍSICA,,,PROCEDENTE,True,,18109
0809766-95.2021.8.19.0004,2021,TJRJ,São Gonçalo,PESSOA FÍSICA,03.563.689/0002-31 DECOLAR,Outros,ACORDO HOMOLOGADO,,,1361
0809771-85.2023.8.20.5124,2023,TJRN,Parnamirim,PESSOA FÍSICA,BANCO PAN,Banco e financeira,EXTINTO SEM MÉRITO,False,,4801
0809786-56.2022.8.12.0001,2022,TJMS,,,,,IMPROCEDENTE,False,,21810
0809805-46.2022.8.19.0008,2022,TJRJ,Belford Roxo,PESSOA FÍSICA,LIGHT SERVIÇOS DE ELETRICIDADE,Energia,ACORDO HOMOLOGADO,,,854
0809815-90.2025.8.20.5106,2025,TJRN,Mossoró,PESSOA FÍSICA,,,ACORDO HOMOLOGADO,,,3181
0809816-66.2020.8.20.5004,2020,TJRN,Natal,PESSOA FÍSICA,COOPERATIVA MISTA JOCKEY CLUB DE SAO PAULO,Outros,IMPROCEDENTE,False,,9201
0809821-56.2022.8.19.0054,2022,TJRJ,São João de Meriti,PESSOA FÍSICA,GRUPO DE MODA SOMA,Outros,ACORDO HOMOLOGADO,,,879
0809863-29.2023.8.19.0068,2023,TJRJ,Rio das Ostras,PESSOA FÍSICA,MAGAZINE LUIZA,Varejo e serviços,ACORDO HOMOLOGADO,,,1779
0809901-07.2025.8.20.5124,2025,TJRN,Parnamirim,PESSOA FÍSICA,LATAM AIRLINES GROUP,Transporte aéreo,PROCEDENTE,True,3000.0,6309
0809918-97.2022.8.19.0202,2022,TJRJ,Rio de Janeiro,PESSOA FÍSICA,LIGHT SERVIÇOS DE ELETRICIDADE,Energia,ACORDO HOMOLOGADO,,,1138
0809936-70.2019.8.14.0006,2019,TJPA,,PESSOA JURÍDICA,CENTRO AUTOMOTIVO CIDADE LUZ,Outros,ACORDO HOMOLOGADO,,,1565
0809969-08.2022.8.19.0203,2022,TJRJ,Rio de Janeiro,PESSOA FÍSICA,COMPANHIA ESTADUAL DE ÁGUAS E ESGOTAS - CEDAE,Saneamento,ACORDO HOMOLOGADO,,,1458
0809996-15.2020.8.10.0040,2020,TJMA,Imperatriz,PESSOA FÍSICA,YASUDA MARITIMA SEGUROS,Seguros,ACORDO HOMOLOGADO,,,1635
0810004-78.2019.8.20.5106,2019,TJRN,,PESSOA FÍSICA,BANCO DO BRASIL,Banco e financeira,ACORDO HOMOLOGADO,,,1403
0810018-98.2021.8.19.0004,2021,TJRJ,São Gonçalo,PESSOA FÍSICA,AMPLA ENERGIA E SERVIÇOS,Energia,ACORDO HOMOLOGADO,,,1302
0810027-43.2024.8.19.0202,2024,TJRJ,Rio de Janeiro,PESSOA FÍSICA,LIGHT SERVIÇOS DE ELETRICIDADE,Energia,ACORDO HOMOLOGADO,,,1133
0810061-46.2024.8.19.0031,2024,TJRJ,Maricá,PESSOA FÍSICA,SONHO DOS PES BOTAFOGO,Outros,PARCIALMENTE PROCEDENTE,True,,5854
0810069-54.2020.8.20.5004,2020,TJRN,,,,,IMPROCEDENTE,False,,2848
0810093-81.2024.8.19.0021,2024,TJRJ,Duque de Caxias,,,,ACORDO HOMOLOGADO,,,873
0810129-43.2022.8.19.0038,2022,TJRJ,,,,,ACORDO HOMOLOGADO,,,1875
0810129-82.2021.8.19.0004,2021,TJRJ,São Gonçalo,PESSOA FÍSICA,AMPLA ENERGIA E SERVIÇOS,Energia,ACORDO HOMOLOGADO,,,1314
0810131-91.2022.8.19.0206,2022,TJRJ,Rio de Janeiro,PESSOA FÍSICA,LIGHT SERVIÇOS DE ELETRICIDADE,Energia,ACORDO HOMOLOGADO,,,2453
0810136-67.2022.8.14.0040,2022,TJPA,Parauapebas,,,,IMPROCEDENTE,False,,5693
0810172-07.2024.8.20.5106,2024,TJRN,Mossoró,PESSOA FÍSICA,,,ACORDO HOMOLOGADO,,1500.0,2262
0810234-46.2023.8.19.0212,2023,TJRJ,Niterói,PESSOA FÍSICA,VIA VAREJO,Varejo e serviços,ACORDO HOMOLOGADO,,,5545
0810249-46.2015.8.20.5004,2015,TJRN,,PESSOA FÍSICA,UNIVERSO ONLINE,Outros,PROCEDENTE,True,149.4,6879
0810262-63.2021.8.20.5124,2021,TJRN,Parnamirim,,,,ACORDO HOMOLOGADO,,,1456
0810289-43.2022.8.19.0014,2022,TJRJ,Campos dos Goytacazes,PESSOA FÍSICA,VM OPENLINK COMUNICACAO MULTIMIDIA,Outros,ACORDO HOMOLOGADO,,,1649
0810304-48.2024.8.15.0371,2024,TJPB,Sousa,PESSOA FÍSICA,,,PARCIALMENTE PROCEDENTE,True,,15220
0810322-09.2021.8.19.0001,2021,TJRJ,Rio de Janeiro,PESSOA FÍSICA,CLARO,Telecomunicações,ACORDO HOMOLOGADO,,,1215
0810389-28.2022.8.19.0004,2022,TJRJ,São Gonçalo,PESSOA FÍSICA,TELEFONICA BRASIL,Telecomunicações,ACORDO HOMOLOGADO,,,884
0810391-27.2021.8.19.0038,2021,TJRJ,Nova Iguaçu,PESSOA FÍSICA,CAR SYSTEM ALARMES,Outros,ACORDO HOMOLOGADO,,,2480
0810416-87.2020.8.20.5004,2020,TJRN,Natal,PESSOA FÍSICA,COSERN - COMPANHIA ENERGÉTICA DO RIO GRANDE DO NORTE,Energia,IMPROCEDENTE,False,,5491
0810440-81.2022.8.19.0087,2022,TJRJ,São Gonçalo,PESSOA FÍSICA,,,ACORDO HOMOLOGADO,,,1206
0810470-35.2022.8.19.0211,2022,TJRJ,,,,,ACORDO HOMOLOGADO,,,504
0810514-47.2023.8.19.0202,2023,TJRJ,Rio de Janeiro,PESSOA FÍSICA,COMPANHIA BRASILEIRA DE DISTRIBUICAO,Outros,IMPROCEDENTE,False,1000.0,7604
0810533-44.2021.8.20.5004,2021,TJRN,Natal,PESSOA FÍSICA,,,IMPROCEDENTE,False,,4546
0810546-38.2024.8.20.5004,2024,TJRN,Natal,PESSOA FÍSICA,,,PARCIALMENTE PROCEDENTE,True,3000.0,5265
0810552-95.2024.8.10.0001,2024,TJMA,Ilha de São Luís,PESSOA FÍSICA,BANCO BRADESCO,Banco e financeira,ACORDO HOMOLOGADO,,,2683
0810566-30.2024.8.19.0001,2024,TJRJ,Rio de Janeiro,PESSOA FÍSICA,CLARO,Telecomunicações,ACORDO HOMOLOGADO,,,1068
0810584-71.2022.8.19.0211,2022,TJRJ,,,,,ACORDO HOMOLOGADO,,,504
0810588-96.2022.8.19.0021,2022,TJRJ,,,,,ACORDO HOMOLOGADO,,,416
0810639-65.2025.8.19.0001,2025,TJRJ,Rio de Janeiro,PESSOA FÍSICA,COMPANHIA MUNICIPAL DE TRANSPORTES COLETIVOS CMTC RIO,Outros,ACORDO HOMOLOGADO,,,945
0810651-07.2021.8.19.0038,2021,TJRJ,Nova Iguaçu,PESSOA FÍSICA,SOCIEDADE DE ENSINO SUPERIOR ESTACIO DE,Ensino,ACORDO HOMOLOGADO,,,1242
0810660-21.2024.8.19.0213,2024,TJRJ,Mesquita,PESSOA FÍSICA,MAGAZINE LUIZA,Varejo e serviços,ACORDO HOMOLOGADO,,,1730
0810691-66.2020.8.10.0040,2020,TJMA,,PESSOA FÍSICA,BANCO DO BRASIL,Banco e financeira,ACORDO HOMOLOGADO,,,1654
0810721-28.2025.8.10.0040,2025,TJMA,Imperatriz,PESSOA FÍSICA,BANCO BRADESCO,Banco e financeira,IMPROCEDENTE,False,,5507
0810739-11.2022.8.19.0038,2022,TJRJ,,,,,ACORDO HOMOLOGADO,,,1875
0810743-66.2019.8.20.5004,2019,TJRN,,PESSOA FÍSICA,TIM CELULAR,Telecomunicações,IMPROCEDENTE,False,2000.0,10194
0810758-64.2022.8.19.0087,2022,TJRJ,São Gonçalo,PESSOA FÍSICA,,,EXTINTO SEM MÉRITO,False,,1144
0810768-69.2025.8.20.5004,2025,TJRN,Natal,PESSOA FÍSICA,NU PAGAMENTOS,Outros,IMPROCEDENTE,False,,5324
0810790-36.2022.8.19.0001,2022,TJRJ,Rio de Janeiro,PESSOA FÍSICA,TELEMAR NORTE LESTE,Telecomunicações,ACORDO HOMOLOGADO,,,1381
0810832-79.2025.8.20.5004,2025,TJRN,Natal,PESSOA FÍSICA,MERCADOPAGO.COM REPRESENTACOES,Outros,IMPROCEDENTE,False,,7464
0810843-70.2025.8.19.0208,2025,TJRJ,Rio de Janeiro,PESSOA FÍSICA,NEON PAGAMENTOS,Outros,ACORDO HOMOLOGADO,,,2064
0810854-45.2022.8.19.0066,2022,TJRJ,Volta Redonda,PESSOA FÍSICA,EMPRESA FOLHA DA MANHA,Outros,ACORDO HOMOLOGADO,,,777
0810854-59.2024.8.20.5106,2024,TJRN,Mossoró,PESSOA FÍSICA,BANCO SANTANDER,Banco e financeira,IMPROCEDENTE,False,,6576
0810898-13.2023.8.19.0007,2023,TJRJ,Barra Mansa,PESSOA FÍSICA,,,ACORDO HOMOLOGADO,,,2115
0810909-52.2022.8.19.0209,2022,TJRJ,Rio de Janeiro,PESSOA FÍSICA,NEXTEL TELECOMUNICACOES,Telecomunicações,ACORDO HOMOLOGADO,,,860
0810941-05.2024.8.19.0042,2024,TJRJ,Petrópolis,PESSOA FÍSICA,ENJOEI COM BR ATIVIDADES DE INTERNET,Outros,ACORDO HOMOLOGADO,,,735
0810978-27.2020.8.20.5124,2020,TJRN,Parnamirim,PESSOA FÍSICA,CONDOMINIO RESIDENCIAL BOSQUE DAS FLORES,Outros,IMPROCEDENTE,False,,5755
0811001-48.2022.8.19.0203,2022,TJRJ,Rio de Janeiro,PESSOA FÍSICA,MAGAZINE LUIZA,Varejo e serviços,PROCEDENTE,True,,5157
0811010-07.2022.8.19.0204,2022,TJRJ,,,,,ACORDO HOMOLOGADO,,,837
0811029-52.2023.8.19.0212,2023,TJRJ,Niterói,PESSOA FÍSICA,HURB TECHNOLOGIES,Outros,EXTINTO SEM MÉRITO,False,,2920
0811081-61.2021.8.19.0004,2021,TJRJ,São Gonçalo,PESSOA FÍSICA,SKY SERVICOS DE BANDA LARGA,Telecomunicações,ACORDO HOMOLOGADO,,,1310
0811095-94.2023.8.15.0001,2023,TJPB,,,,,ACORDO HOMOLOGADO,,,1296
0811106-16.2022.8.19.0206,2022,TJRJ,Rio de Janeiro,PESSOA FÍSICA,COMPANHIA ESTADUAL DE ÁGUAS E ESGOTAS - CEDAE,Saneamento,ACORDO HOMOLOGADO,,,2233
0811126-95.2023.8.12.0002,2023,TJMS,Dourados,,,,PROCEDENTE,True,,12431
0811168-56.2022.8.19.0206,2022,TJRJ,Rio de Janeiro,PESSOA FÍSICA,VIA VAREJO,Varejo e serviços,ACORDO HOMOLOGADO,,,2206
0811184-04.2022.8.19.0208,2022,TJRJ,Rio de Janeiro,PESSOA FÍSICA,,,ACORDO HOMOLOGADO,,,2176
0811184-63.2021.8.19.0038,2021,TJRJ,Nova Iguaçu,PESSOA FÍSICA,LIGHT SERVIÇOS DE ELETRICIDADE,Energia,ACORDO HOMOLOGADO,,,1210
0811211-41.2023.8.19.0211,2023,TJRJ,Rio de Janeiro,PESSOA FÍSICA,RECOVERY DO BRASIL CONSULTORIA,Outros,IMPROCEDENTE,False,,7441
0811242-70.2025.8.10.0040,2025,TJMA,,PESSOA FÍSICA,,,PROCEDENTE,True,2248.09,4986
0811298-65.2022.8.19.0038,2022,TJRJ,,,,,ACORDO HOMOLOGADO,,,1875
0811299-54.2024.8.19.0208,2024,TJRJ,Rio de Janeiro,PESSOA FÍSICA,CLARO NXT TELECOMUNICACOES,Telecomunicações,ACORDO HOMOLOGADO,,,2080
0811300-28.2022.8.19.0008,2022,TJRJ,Belford Roxo,PESSOA FÍSICA,BANCO ITAU,Banco e financeira,ACORDO HOMOLOGADO,,,832
0811315-39.2024.8.19.0036,2024,TJRJ,Nilópolis,PESSOA FÍSICA,,,ACORDO HOMOLOGADO,,,1171
0811329-54.2020.8.20.5106,2020,TJRN,Mossoró,PESSOA FÍSICA,CLARO,Telecomunicações,IMPROCEDENTE,False,,5260
0811334-29.2024.8.19.0203,2024,TJRJ,Rio de Janeiro,PESSOA FÍSICA,MERCADOLIVRE.COM ATIVIDADES DE INTERNET,Varejo e serviços,ACORDO HOMOLOGADO,,,2388
0811352-44.2022.8.20.5004,2022,TJRN,Natal,PESSOA FÍSICA,,,PROCEDENTE,True,1058.08,6428
0811355-29.2024.8.19.0001,2024,TJRJ,Rio de Janeiro,PESSOA FÍSICA,LIGHT SERVIÇOS DE ELETRICIDADE,Energia,ACORDO HOMOLOGADO,,,1092
0811392-47.2021.8.19.0038,2021,TJRJ,Nova Iguaçu,PESSOA FÍSICA,BANCO BRADESCARD,Banco e financeira,ACORDO HOMOLOGADO,,,1234
0811466-39.2022.8.19.0209,2022,TJRJ,Rio de Janeiro,PESSOA FÍSICA,SOCIEDAADE DE ENSINO SUPERIOR ESTACIO DE,Ensino,ACORDO HOMOLOGADO,,,2042
0811484-29.2023.8.19.0014,2023,TJRJ,Campos dos Goytacazes,PESSOA FÍSICA,99 TECNOLOGIA,Outros,ACORDO HOMOLOGADO,,,2287
0811519-66.2019.8.20.5004,2019,TJRN,Natal,PESSOA FÍSICA,NET SERVICOS DE COMUNICACAO,Telecomunicações,PARCIALMENTE PROCEDENTE,True,65.0,7323
0811552-67.2024.8.19.0038,2024,TJRJ,Nova Iguaçu,PESSOA FÍSICA,ASSOCIACAO DE APOIO A PESQUISA,Outros,ACORDO HOMOLOGADO,,,2333
0811566-56.2021.8.19.0038,2021,TJRJ,Nova Iguaçu,PESSOA FÍSICA,CAR SYSTEM ALARMES,Outros,ACORDO HOMOLOGADO,,,2472
0811572-98.2022.8.19.0209,2022,TJRJ,Rio de Janeiro,PESSOA FÍSICA,BANCO SANTANDER,Banco e financeira,ACORDO HOMOLOGADO,,,844
0811580-25.2024.8.19.0203,2024,TJRJ,,PESSOA FÍSICA,BANCO BRADESCO,Banco e financeira,PROCEDENTE,True,5000.0,14647
0811580-72.2022.8.19.0210,2022,TJRJ,Rio de Janeiro,,,,ACORDO HOMOLOGADO,,,797
0811586-27.2022.8.19.0001,2022,TJRJ,Rio de Janeiro,PESSOA FÍSICA,LIGHT SERVIÇOS DE ELETRICIDADE,Energia,ACORDO HOMOLOGADO,,,1392
0811620-51.2022.8.19.0211,2022,TJRJ,,,,,ACORDO HOMOLOGADO,,,504
0811621-02.2024.8.19.0038,2024,TJRJ,,,,,ACORDO HOMOLOGADO,,,2162
0811632-68.2022.8.19.0210,2022,TJRJ,Rio de Janeiro,PESSOA FÍSICA,CASAS GUANABARA COMESTIVEIS,Outros,PROCEDENTE,True,3000.0,2377
0811644-21.2022.8.19.0004,2022,TJRJ,São Gonçalo,PESSOA FÍSICA,VIA VAREJO,Varejo e serviços,ACORDO HOMOLOGADO,,,1267
0811655-59.2022.8.19.0001,2022,TJRJ,Rio de Janeiro,PESSOA FÍSICA,CLARO,Telecomunicações,ACORDO HOMOLOGADO,,,759
0811697-87.2022.8.19.0202,2022,TJRJ,Rio de Janeiro,PESSOA FÍSICA,TIM,Telecomunicações,ACORDO HOMOLOGADO,,,1117
0811718-86.2024.8.19.0204,2024,TJRJ,,,,,ACORDO HOMOLOGADO,,,879
0811782-30.2021.8.20.5004,2021,TJRN,Natal,PESSOA FÍSICA,COMPANHIA ENERGÉTICA DO RIO GRANDE DO NORTE - COSERN,Energia,IMPROCEDENTE,False,,5672
0811789-21.2023.8.10.0060,2023,TJMA,,PESSOA FÍSICA,AZUL LINHAS AEREAS BRASILEIRAS,Transporte aéreo,PARCIALMENTE PROCEDENTE,True,8000.0,16390
0811807-62.2022.8.19.0210,2022,TJRJ,Rio de Janeiro,,,,ACORDO HOMOLOGADO,,,619
0811820-43.2019.8.10.0040,2019,TJMA,,,,,ACORDO HOMOLOGADO,,,1497
0811844-23.2022.8.19.0038,2022,TJRJ,Nova Iguaçu,PESSOA FÍSICA,AMPLA ENERGIA E SERVIÇOS,Energia,ACORDO HOMOLOGADO,,,2333
0811864-14.2022.8.19.0038,2022,TJRJ,,,,,ACORDO HOMOLOGADO,,,1875
0811880-34.2020.8.20.5106,2020,TJRN,Mossoró,PESSOA FÍSICA,BOA VISTA SERVICOS,Bureau de crédito,IMPROCEDENTE,False,,3431
0811883-59.2021.8.19.0004,2021,TJRJ,São Gonçalo,PESSOA FÍSICA,AMPLA ENERGIA E SERVIÇOS,Energia,ACORDO HOMOLOGADO,,,1297
0811883-68.2021.8.19.0001,2021,TJRJ,Rio de Janeiro,PESSOA FÍSICA,ZURICH MINAS BRASIL SEGUROS,Seguros,ACORDO HOMOLOGADO,,,2287
0811940-26.2025.8.19.0202,2025,TJRJ,Rio de Janeiro,PESSOA FÍSICA,NU PAGAMENTOS,Outros,PARCIALMENTE PROCEDENTE,True,3893.0,12372
0811947-40.2024.8.19.0206,2024,TJRJ,Rio de Janeiro,PESSOA FÍSICA,RIO+ SANEAMENTO BL3,Saneamento,ACORDO HOMOLOGADO,,,2481
0811992-47.2024.8.19.0205,2024,TJRJ,,PESSOA FÍSICA,ITAU UNIBANCO,Banco e financeira,ACORDO HOMOLOGADO,,,966
0811994-08.2024.8.19.0208,2024,TJRJ,Rio de Janeiro,PESSOA FÍSICA,VIVO,Telecomunicações,ACORDO HOMOLOGADO,,,2125
0811999-89.2022.8.19.0211,2022,TJRJ,,,,,ACORDO HOMOLOGADO,,,504
0812053-40.2021.8.19.0001,2021,TJRJ,Rio de Janeiro,PESSOA FÍSICA,NS2 COM INTERNET,Outros,ACORDO HOMOLOGADO,,,2090
0812064-35.2019.8.12.0001,2019,TJMS,,,,,IMPROCEDENTE,False,,7128
0812088-38.2024.8.19.0213,2024,TJRJ,Mesquita,PESSOA FÍSICA,ÁGUAS DO RIO 4 SPE,Saneamento,ACORDO HOMOLOGADO,,,1712
0812149-65.2025.8.10.0001,2025,TJMA,,PESSOA FÍSICA,BANCO PAN,Banco e financeira,EXTINTO SEM MÉRITO,False,,10144
0812186-48.2022.8.19.0001,2022,TJRJ,Rio de Janeiro,PESSOA FÍSICA,TAM LINHAS AEREAS,Transporte aéreo,ACORDO HOMOLOGADO,,,1704
0812190-85.2022.8.19.0001,2022,TJRJ,Rio de Janeiro,PESSOA FÍSICA,POSITIVA COLCHOES,Outros,ACORDO HOMOLOGADO,,,2254
0812214-25.2023.8.19.0213,2023,TJRJ,Mesquita,PESSOA FÍSICA,BANCO BRADESCO,Banco e financeira,ACORDO HOMOLOGADO,,,1741
0812222-27.2021.8.19.0001,2021,TJRJ,,,,,ACORDO HOMOLOGADO,,,1604
0812232-02.2024.8.19.0087,2024,TJRJ,São Gonçalo,PESSOA FÍSICA,VAREJO COMERCIAL DE MOVEIS,Outros,ACORDO HOMOLOGADO,,,2789
0812263-41.2024.8.19.0210,2024,TJRJ,Rio de Janeiro,,,,ACORDO HOMOLOGADO,,,677
0812275-62.2023.8.15.2001,2023,TJPB,João Pessoa,PESSOA FÍSICA,TELEFONICA DO BRASIL,Telecomunicações,ACORDO HOMOLOGADO,,,3136
0812275-67.2024.8.19.0206,2024,TJRJ,Rio de Janeiro,PESSOA FÍSICA,LIGHT SERVIÇOS DE ELETRICIDADE,Energia,ACORDO HOMOLOGADO,,,2479
0812282-49.2022.8.19.0038,2022,TJRJ,,,,,ACORDO HOMOLOGADO,,,1875
0812317-23.2022.8.19.0001,2022,TJRJ,Rio de Janeiro,,,,ACORDO HOMOLOGADO,,,2141
0812332-14.2025.8.20.5124,2025,TJRN,Parnamirim,PESSOA FÍSICA,LATAM LINHAS AEREAS,Transporte aéreo,PARCIALMENTE PROCEDENTE,True,,10272
0812360-02.2023.8.19.0008,2023,TJRJ,Belford Roxo,PESSOA FÍSICA,ARTHUR LUNDGREN TECIDOS S A CASAS PERNAMBUCANAS,Outros,ACORDO HOMOLOGADO,,,881
0812405-96.2022.8.19.0054,2022,TJRJ,São João de Meriti,PESSOA FÍSICA,TELEMAR NORTE LESTE,Telecomunicações,ACORDO HOMOLOGADO,,,807
0812443-81.2024.8.19.0008,2024,TJRJ,Belford Roxo,PESSOA FÍSICA,PAGSEGURO INTERNET,Outros,ACORDO HOMOLOGADO,,,846
0812471-11.2022.8.19.0205,2022,TJRJ,Rio de Janeiro,PESSOA FÍSICA,ITAU UNIBANCO,Banco e financeira,ACORDO HOMOLOGADO,,,1304
0812481-37.2022.8.19.0211,2022,TJRJ,,,,,ACORDO HOMOLOGADO,,,504
0812486-59.2022.8.19.0211,2022,TJRJ,,,,,ACORDO HOMOLOGADO,,,504
0812537-65.2025.8.10.0001,2025,TJMA,,PESSOA FÍSICA,BANCO PAN,Banco e financeira,EXTINTO SEM MÉRITO,False,,10150
0812546-18.2022.8.19.0054,2022,TJRJ,São João de Meriti,PESSOA FÍSICA,LIGHT SERVIÇOS DE ELETRICIDADE,Energia,ACORDO HOMOLOGADO,,,1172
0812556-64.2022.8.19.0021,2022,TJRJ,Duque de Caxias,PESSOA FÍSICA,CLARO,Telecomunicações,ACORDO HOMOLOGADO,,,1043
0812586-87.2021.8.19.0004,2021,TJRJ,São Gonçalo,PESSOA FÍSICA,INSTITUTO BRASILEIRO DE APOIO E DESENVOLVIMENTO EXECUTIVO - IBADE,Outros,ACORDO HOMOLOGADO,,,1331
0812597-49.2023.8.19.0036,2023,TJRJ,Nilópolis,PESSOA FÍSICA,CAR SYSTEM ALARMES,Outros,ACORDO HOMOLOGADO,,,795
0812601-56.2024.8.14.0015,2024,TJPA,,PESSOA FÍSICA,GOL LINHAS AEREAS,Transporte aéreo,PARCIALMENTE PROCEDENTE,True,5000.0,7388
0812605-62.2024.8.10.0029,2024,TJMA,Caxias,PESSOA FÍSICA,,,IMPROCEDENTE,False,11600.0,17971
0812606-88.2022.8.19.0054,2022,TJRJ,São João de Meriti,PESSOA FÍSICA,ITAPEVA VII MULTICARTEIRA FUNDO DE INVESTIMENTO EM DIREITOS CREDITORIOS NAO-PADRONIZADOS,Banco e financeira,EXTINTO SEM MÉRITO,False,,1143
0812621-37.2024.8.19.0038,2024,TJRJ,,,,,ACORDO HOMOLOGADO,,,2164
0812625-43.2022.8.20.5106,2022,TJRN,Mossoró,PESSOA FÍSICA,BANCO DO BRADESCO CARTÕES,Banco e financeira,ACORDO HOMOLOGADO,,,2554
0812640-82.2019.8.10.0001,2019,TJMA,Ilha,PESSOA FÍSICA,UNIAO NACIONAL DOS EX-PREFEITOS,Poder público,PROCEDENTE,True,1522.35,14306
0812701-11.2021.8.19.0004,2021,TJRJ,São Gonçalo,PESSOA FÍSICA,AMPLA ENERGIA E SERVIÇOS,Energia,ACORDO HOMOLOGADO,,,1324
0812701-23.2024.8.20.5001,2024,TJRN,,,,,ACORDO HOMOLOGADO,,,1174
0812736-77.2021.8.19.0001,2021,TJRJ,Rio de Janeiro,PESSOA FÍSICA,,,ACORDO HOMOLOGADO,,,1373
0812740-51.2018.8.10.0040,2018,TJMA,Imperatriz,PESSOA FÍSICA,,,ACORDO HOMOLOGADO,,,1854
0812754-91.2024.8.18.0140,2024,TJPI,Teresina,PESSOA FÍSICA,CLINICA SANTA FE,Outros,ACORDO HOMOLOGADO,,,4698
0812769-23.2024.8.19.0208,2024,TJRJ,Rio de Janeiro,PESSOA FÍSICA,,,ACORDO HOMOLOGADO,,,2485
0812783-03.2025.8.19.0004,2025,TJRJ,São Gonçalo,PESSOA FÍSICA,CASAS GUANABARA COMESTIVEIS,Outros,ACORDO HOMOLOGADO,,,913
0812837-38.2023.8.19.0036,2023,TJRJ,Nilópolis,PESSOA FÍSICA,J. C. M. NITEROI REFRIGERACAO,Outros,ACORDO HOMOLOGADO,,,1281
0812840-94.2025.8.19.0206,2025,TJRJ,Rio de Janeiro,PESSOA FÍSICA,FACEBOOK SERVICOS ONLINE DO BRASIL,Outros,ACORDO HOMOLOGADO,,,3009
0812869-26.2018.8.20.5004,2018,TJRN,Natal,PESSOA FÍSICA,BANCO BMG,Banco e financeira,IMPROCEDENTE,False,,4406
0812891-81.2022.8.19.0054,2022,TJRJ,São João de Meriti,PESSOA FÍSICA,APPLE COMPUTER BRASIL,Outros,ACORDO HOMOLOGADO,,,1376
0812902-65.2024.8.19.0208,2024,TJRJ,Rio de Janeiro,PESSOA FÍSICA,CLARO,Telecomunicações,ACORDO HOMOLOGADO,,,2129
0812907-63.2021.8.10.0040,2021,TJMA,,,,,IMPROCEDENTE,False,,12880
0812915-50.2022.8.19.0203,2022,TJRJ,Rio de Janeiro,PESSOA FÍSICA,GOTOGATE AGENCIA DE VIAGENS,Outros,ACORDO HOMOLOGADO,,,1443
0812948-98.2021.8.19.0001,2021,TJRJ,Rio de Janeiro,PESSOA FÍSICA,TELEFONICA BRASIL,Telecomunicações,ACORDO HOMOLOGADO,,,769
0813014-78.2019.8.10.0040,2019,TJMA,,,,,ACORDO HOMOLOGADO,,,1520
0813016-51.2022.8.19.0021,2022,TJRJ,Duque de Caxias,PESSOA FÍSICA,LIGHT SERVIÇOS DE ELETRICIDADE,Energia,ACORDO HOMOLOGADO,,,1587
0813023-72.2024.8.19.0021,2024,TJRJ,Duque de Caxias,PESSOA FÍSICA,FUNDO DE INVESTIMENTO EM DIREITOS CREDITORIOS NAO PADRONIZADOS NPL II,Banco e financeira,ACORDO HOMOLOGADO,,,1318
0813044-66.2024.8.19.0209,2024,TJRJ,Rio de Janeiro,PESSOA FÍSICA,GOL LINHAS AEREAS,Transporte aéreo,ACORDO HOMOLOGADO,,,816
0813056-84.2022.8.19.0004,2022,TJRJ,São Gonçalo,PESSOA FÍSICA,AMERICANAS,Varejo e serviços,ACORDO HOMOLOGADO,,,1060
0813070-98.2024.8.12.0002,2024,TJMS,Dourados,PESSOA FÍSICA,,,IMPROCEDENTE,False,,6612
0813074-54.2022.8.19.0021,2022,TJRJ,Duque de Caxias,PESSOA FÍSICA,SHPS TECNOLOGIA E SERVICOS,Outros,ACORDO HOMOLOGADO,,,1282
0813093-57.2018.8.12.0001,2018,TJMS,Campo Grande,PESSOA FÍSICA,ÁGUAS GUARIROBA,Saneamento,IMPROCEDENTE,False,,14817
0813114-93.2022.8.19.0002,2022,TJRJ,Niterói,PESSOA FÍSICA,RECOVERY DO BRASIL CONSULTORIA,Outros,ACORDO HOMOLOGADO,,,1015
0813168-71.2023.8.19.0213,2023,TJRJ,Mesquita,PESSOA FÍSICA,99 TECNOLOGIA,Outros,ACORDO HOMOLOGADO,,,1702
0813177-88.2024.8.19.0054,2024,TJRJ,São João de Meriti,PESSOA FÍSICA,SBF COMERCIO DE PRODUTOS ESPORTIVOS,Varejo e serviços,ACORDO HOMOLOGADO,,,1386
0813259-05.2023.8.20.5106,2023,TJRN,,PESSOA FÍSICA,BANCO ITAUCARD,Banco e financeira,IMPROCEDENTE,False,,5848
0813301-32.2021.8.19.0004,2021,TJRJ,São Gonçalo,PESSOA FÍSICA,,,ACORDO HOMOLOGADO,,,1287
0813326-55.2022.8.19.0054,2022,TJRJ,São João de Meriti,PESSOA FÍSICA,SHPS TECNOLOGIA E SERVICOS,Outros,ACORDO HOMOLOGADO,,,1368
0813349-42.2022.8.19.0202,2022,TJRJ,Rio de Janeiro,PESSOA FÍSICA,,,ACORDO HOMOLOGADO,,,1110
0813349-52.2019.8.20.5106,2019,TJRN,Mossoró,,,,IMPROCEDENTE,False,,13424
0813363-33.2022.8.19.0038,2022,TJRJ,Nova Iguaçu,PESSOA FÍSICA,LIGHT SERVIÇOS DE ELETRICIDADE,Energia,ACORDO HOMOLOGADO,,,1217
0813380-23.2022.8.19.0021,2022,TJRJ,Duque de Caxias,PESSOA FÍSICA,MERCADOLIVRE.COM ATIVIDADES DE INTERNET,Varejo e serviços,ACORDO HOMOLOGADO,,,1586
0813402-64.2021.8.19.0038,2021,TJRJ,Nova Iguaçu,PESSOA FÍSICA,BANCO INTERMEDIUM,Banco e financeira,ACORDO HOMOLOGADO,,,2471
0813434-31.2020.8.15.0001,2020,TJPB,Campina Grande,PESSOA FÍSICA,TECNAV SISTEMAS,Outros,ACORDO HOMOLOGADO,,,2037
0813439-55.2024.8.19.0210,2024,TJRJ,Rio de Janeiro,,,,ACORDO HOMOLOGADO,,,677
0813445-64.2022.8.19.0038,2022,TJRJ,,,,,ACORDO HOMOLOGADO,,,1875
0813477-67.2024.8.19.0210,2024,TJRJ,,,,,ACORDO HOMOLOGADO,,,59
0813493-36.2022.8.19.0066,2022,TJRJ,Volta Redonda,PESSOA FÍSICA,TELEFONICA BRASIL,Telecomunicações,ACORDO HOMOLOGADO,,,1129
0813505-22.2018.8.10.0040,2018,TJMA,,PESSOA FÍSICA,MASSA FALIDA DO BANCO CRUZEIRO DO SUL,Banco e financeira,,,,11098
0813508-31.2021.8.19.0004,2021,TJRJ,São Gonçalo,PESSOA FÍSICA,AMIL ASSISTENCIA MEDICA INTERNACIONAL,Plano de saúde,ACORDO HOMOLOGADO,,,892
0813537-55.2021.8.10.0029,2021,TJMA,Ilha de São Luís,PESSOA FÍSICA,LOJAS AMERICANAS,Varejo e serviços,,,4000.0,10901
0813558-66.2021.8.19.0001,2021,TJRJ,Rio de Janeiro,PESSOA FÍSICA,BANCO BRADESCARD,Banco e financeira,ACORDO HOMOLOGADO,,,1210
0813561-07.2021.8.19.0038,2021,TJRJ,Nova Iguaçu,PESSOA FÍSICA,UP TELECOMUNICACOES DO BRASIL,Telecomunicações,ACORDO HOMOLOGADO,,,1240
0813571-94.2021.8.10.0040,2021,TJMA,,,,,ACORDO HOMOLOGADO,,,1054
0813582-21.2022.8.19.0014,2022,TJRJ,Campos dos Goytacazes,PESSOA FÍSICA,BANCO BRADESCO,Banco e financeira,EXTINTO SEM MÉRITO,False,,832
0813588-30.2020.8.12.0002,2020,TJMS,Continuidade de Suas Atividades,,,,PARCIALMENTE PROCEDENTE,True,15000.0,18857
0813594-90.2019.8.14.0301,2019,TJPA,Belém,PESSOA FÍSICA,,,ACORDO HOMOLOGADO,,,3822
0813615-75.2021.8.19.0004,2021,TJRJ,São Gonçalo,PESSOA FÍSICA,MAGAZINE LUIZA,Varejo e serviços,ACORDO HOMOLOGADO,,,1290
0813622-06.2021.8.20.5124,2021,TJRN,Parnamirim,PESSOA FÍSICA,AVON COSMETICOS,Outros,ACORDO HOMOLOGADO,,,1770
0813630-39.2021.8.19.0038,2021,TJRJ,Nova Iguaçu,PESSOA FÍSICA,BANCO DO BRASIL,Banco e financeira,ACORDO HOMOLOGADO,,,2463
0813631-24.2021.8.19.0038,2021,TJRJ,Nova Iguaçu,PESSOA FÍSICA,NEXTEL TELECOMUNICACOES,Telecomunicações,ACORDO HOMOLOGADO,,,1230
0813640-47.2024.8.19.0210,2024,TJRJ,Rio de Janeiro,PESSOA FÍSICA,CLARO,Telecomunicações,ACORDO HOMOLOGADO,,,1184
0813643-52.2021.8.19.0001,2021,TJRJ,Rio de Janeiro,PESSOA FÍSICA,TELEMAR NORTE LESTE,Telecomunicações,ACORDO HOMOLOGADO,,,727
0813682-35.2021.8.19.0038,2021,TJRJ,Nova Iguaçu,PESSOA FÍSICA,LIGHT SERVIÇOS DE ELETRICIDADE,Energia,ACORDO HOMOLOGADO,,,2482
0813727-52.2021.8.20.5004,2021,TJRN,Natal,PESSOA FÍSICA,AVON COSMETICOS,Outros,ACORDO HOMOLOGADO,,,1483
0813754-56.2019.8.10.0001,2019,TJMA,,PESSOA FÍSICA,LOJAS AMERICANAS,Varejo e serviços,IMPROCEDENTE,False,,6405
0813759-24.2022.8.19.0001,2022,TJRJ,Rio de Janeiro,PESSOA FÍSICA,UNIVERSO ONLINE,Outros,ACORDO HOMOLOGADO,,,1077
0813776-93.2021.8.20.5004,2021,TJRN,,PESSOA FÍSICA,TAM - LINHAS AÉREAS,Transporte aéreo,IMPROCEDENTE,False,85.0,8201
0813783-07.2020.8.20.5106,2020,TJRN,Mossoró,PESSOA FÍSICA,COMPANHIA ENERGÉTICA DO RIO GRANDE DO NORTE - COSERN,Energia,EXTINTO SEM MÉRITO,False,,4254
0813818-02.2024.8.19.0208,2024,TJRJ,Rio de Janeiro,PESSOA FÍSICA,TIM CELULAR,Telecomunicações,ACORDO HOMOLOGADO,,,2127
0813850-84.2020.8.20.5004,2020,TJRN,,PESSOA FÍSICA,FORTBRASIL ADMINISTRADORA DE CARTOES DE CRÉDITO,Banco e financeira,IMPROCEDENTE,False,133.94,7523
0813858-58.2022.8.19.0206,2022,TJRJ,Rio de Janeiro,PESSOA FÍSICA,TIM,Telecomunicações,ACORDO HOMOLOGADO,,,2185
0813922-96.2025.8.19.0001,2025,TJRJ,Rio de Janeiro,PESSOA FÍSICA,FF.COM ESPORTES,Outros,ACORDO HOMOLOGADO,,,1759
0813924-96.2022.8.15.2001,2022,TJPB,,PESSOA FÍSICA,SONY ERICSSON MOBILE COMMUNICATIONS DO BRASIL,Outros,EXTINTO SEM MÉRITO,False,,2716
0813946-32.2022.8.19.0001,2022,TJRJ,Rio de Janeiro,PESSOA FÍSICA,,,ACORDO HOMOLOGADO,,,1711
0813962-57.2023.8.20.5001,2023,TJRN,,PESSOA FÍSICA,CAERN-COMPANHIA DE AGUAS E ESGOTOS DO RIO GRANDE DO NORTE,Saneamento,PARCIALMENTE PROCEDENTE,True,,9918
0813986-16.2024.8.19.0204,2024,TJRJ,,,,,ACORDO HOMOLOGADO,,,390
0814001-18.2022.8.19.0054,2022,TJRJ,São João de Meriti,PESSOA FÍSICA,LIGHT SERVIÇOS DE ELETRICIDADE,Energia,ACORDO HOMOLOGADO,,,1388
0814008-46.2025.8.19.0202,2025,TJRJ,Rio de Janeiro,PESSOA FÍSICA,QUINTO ANDAR SERVIÇOS IMOBILIARIOS,Outros,ACORDO HOMOLOGADO,,,2237
0814017-20.2022.8.19.0038,2022,TJRJ,,,,,ACORDO HOMOLOGADO,,,1978
0814024-12.2022.8.19.0038,2022,TJRJ,Nova Iguaçu,PESSOA FÍSICA,LIGHT SERVIÇOS DE ELETRICIDADE,Energia,ACORDO HOMOLOGADO,,,2342
0814029-83.2022.8.19.0054,2022,TJRJ,São João de Meriti,PESSOA FÍSICA,LIGHT SERVIÇOS DE ELETRICIDADE,Energia,ACORDO HOMOLOGADO,,,1002
0814032-97.2022.8.19.0002,2022,TJRJ,,,,,EXTINTO SEM MÉRITO,False,,637
0814057-59.2015.8.20.5004,2015,TJRN,Natal,PESSOA FÍSICA,,,PROCEDENTE,True,,3981
0814144-09.2022.8.19.0021,2022,TJRJ,Duque de Caxias,PESSOA FÍSICA,ÁGUAS DO RIO 4 SPE,Saneamento,ACORDO HOMOLOGADO,,,1104
0814168-83.2022.8.19.0038,2022,TJRJ,Nova Iguaçu,PESSOA FÍSICA,B2W COMPANHIA DIGITAL,Outros,ACORDO HOMOLOGADO,,,1193
0814183-56.2024.8.19.0014,2024,TJRJ,Campos dos Goytacazes,PESSOA JURÍDICA,VIVO,Telecomunicações,ACORDO HOMOLOGADO,,,2318
0814191-10.2022.8.19.0206,2022,TJRJ,Rio de Janeiro,PESSOA FÍSICA,TAFNER HOTELARIA,Outros,ACORDO HOMOLOGADO,,,2531
0814241-05.2021.8.20.5004,2021,TJRN,Natal,PESSOA FÍSICA,,,IMPROCEDENTE,False,,3716
0814253-50.2022.8.19.0206,2022,TJRJ,Rio de Janeiro,PESSOA FÍSICA,CLARO,Telecomunicações,ACORDO HOMOLOGADO,,,2431
0814285-12.2024.8.19.0036,2024,TJRJ,Nilópolis,PESSOA FÍSICA,LIGHT SERVIÇOS DE ELETRICIDADE,Energia,EXTINTO SEM MÉRITO,False,,1038
0814313-46.2024.8.19.0208,2024,TJRJ,Rio de Janeiro,PESSOA FÍSICA,LEVE SAUDE OPERADORA DE PLANOS DE SAUDE,Outros,ACORDO HOMOLOGADO,,,2517
0814335-35.2021.8.20.5106,2021,TJRN,Mossoró,PESSOA FÍSICA,,,,,,3365
0814397-27.2020.8.20.5004,2020,TJRN,Natal,PESSOA FÍSICA,,,PARCIALMENTE PROCEDENTE,True,,4690
0814408-72.2022.8.19.0038,2022,TJRJ,,,,,ACORDO HOMOLOGADO,,,1875
0814430-89.2021.8.20.5001,2021,TJRN,Natal,PESSOA FÍSICA,BANCO DO BRASIL,Banco e financeira,ACORDO HOMOLOGADO,,,1756
0814436-54.2020.8.10.0040,2020,TJMA,,,,,PARCIALMENTE PROCEDENTE,True,2000.0,13033
0814447-04.2021.8.20.5106,2021,TJRN,Mossoró,PESSOA FÍSICA,BANCO SANTANDER BRASIL,Banco e financeira,,,,11446
0814521-09.2024.8.19.0021,2024,TJRJ,Duque de Caxias,,,,ACORDO HOMOLOGADO,,,873
0814527-14.2022.8.19.0206,2022,TJRJ,Rio de Janeiro,PESSOA FÍSICA,BANCO BRADESCO,Banco e financeira,ACORDO HOMOLOGADO,,,2199
0814537-39.2021.8.15.0001,2021,TJPB,,PESSOA FÍSICA,CAIXA DE ASSISTENCIA DOS EMPREGADOS DA EMPRESA BRASILEIRA DE PESQUISA AGROPECUARIA CASEMBR,Banco e financeira,EXTINTO SEM MÉRITO,False,,2804
0814557-19.2021.8.19.0001,2021,TJRJ,,,,,ACORDO HOMOLOGADO,,,1273
0814570-38.2024.8.15.2001,2024,TJPB,João Pessoa,PESSOA FÍSICA,FUNDO DE INVESTIMENTOS EM DIREITOS CREDITÓRIOS MULTISEGMENTOS NPL- IPANEMA VI- NÃO PADRONI,Banco e financeira,ACORDO HOMOLOGADO,,,1398
0814586-21.2022.8.19.0038,2022,TJRJ,,,,,ACORDO HOMOLOGADO,,,1875
0814591-16.2024.8.20.5124,2024,TJRN,Parnamirim,PESSOA FÍSICA,AMAZON SERVICOS DE VAREJO DO BRASIL,Outros,IMPROCEDENTE,False,185.74,5508
0814612-44.2022.8.15.0001,2022,TJPB,,PESSOA FÍSICA,BANCO SANTANDER (BRASIL),Banco e financeira,ACORDO HOMOLOGADO,,,1198
0814639-20.2019.8.20.5004,2019,TJRN,Natal,PESSOA FÍSICA,,,IMPROCEDENTE,False,,8144
0814777-93.2024.8.20.5106,2024,TJRN,Mossoró,PESSOA FÍSICA,,,EXTINTO SEM MÉRITO,False,,758
0814786-12.2022.8.19.0205,2022,TJRJ,Rio de Janeiro,PESSOA FÍSICA,BELLI MOVEIS E DECORACOES,Outros,ACORDO HOMOLOGADO,,,2344
0814787-61.2021.8.19.0001,2021,TJRJ,Rio de Janeiro,,,,ACORDO HOMOLOGADO,,,2141
0814807-38.2021.8.19.0038,2021,TJRJ,Nova Iguaçu,PESSOA FÍSICA,LIGHT SERVIÇOS DE ELETRICIDADE,Energia,ACORDO HOMOLOGADO,,,1209
0814828-90.2022.8.20.5004,2022,TJRN,Natal,PESSOA FÍSICA,C E A MODAS,Outros,IMPROCEDENTE,False,,6545
0814837-44.2022.8.19.0004,2022,TJRJ,São Gonçalo,PESSOA FÍSICA,AMPLA ENERGIA E SERVIÇOS,Energia,ACORDO HOMOLOGADO,,,871
0814843-46.2022.8.19.0038,2022,TJRJ,Nova Iguaçu,PESSOA FÍSICA,ASSOCIACAO DE ENSINO SUPERIOR DE NOVA IGUACU,Ensino,ACORDO HOMOLOGADO,,,2351
0814871-14.2022.8.19.0038,2022,TJRJ,Nova Iguaçu,PESSOA FÍSICA,LIGHT SERVIÇOS DE ELETRICIDADE,Energia,ACORDO HOMOLOGADO,,,1056
0814914-60.2022.8.18.0140,2022,TJPI,Teresina,PESSOA FÍSICA,DEVRY EDUCACIONAL DO BRASIL,Ensino,EXTINTO SEM MÉRITO,False,,1559
0814930-02.2022.8.19.0038,2022,TJRJ,Nova Iguaçu,PESSOA FÍSICA,LIGHT SERVIÇOS DE ELETRICIDADE,Energia,ACORDO HOMOLOGADO,,,1215
0814948-21.2022.8.20.5106,2022,TJRN,Mossoró,PESSOA FÍSICA,PDCA,Outros,IMPROCEDENTE,False,,2557
0814970-71.2022.8.19.0203,2022,TJRJ,Rio de Janeiro,PESSOA FÍSICA,,,ACORDO HOMOLOGADO,,,2147
0814973-41.2022.8.19.0004,2022,TJRJ,São Gonçalo,PESSOA FÍSICA,CLARO,Telecomunicações,ACORDO HOMOLOGADO,,,1307
0814983-58.2021.8.20.5124,2021,TJRN,Parnamirim,PESSOA FÍSICA,AYMORE CREDITO,Banco e financeira,IMPROCEDENTE,False,,5361
0815001-07.2019.8.20.5106,2019,TJRN,,PESSOA FÍSICA,BANCO ITAU,Banco e financeira,IMPROCEDENTE,False,,4556
0815010-77.2022.8.19.0001,2022,TJRJ,,,,,ACORDO HOMOLOGADO,,,72
0815031-81.2015.8.20.5106,2015,TJRN,Mossoró,PESSOA FÍSICA,,,,,10000.0,14050
0815048-26.2021.8.19.0001,2021,TJRJ,Rio de Janeiro,PESSOA FÍSICA,AZUL LINHAS AEREAS BRASILEIRAS,Transporte aéreo,ACORDO HOMOLOGADO,,,1858
0815083-10.2022.8.19.0014,2022,TJRJ,Campos dos Goytacazes,PESSOA FÍSICA,AMPLA ENERGIA E SERVIÇOS,Energia,ACORDO HOMOLOGADO,,,2535
0815092-69.2022.8.19.0208,2022,TJRJ,Rio de Janeiro,PESSOA FÍSICA,BANCO BRADESCARD,Banco e financeira,ACORDO HOMOLOGADO,,,2139
0815138-20.2020.8.10.0001,2020,TJMA,Ilha de São Luís,PESSOA FÍSICA,,,IMPROCEDENTE,False,,10781
0815167-56.2025.8.14.0301,2025,TJPA,,PESSOA FÍSICA,REU: BANCO DO ESTADO DO PARA S A E OUTROS (5),Banco e financeira,PARCIALMENTE PROCEDENTE,True,,19625
0815169-93.2022.8.19.0203,2022,TJRJ,Rio de Janeiro,PESSOA FÍSICA,LIGHT SERVIÇOS DE ELETRICIDADE,Energia,ACORDO HOMOLOGADO,,,2165
0815170-05.2022.8.19.0001,2022,TJRJ,Rio de Janeiro,PESSOA FÍSICA,LIGHT SERVIÇOS DE ELETRICIDADE,Energia,ACORDO HOMOLOGADO,,,654
0815173-41.2022.8.20.5106,2022,TJRN,Mossoró,PESSOA FÍSICA,,,IMPROCEDENTE,False,,6701
0815243-47.2022.8.19.0204,2022,TJRJ,Rio de Janeiro,PESSOA FÍSICA,OI MOVEL,Telecomunicações,ACORDO HOMOLOGADO,,,1350
0815301-02.2025.8.20.5124,2025,TJRN,Parnamirim,PESSOA FÍSICA,,,PROCEDENTE,True,7000.0,6707
0815349-22.2022.8.19.0038,2022,TJRJ,,,,,ACORDO HOMOLOGADO,,,1875
0815363-57.2022.8.19.0021,2022,TJRJ,Duque de Caxias,PESSOA FÍSICA,,,ACORDO HOMOLOGADO,,,1291
0815364-25.2021.8.19.0038,2021,TJRJ,Nova Iguaçu,PESSOA FÍSICA,FUNDO DE INVESTIMENTO EM DIREITOS CREDITORIOS NAO PADRONIZADOS NPL II,Banco e financeira,ACORDO HOMOLOGADO,,,2527
0815370-70.2022.8.19.0208,2022,TJRJ,Rio de Janeiro,PESSOA FÍSICA,TIM,Telecomunicações,ACORDO HOMOLOGADO,,,2119
0815398-34.2024.8.15.2001,2024,TJPB,,PESSOA FÍSICA,AMAZON SERVICOS DE VAREJO DO BRASIL,Outros,ACORDO HOMOLOGADO,,,1807
0815404-84.2022.8.19.0001,2022,TJRJ,,,,,ACORDO HOMOLOGADO,,,1267
0815412-23.2021.8.15.2001,2021,TJPB,,,,,ACORDO HOMOLOGADO,,,2163
0815462-57.2020.8.20.5004,2020,TJRN,Natal,PESSOA FÍSICA,,,IMPROCEDENTE,False,,3708
0815463-08.2021.8.20.5004,2021,TJRN,Natal,PESSOA FÍSICA,COMPANHIA AÉREA GOL LINHAS INTELIGENTES,Transporte aéreo,ACORDO HOMOLOGADO,,,1146
0815466-33.2025.8.15.0001,2025,TJPB,,,BANCO BRADESCO,Banco e financeira,ACORDO HOMOLOGADO,,,2125
0815508-51.2024.8.19.0213,2024,TJRJ,Mesquita,PESSOA FÍSICA,LIGHT SERVIÇOS DE ELETRICIDADE,Energia,ACORDO HOMOLOGADO,,,1668
0815510-80.2021.8.19.0001,2021,TJRJ,Rio de Janeiro,PESSOA FÍSICA,BANCO DO BRASIL,Banco e financeira,ACORDO HOMOLOGADO,,,745
0815575-02.2022.8.19.0014,2022,TJRJ,Campos dos Goytacazes,PESSOA FÍSICA,MAGAZINE LUIZA,Varejo e serviços,ACORDO HOMOLOGADO,,,2759
0815607-41.2023.8.10.0040,2023,TJMA,,,,,IMPROCEDENTE,False,,10864
0815610-21.2021.8.19.0038,2021,TJRJ,Nova Iguaçu,PESSOA FÍSICA,LIGHT SERVIÇOS DE ELETRICIDADE,Energia,ACORDO HOMOLOGADO,,,1217
0815691-47.2022.8.19.0001,2022,TJRJ,Rio de Janeiro,PESSOA FÍSICA,LIGHT SERVIÇOS DE ELETRICIDADE,Energia,ACORDO HOMOLOGADO,,,1361
0815707-37.2023.8.19.0204,2023,TJRJ,Rio de Janeiro,PESSOA FÍSICA,LIGHT SERVIÇOS DE ELETRICIDADE,Energia,ACORDO HOMOLOGADO,,,872
0815710-20.2022.8.19.0206,2022,TJRJ,Rio de Janeiro,PESSOA FÍSICA,LIGHT SERVIÇOS DE ELETRICIDADE,Energia,ACORDO HOMOLOGADO,,,2442
0815727-07.2024.8.19.0038,2024,TJRJ,Nova Iguaçu,PESSOA FÍSICA,LIGHT SERVIÇOS DE ELETRICIDADE,Energia,EXTINTO SEM MÉRITO,False,,1077
0815764-19.2022.8.19.0001,2022,TJRJ,Rio de Janeiro,PESSOA FÍSICA,FLIXBUS TRANSPORTE E TECNOLOGIA DO BRASIL,Outros,ACORDO HOMOLOGADO,,,1254
0815764-53.2021.8.19.0001,2021,TJRJ,Rio de Janeiro,,,,ACORDO HOMOLOGADO,,,644
0815855-82.2022.8.19.0204,2022,TJRJ,Rio de Janeiro,PESSOA FÍSICA,LIGHT SERVIÇOS DE ELETRICIDADE,Energia,ACORDO HOMOLOGADO,,,875
0815862-59.2022.8.19.0209,2022,TJRJ,Rio de Janeiro,PESSOA FÍSICA,HDZ PARTICIPACOES,Outros,ACORDO HOMOLOGADO,,,1973
0815882-24.2024.8.19.0001,2024,TJRJ,,,,,ACORDO HOMOLOGADO,,,72
0815937-34.2023.8.15.2001,2023,TJPB,João Pessoa,,,,ACORDO HOMOLOGADO,,,2575
0815950-33.2022.8.19.0004,2022,TJRJ,São Gonçalo,PESSOA FÍSICA,PAGSEGURO INTERNET,Outros,ACORDO HOMOLOGADO,,,880
0815951-87.2020.8.12.0002,2020,TJMS,Seu Sustento e de Sua Família,PESSOA FÍSICA,BANCO DO BRASIL,Banco e financeira,IMPROCEDENTE,False,,33271
0815964-73.2023.8.20.5106,2023,TJRN,Mossoró,PESSOA FÍSICA,,,IMPROCEDENTE,False,,12136
0815969-72.2024.8.12.0001,2024,TJMS,,PESSOA FÍSICA,123 VIAGENS E TURISMO,Outros,PROCEDENTE,True,990.84,11476
0815973-81.2024.8.19.0206,2024,TJRJ,Rio de Janeiro,PESSOA FÍSICA,VIVO,Telecomunicações,ACORDO HOMOLOGADO,,,2998
0815978-10.2022.8.19.0001,2022,TJRJ,,,,,ACORDO HOMOLOGADO,,,72
0815992-49.2022.8.19.0209,2022,TJRJ,Rio de Janeiro,PESSOA FÍSICA,FCA FIAT CHRYSLER AUTOMOVEIS BRASIL,Outros,ACORDO HOMOLOGADO,,,2062
0816019-94.2021.8.19.0038,2021,TJRJ,Nova Iguaçu,PESSOA FÍSICA,CIELO,Outros,ACORDO HOMOLOGADO,,,1199
0816023-95.2024.8.19.0210,2024,TJRJ,Rio de Janeiro,,,,ACORDO HOMOLOGADO,,,679
0816031-24.2021.8.20.5004,2021,TJRN,Natal,PESSOA FÍSICA,BANCO ITAUCARD,Banco e financeira,ACORDO HOMOLOGADO,,,1514
0816035-48.2021.8.19.0038,2021,TJRJ,Nova Iguaçu,PESSOA FÍSICA,LIGHT SERVIÇOS DE ELTRICIDADE,Energia,ACORDO HOMOLOGADO,,,997
0816087-42.2021.8.20.5106,2021,TJRN,Mossoró,PESSOA FÍSICA,MOTOESTE MOTORES PECAS E ACESSORIOS OESTE,Outros,IMPROCEDENTE,False,,11392
0816116-80.2025.8.15.0001,2025,TJPB,Campina Grande,PESSOA FÍSICA,,,ACORDO HOMOLOGADO,,,1633
0816127-73.2020.8.20.5004,2020,TJRN,Valor Quanto À Disposição da Grade Curricular,PESSOA FÍSICA,,,IMPROCEDENTE,False,,7496
0816130-08.2025.8.19.0210,2025,TJRJ,Rio de Janeiro,,,,ACORDO HOMOLOGADO,,,678
0816134-90.2023.8.10.0040,2023,TJMA,Imperatriz,,,,IMPROCEDENTE,False,,7924
0816168-54.2024.8.19.0210,2024,TJRJ,,,,,ACORDO HOMOLOGADO,,,59
0816207-53.2022.8.19.0038,2022,TJRJ,Nova Iguaçu,PESSOA FÍSICA,SOCIEDADE DE ENSINO SUPERIOR ESTACIO DE,Ensino,ACORDO HOMOLOGADO,,,1263
0816238-89.2024.8.19.0204,2024,TJRJ,Rio de Janeiro,PESSOA FÍSICA,PAGSEGURO INTERNET,Outros,PROCEDENTE,True,4073.59,9164
0816281-50.2024.8.19.0002,2024,TJRJ,Niterói,PESSOA FÍSICA,CLARO,Telecomunicações,ACORDO HOMOLOGADO,,,5219
0816317-45.2025.8.20.5106,2025,TJRN,Mossoró,PESSOA FÍSICA,,,EXTINTO SEM MÉRITO,False,,5609
0816378-44.2021.8.19.0038,2021,TJRJ,Nova Iguaçu,PESSOA FÍSICA,PAGSEGURO INTERNET,Outros,ACORDO HOMOLOGADO,,,1231
0816389-44.2022.8.19.0004,2022,TJRJ,São Gonçalo,PESSOA FÍSICA,C & C CASA E CONSTRUCAO,Outros,ACORDO HOMOLOGADO,,,1298
0816428-80.2025.8.19.0054,2025,TJRJ,São João de Meriti,PESSOA FÍSICA,LIGHT SERVIÇOS DE ELETRICIDADE,Energia,ACORDO HOMOLOGADO,,,1435
0816525-37.2024.8.19.0209,2024,TJRJ,Rio de Janeiro,PESSOA FÍSICA,AZUL LINHAS AEREAS BRASILEIRAS,Transporte aéreo,,,,1952
0816528-69.2022.8.19.0206,2022,TJRJ,Rio de Janeiro,PESSOA FÍSICA,LIGHT SERVIÇOS DE ELETRICIDADE,Energia,ACORDO HOMOLOGADO,,,2214
0816542-09.2020.8.10.0001,2020,TJMA,,,,,ACORDO HOMOLOGADO,,,1542
0816576-19.2022.8.19.0209,2022,TJRJ,Rio de Janeiro,PESSOA FÍSICA,,,,,,1997
0816580-95.2022.8.19.0002,2022,TJRJ,Niterói,PESSOA FÍSICA,AMAZON SERVICOS DE VAREJO DO BRASIL,Outros,ACORDO HOMOLOGADO,,,2534
0816598-21.2024.8.19.0205,2024,TJRJ,Rio de Janeiro,PESSOA FÍSICA,F.AB. ZONA OESTE,Outros,ACORDO HOMOLOGADO,,,3189
0816635-46.2022.8.19.0002,2022,TJRJ,,,,,ACORDO HOMOLOGADO,,,405
0816685-44.2024.8.19.0021,2024,TJRJ,Duque de Caxias,,,,ACORDO HOMOLOGADO,,,873
0816687-92.2023.8.20.5106,2023,TJRN,Mossoró,PESSOA FÍSICA,,,PROCEDENTE,True,2046.0,4340
0816688-64.2019.8.10.0040,2019,TJMA,,PESSOA FÍSICA,ANDRE LUCAS OLIVEIRA DE SA - MA21606,Outros,IMPROCEDENTE,False,,9798
0816702-19.2024.8.19.0203,2024,TJRJ,Rio de Janeiro,PESSOA FÍSICA,LIGHT SERVIÇOS DE ELETRICIDADE,Energia,ACORDO HOMOLOGADO,,,2372
0816735-65.2021.8.20.5124,2021,TJRN,Parnamirim,PESSOA FÍSICA,BANCO BMG,Banco e financeira,EXTINTO SEM MÉRITO,False,,4076
0816739-02.2022.8.19.0208,2022,TJRJ,Rio de Janeiro,PESSOA FÍSICA,CLARO,Telecomunicações,ACORDO HOMOLOGADO,,,2154
0816739-16.2017.8.20.5004,2017,TJRN,Natal,PESSOA FÍSICA,BANCO BRADESCARD,Banco e financeira,IMPROCEDENTE,False,1600.0,13529
0816748-65.2024.8.19.0087,2024,TJRJ,São Gonçalo,PESSOA FÍSICA,HDI SEGUROS,Seguros,ACORDO HOMOLOGADO,,,2802
0816750-07.2019.8.10.0040,2019,TJMA,,,,,IMPROCEDENTE,False,,9467
0816773-31.2024.8.19.0038,2024,TJRJ,Nova Iguaçu,PESSOA FÍSICA,,,ACORDO HOMOLOGADO,,,1315
0816812-03.2024.8.19.0208,2024,TJRJ,Rio de Janeiro,PESSOA FÍSICA,,,ACORDO HOMOLOGADO,,,2584
0816839-25.2022.8.10.0040,2022,TJMA,Imperatriz,PESSOA FÍSICA,,,IMPROCEDENTE,False,267.0,5618
0816909-21.2024.8.19.0202,2024,TJRJ,Rio de Janeiro,PESSOA FÍSICA,TIM CELULAR,Telecomunicações,ACORDO HOMOLOGADO,,,1713
0816953-65.2021.8.20.5004,2021,TJRN,Natal,PESSOA FÍSICA,,,IMPROCEDENTE,False,,6194
0816964-28.2022.8.19.0206,2022,TJRJ,Rio de Janeiro,PESSOA FÍSICA,99 TECNOLOGIA,Outros,ACORDO HOMOLOGADO,,,2424
0816966-87.2024.8.20.5124,2024,TJRN,Parnamirim,PESSOA FÍSICA,AZUL LINHAS AEREAS BRASILEIRAS,Transporte aéreo,PROCEDENTE,True,3000.0,5437
0816992-37.2024.8.19.0202,2024,TJRJ,Rio de Janeiro,PESSOA FÍSICA,GLOBO COMUNICAÇÃO E PARTICIPAÇÕES,Outros,ACORDO HOMOLOGADO,,,1703
0817010-90.2024.8.15.0001,2024,TJPB,Campina Grande,,,,ACORDO HOMOLOGADO,,,1586
0817015-39.2024.8.19.0054,2024,TJRJ,São João de Meriti,PESSOA FÍSICA,LIGHT SERVIÇOS DE ELETRICIDADE,Energia,ACORDO HOMOLOGADO,,,1379
0817040-89.2019.8.20.5004,2019,TJRN,Natal,PESSOA FÍSICA,,,EXTINTO SEM MÉRITO,False,,2856
0817053-83.2024.8.19.0205,2024,TJRJ,Rio de Janeiro,PESSOA FÍSICA,LOCALIZA FLEET,Outros,ACORDO HOMOLOGADO,,,3185
0817081-67.2024.8.19.0038,2024,TJRJ,,,,,ACORDO HOMOLOGADO,,,2164
0817185-43.2022.8.20.5004,2022,TJRN,Natal,PESSOA FÍSICA,,,PROCEDENTE,True,,8879
0817233-24.2023.8.19.0209,2023,TJRJ,Rio de Janeiro,PESSOA FÍSICA,AMA ASSISTENCIA MEDICA ALTERNATIVA,Outros,EXTINTO SEM MÉRITO,False,,1595
0817235-40.2022.8.19.0205,2022,TJRJ,Rio de Janeiro,PESSOA FÍSICA,PICPAY INSTITUICAO DE PAGAMENTO,Outros,ACORDO HOMOLOGADO,,,2268
0817237-07.2022.8.19.0206,2022,TJRJ,Rio de Janeiro,PESSOA FÍSICA,AMERICANAS,Varejo e serviços,ACORDO HOMOLOGADO,,,2249
0817241-81.2019.8.20.5004,2019,TJRN,Natal,PESSOA FÍSICA,,,PROCEDENTE,True,3000.0,5303
0817274-46.2022.8.19.0202,2022,TJRJ,Rio de Janeiro,PESSOA FÍSICA,ÁGUAS DO RIO 4 SPE,Saneamento,EXTINTO SEM MÉRITO,False,,1672
0817293-13.2022.8.19.0021,2022,TJRJ,Duque de Caxias,PESSOA FÍSICA,,,ACORDO HOMOLOGADO,,,1067
0817294-55.2022.8.19.0002,2022,TJRJ,Niterói,PESSOA FÍSICA,TIM,Telecomunicações,ACORDO HOMOLOGADO,,,2537
0817308-18.2022.8.19.0203,2022,TJRJ,Rio de Janeiro,PESSOA FÍSICA,HARMONIA ADMINISTRADORA BRASILEIRA DE BENEFICIOS S/S,Outros,ACORDO HOMOLOGADO,,,2194
0817350-90.2023.8.19.0087,2023,TJRJ,São Gonçalo,PESSOA FÍSICA,UNIVERSO ONLINE,Outros,ACORDO HOMOLOGADO,,,1688
0817391-44.2022.8.19.0038,2022,TJRJ,Nova Iguaçu,PESSOA FÍSICA,LIGHT SERVIÇOS DE ELETRICIDADE,Energia,ACORDO HOMOLOGADO,,,2340
0817399-72.2022.8.19.0021,2022,TJRJ,,,,,ACORDO HOMOLOGADO,,,416
0817407-76.2024.8.19.0054,2024,TJRJ,São João de Meriti,PESSOA FÍSICA,THAIS CASE DE ANDRADE,Outros,PROCEDENTE,True,4000.0,17381
0817409-79.2022.8.19.0001,2022,TJRJ,Rio de Janeiro,PESSOA FÍSICA,BANCO PAN,Banco e financeira,ACORDO HOMOLOGADO,,,853
0817484-07.2022.8.19.0038,2022,TJRJ,,,,,ACORDO HOMOLOGADO,,,1875
0817566-58.2025.8.14.0301,2025,TJPA,,,,,IMPROCEDENTE,False,,4798
0817722-53.2024.8.20.5106,2024,TJRN,Mossoró,PESSOA FÍSICA,,,EXTINTO SEM MÉRITO,False,,11996
0817764-58.2024.8.19.0021,2024,TJRJ,Duque de Caxias,PESSOA FÍSICA,,,ACORDO HOMOLOGADO,,,1264
0817809-31.2022.8.19.0054,2022,TJRJ,São João de Meriti,PESSOA FÍSICA,CLARO,Telecomunicações,ACORDO HOMOLOGADO,,,1322
0817811-18.2022.8.19.0210,2022,TJRJ,Rio de Janeiro,PESSOA FÍSICA,PIOPPO MOVEIS - COMERCIO & INDUSTRIA,Outros,PROCEDENTE,True,,7486
0817823-47.2022.8.19.0205,2022,TJRJ,Rio de Janeiro,PESSOA FÍSICA,INOVADORA 2A SERVICOS,Outros,ACORDO HOMOLOGADO,,,1292
0817836-60.2022.8.20.5106,2022,TJRN,Mossoró,PESSOA FÍSICA,BANCO SANTANDER BRASIL,Banco e financeira,IMPROCEDENTE,False,,7070
0817864-39.2025.8.19.0001,2025,TJRJ,Rio de Janeiro,PESSOA FÍSICA,,,ACORDO HOMOLOGADO,,,947
0817896-57.2024.8.19.0008,2024,TJRJ,Belford Roxo,PESSOA FÍSICA,SAMSUNG ELETRONICA DA AMAZONIA,Energia,ACORDO HOMOLOGADO,,,857
0817929-06.2022.8.19.0206,2022,TJRJ,Rio de Janeiro,PESSOA FÍSICA,BANCO BRADESCO,Banco e financeira,ACORDO HOMOLOGADO,,,2438
0817961-79.2022.8.19.0054,2022,TJRJ,São João de Meriti,PESSOA FÍSICA,AMERICANAS,Varejo e serviços,ACORDO HOMOLOGADO,,,1403
0817980-17.2022.8.19.0206,2022,TJRJ,Rio de Janeiro,PESSOA FÍSICA,VIA VAREJO,Varejo e serviços,ACORDO HOMOLOGADO,,,2431
0818035-63.2023.8.20.5004,2023,TJRN,Natal,PESSOA FÍSICA,TIM,Telecomunicações,IMPROCEDENTE,False,,7829
0818040-03.2025.8.14.0051,2025,TJPA,Santarém,PESSOA FÍSICA,FACEBOOK SERVICOS ONLINE DO BRASIL,Outros,PARCIALMENTE PROCEDENTE,True,10000.0,7777
0818056-50.2022.8.19.0203,2022,TJRJ,Rio de Janeiro,PESSOA FÍSICA,TAM LINHAS AEREAS,Transporte aéreo,ACORDO HOMOLOGADO,,,1387
0818066-56.2022.8.19.0054,2022,TJRJ,São João de Meriti,PESSOA FÍSICA,LIGHT SERVIÇOS DE ELETRICIDADE,Energia,ACORDO HOMOLOGADO,,,1379
0818151-62.2022.8.19.0209,2022,TJRJ,Rio de Janeiro,PESSOA FÍSICA,APPLE COMPUTER BRASIL,Outros,ACORDO HOMOLOGADO,,,2006
0818151-71.2022.8.19.0206,2022,TJRJ,Rio de Janeiro,PESSOA FÍSICA,GLOBAL DISTRIBUICAO DE BENS DE CONSUMO,Outros,ACORDO HOMOLOGADO,,,2217
0818161-46.2025.8.19.0001,2025,TJRJ,Rio de Janeiro,PESSOA FÍSICA,MUNICIPIO DE RIO DE JANEIRO,Poder público,ACORDO HOMOLOGADO,,,926
0818163-41.2025.8.15.2001,2025,TJPB,João Pessoa,PESSOA FÍSICA,ITAU UNIBANCO,Banco e financeira,ACORDO HOMOLOGADO,,,3549
0818191-51.2024.8.19.0087,2024,TJRJ,São Gonçalo,PESSOA FÍSICA,AMPLA ENERGIA E SERVIÇOS,Energia,ACORDO HOMOLOGADO,,,2799
0818257-56.2024.8.19.0208,2024,TJRJ,Rio de Janeiro,PESSOA FÍSICA,LIGHT SERVIÇOS DE ELETRICIDADE,Energia,ACORDO HOMOLOGADO,,,2503
0818277-77.2021.8.19.0038,2021,TJRJ,Nova Iguaçu,PESSOA FÍSICA,LIGHT SERVIÇOS DE ELETRICIDADE,Energia,ACORDO HOMOLOGADO,,,2489
0818278-38.2024.8.19.0206,2024,TJRJ,Rio de Janeiro,PESSOA FÍSICA,GOLDEN CROSS PUBLICIDADE,Plano de saúde,ACORDO HOMOLOGADO,,,3057
0818298-12.2022.8.19.0202,2022,TJRJ,Rio de Janeiro,PESSOA FÍSICA,CLARO,Telecomunicações,ACORDO HOMOLOGADO,,,1117
0818306-65.2022.8.19.0209,2022,TJRJ,Rio de Janeiro,PESSOA FÍSICA,DROGARIAS PACHECO,Outros,ACORDO HOMOLOGADO,,,2008
0818399-43.2022.8.19.0204,2022,TJRJ,,,,,ACORDO HOMOLOGADO,,,858
0818439-51.2024.8.19.0205,2024,TJRJ,Rio de Janeiro,PESSOA FÍSICA,LIGHT SERVIÇOS DE ELETRICIDADE,Energia,ACORDO HOMOLOGADO,,,2172
0818480-82.2021.8.10.0040,2021,TJMA,Imperatriz,PESSOA FÍSICA,BANCO SANTANDER (BRASIL),Banco e financeira,IMPROCEDENTE,False,,3406
0818497-59.2019.8.20.5004,2019,TJRN,Natal,PESSOA FÍSICA,,,IMPROCEDENTE,False,,4022
0818537-45.2024.8.19.0008,2024,TJRJ,Belford Roxo,PESSOA FÍSICA,ÁGUAS DO RIO,Saneamento,ACORDO HOMOLOGADO,,,836
0818538-80.2022.8.19.0208,2022,TJRJ,Rio de Janeiro,PESSOA FÍSICA,COMPANHIA ESTADUAL DE ÁGUAS E ESGOTAS - CEDAE,Saneamento,ACORDO HOMOLOGADO,,,2210
0818549-84.2021.8.20.5004,2021,TJRN,Natal,PESSOA FÍSICA,MRV ENGENHARIA E PARTICIPACOES,Outros,PROCEDENTE,True,1303.76,5006
0818556-12.2024.8.19.0021,2024,TJRJ,Duque de Caxias,,,,ACORDO HOMOLOGADO,,,873
0818561-65.2022.8.19.0001,2022,TJRJ,,,,,ACORDO HOMOLOGADO,,,501
0818567-68.2024.8.19.0206,2024,TJRJ,Rio de Janeiro,PESSOA FÍSICA,AASAP - ASSOCIACAO DE AMPARO SOCIAL AO APOSENTADO E PENSIONISTA - CONTRIB. AASAP 0800 202,Outros,ACORDO HOMOLOGADO,,,2536
0818656-81.2022.8.19.0038,2022,TJRJ,Nova Iguaçu,PESSOA FÍSICA,,,IMPROCEDENTE,False,,7738
0818657-03.2021.8.19.0038,2021,TJRJ,,,,,ACORDO HOMOLOGADO,,,1875
0818660-21.2022.8.19.0038,2022,TJRJ,Nova Iguaçu,PESSOA FÍSICA,MAGAZINE LUIZA,Varejo e serviços,ACORDO HOMOLOGADO,,,2384
0818694-72.2024.8.19.0087,2024,TJRJ,São Gonçalo,PESSOA FÍSICA,VAREJO COMERCIAL DE MOVEIS,Outros,ACORDO HOMOLOGADO,,,2797
0818717-86.2021.8.20.5004,2021,TJRN,Natal,PESSOA FÍSICA,,,ACORDO HOMOLOGADO,,,5366
0818792-71.2022.8.19.0202,2022,TJRJ,Rio de Janeiro,PESSOA FÍSICA,SHPS TECNOLOGIA E SERVICOS,Outros,ACORDO HOMOLOGADO,,,1150
0818815-17.2022.8.19.0202,2022,TJRJ,Rio de Janeiro,PESSOA FÍSICA,ATIVOS S.A. SECURITIZADORA DE CREDITOS FINANCEIROS,Banco e financeira,ACORDO HOMOLOGADO,,,1162
0818872-88.2025.8.19.0021,2025,TJRJ,Duque de Caxias,PESSOA FÍSICA,GRUPO CASAS BAHIA,Varejo e serviços,ACORDO HOMOLOGADO,,,1437
0818901-06.2022.8.19.0002,2022,TJRJ,Niterói,PESSOA FÍSICA,AME DIGITAL BRASIL,Outros,ACORDO HOMOLOGADO,,,1594
0818913-62.2023.8.19.0203,2023,TJRJ,Rio de Janeiro,PESSOA FÍSICA,FIGUEIREDO ARANHA CLINICA MEDICA E SERVICOS DE DIAGNOSTICOS,Outros,ACORDO HOMOLOGADO,,,2394
0818944-29.2022.8.19.0038,2022,TJRJ,Nova Iguaçu,PESSOA FÍSICA,TIM CELULAR,Telecomunicações,ACORDO HOMOLOGADO,,,2334
0818954-60.2022.8.19.0204,2022,TJRJ,,,,,ACORDO HOMOLOGADO,,,137
0818975-53.2024.8.19.0014,2024,TJRJ,Campos dos Goytacazes,PESSOA FÍSICA,CARREFOUR COMERCIO E INDUSTRIA,Outros,ACORDO HOMOLOGADO,,,1663
0819013-72.2022.8.19.0002,2022,TJRJ,Niterói,PESSOA FÍSICA,CAC RESIDENCIAL PORTINARI INCOPORADORA SPE,Outros,ACORDO HOMOLOGADO,,,1831
0819038-58.2020.8.20.5004,2020,TJRN,Natal,PESSOA FÍSICA,FUNDO DE INVEST EM DIREITOS CREDIT NÃO PADRONIZADOS NPL1,Banco e financeira,PARCIALMENTE PROCEDENTE,True,,6524
0819098-67.2025.8.15.0001,2025,TJPB,Campina Grande,,,,EXTINTO SEM MÉRITO,False,,3424
0819114-15.2022.8.19.0001,2022,TJRJ,Rio de Janeiro,PESSOA FÍSICA,S. A. ABDOUNI MOVEIS E DECORACOES,Outros,ACORDO HOMOLOGADO,,,1704
0819147-72.2022.8.19.0205,2022,TJRJ,Rio de Janeiro,PESSOA FÍSICA,VIA VAREJO,Varejo e serviços,ACORDO HOMOLOGADO,,,2319
0819154-30.2021.8.20.5004,2021,TJRN,,PESSOA FÍSICA,AVON COSMETICOS,Outros,ACORDO HOMOLOGADO,,,1373
0819171-65.2025.8.19.0021,2025,TJRJ,Duque de Caxias,PESSOA FÍSICA,LIGHT SERVIÇOS DE ELETRICIDADE,Energia,ACORDO HOMOLOGADO,,,864
0819181-56.2022.8.19.0202,2022,TJRJ,Rio de Janeiro,PESSOA FÍSICA,GETNET ADQUIRENCIA E SERVICOS PARA MEIOS DE PAGAMENTO,Outros,ACORDO HOMOLOGADO,,,1164
0819230-29.2024.8.19.0202,2024,TJRJ,Rio de Janeiro,PESSOA FÍSICA,ROBERTA MODESTO DOS SANTOS,Outros,ACORDO HOMOLOGADO,,,2240
0819240-34.2024.8.19.0021,2024,TJRJ,Duque de Caxias,PESSOA FÍSICA,GLOBO COMUNICAÇÃO E PARTICIPAÇÕES,Outros,ACORDO HOMOLOGADO,,,1293
0819263-19.2024.8.19.0008,2024,TJRJ,Belford Roxo,PESSOA FÍSICA,IFOOD COM AGENCIA DE RESTAURANTES ONLINE,Outros,ACORDO HOMOLOGADO,,,868
0819307-97.2020.8.20.5004,2020,TJRN,Natal,PESSOA FÍSICA,,,IMPROCEDENTE,False,,6125
0819345-09.2022.8.19.0206,2022,TJRJ,Rio de Janeiro,PESSOA FÍSICA,BANCO BS2,Banco e financeira,ACORDO HOMOLOGADO,,,2189
0819360-87.2022.8.19.0202,2022,TJRJ,Rio de Janeiro,PESSOA FÍSICA,99 TECNOLOGIA,Outros,ACORDO HOMOLOGADO,,,1195
0819468-06.2021.8.10.0040,2021,TJMA,,,,,EXTINTO SEM MÉRITO,False,,1909
0819496-52.2025.8.10.0001,2025,TJMA,,PESSOA FÍSICA,BANCO C6 CONSIGNADO,Banco e financeira,PARCIALMENTE PROCEDENTE,True,,8534
0819499-30.2020.8.20.5004,2020,TJRN,Natal,PESSOA FÍSICA,,,IMPROCEDENTE,False,,9421
0819507-04.2024.8.19.0054,2024,TJRJ,São João de Meriti,PESSOA FÍSICA,,,ACORDO HOMOLOGADO,,,1344
0819510-56.2022.8.19.0206,2022,TJRJ,Rio de Janeiro,PESSOA FÍSICA,CASA & VIDEO BRASIL,Outros,ACORDO HOMOLOGADO,,,2254
0819514-95.2024.8.19.0021,2024,TJRJ,Duque de Caxias,,,,ACORDO HOMOLOGADO,,,873
0819516-38.2023.8.19.0203,2023,TJRJ,Rio de Janeiro,PESSOA FÍSICA,ITAU UNIBANCO,Banco e financeira,ACORDO HOMOLOGADO,,,2358
0819560-09.2022.8.19.0004,2022,TJRJ,São Gonçalo,PESSOA FÍSICA,BANCO BMG,Banco e financeira,ACORDO HOMOLOGADO,,,880
0819591-38.2022.8.19.0001,2022,TJRJ,,,,,ACORDO HOMOLOGADO,,,72
0819598-84.2019.8.10.0001,2019,TJMA,,PESSOA FÍSICA,,,EXTINTO SEM MÉRITO,False,,2635
0819615-57.2018.8.10.0001,2018,TJMA,Valor,PESSOA FÍSICA,ABRIL COMUNICACOES,Outros,ACORDO HOMOLOGADO,,,2347
0819633-92.2024.8.19.0203,2024,TJRJ,Rio de Janeiro,PESSOA FÍSICA,COMPANIA PANAMENA DE AVIACION,Outros,ACORDO HOMOLOGADO,,,1392
0819668-26.2022.8.19.0202,2022,TJRJ,Rio de Janeiro,PESSOA FÍSICA,,,PARCIALMENTE PROCEDENTE,True,82200.03,15017
0819671-90.2023.8.15.2001,2023,TJPB,João Pessoa,PESSOA FÍSICA,,,EXTINTO SEM MÉRITO,False,,3318
0819685-15.2024.8.19.0001,2024,TJRJ,Rio de Janeiro,PESSOA FÍSICA,AZUL LINHAS AEREAS BRASILEIRAS,Transporte aéreo,ACORDO HOMOLOGADO,,,3490
0819711-89.2024.8.19.0008,2024,TJRJ,Belford Roxo,PESSOA FÍSICA,LIGHT SERVIÇOS DE ELETRICIDADE,Energia,ACORDO HOMOLOGADO,,,839
0819758-41.2022.8.19.0038,2022,TJRJ,Nova Iguaçu,PESSOA FÍSICA,LIGHT SERVIÇOS DE ELETRICIDADE,Energia,ACORDO HOMOLOGADO,,,887
0819782-49.2021.8.10.0040,2021,TJMA,Imperatriz,PESSOA FÍSICA,BANCO BRADESCO S/A E PREVISUL - COMPANHIA DE SEGUROS PREVIDÊNCIA DO SUL,Banco e financeira,ACORDO HOMOLOGADO,,,1842
0819796-62.2022.8.12.0001,2022,TJMS,Campo Grande,,,,IMPROCEDENTE,False,,22882
0819797-78.2024.8.19.0002,2024,TJRJ,Niterói,PESSOA FÍSICA,AZUL LINHAS AEREAS BRASILEIRAS,Transporte aéreo,ACORDO HOMOLOGADO,,,2524
0819847-98.2021.8.19.0038,2021,TJRJ,,,,,ACORDO HOMOLOGADO,,,267
0819884-45.2022.8.19.0021,2022,TJRJ,Duque de Caxias,PESSOA FÍSICA,AMPLA ENERGIA E SERVIÇOS,Energia,ACORDO HOMOLOGADO,,,1192
0819904-36.2022.8.19.0021,2022,TJRJ,,,,,ACORDO HOMOLOGADO,,,416
0819941-46.2021.8.19.0038,2021,TJRJ,Nova Iguaçu,PESSOA FÍSICA,BANCO ITAU,Banco e financeira,ACORDO HOMOLOGADO,,,1195
0819946-84.2024.8.19.0031,2024,TJRJ,Maricá,PESSOA FÍSICA,CARREFOUR COMERCIO E INDUSTRIA,Outros,ACORDO HOMOLOGADO,,1000.0,6487
0819990-07.2022.8.19.0021,2022,TJRJ,Duque de Caxias,PESSOA FÍSICA,TIM,Telecomunicações,ACORDO HOMOLOGADO,,,1266
0819993-66.2025.8.10.0001,2025,TJMA,,PESSOA FÍSICA,BANCO CELETEM,Banco e financeira,EXTINTO SEM MÉRITO,False,,10166
0820089-95.2022.8.19.0208,2022,TJRJ,Rio de Janeiro,PESSOA FÍSICA,MERCADOLIVRE.COM ATIVIDADES DE INTERNET,Varejo e serviços,ACORDO HOMOLOGADO,,,2161
0820106-49.2022.8.19.0203,2022,TJRJ,Rio de Janeiro,PESSOA FÍSICA,LIGHT SERVIÇOS DE ELETRICIDADE,Energia,ACORDO HOMOLOGADO,,,1393
0820131-52.2021.8.10.0040,2021,TJMA,Imperatriz,PESSOA FÍSICA,BANCO MERCANTIL DO BRASIL,Banco e financeira,EXTINTO SEM MÉRITO,False,,2339
0820131-65.2022.8.19.0202,2022,TJRJ,Rio de Janeiro,PESSOA FÍSICA,BANCO PAN,Banco e financeira,ACORDO HOMOLOGADO,,,1114
0820147-10.2022.8.19.0205,2022,TJRJ,Rio de Janeiro,PESSOA FÍSICA,CRED - SYSTEM ADMINISTRADORA DE CARTOES DE CREDITO,Banco e financeira,ACORDO HOMOLOGADO,,,2095
0820179-53.2024.8.19.0202,2024,TJRJ,Rio de Janeiro,PESSOA FÍSICA,SOCIEDADE DE ENSINO SUPERIOR ESTACIO DE,Ensino,ACORDO HOMOLOGADO,,,2218
0820190-69.2025.8.19.0001,2025,TJRJ,Rio de Janeiro,PESSOA FÍSICA,MUNICIPIO DE RIO DE JANEIRO,Poder público,ACORDO HOMOLOGADO,,,937
0820273-81.2022.8.19.0004,2022,TJRJ,São Gonçalo,PESSOA FÍSICA,,,ACORDO HOMOLOGADO,,,892
0820279-97.2022.8.19.0001,2022,TJRJ,Rio de Janeiro,PESSOA FÍSICA,LIGHT SERVIÇOS DE ELETRICIDADE,Energia,PARCIALMENTE PROCEDENTE,True,3000.0,9330
0820358-31.2022.8.19.0210,2022,TJRJ,Rio de Janeiro,,,,ACORDO HOMOLOGADO,,,655
0820378-75.2024.8.19.0008,2024,TJRJ,Belford Roxo,PESSOA FÍSICA,AYMORE CREDITO,Banco e financeira,ACORDO HOMOLOGADO,,,863
0820384-16.2023.8.19.0203,2023,TJRJ,Rio de Janeiro,PESSOA FÍSICA,LIGHT SERVIÇOS DE ELETRICIDADE,Energia,ACORDO HOMOLOGADO,,,932
0820392-35.2024.8.19.0210,2024,TJRJ,Rio de Janeiro,,,,ACORDO HOMOLOGADO,,,678
0820395-89.2021.8.10.0001,2021,TJMA,Ilha de São Luís,PESSOA FÍSICA,BANCO PAN,Banco e financeira,EXTINTO SEM MÉRITO,False,,2568
0820430-53.2024.8.19.0208,2024,TJRJ,Rio de Janeiro,PESSOA FÍSICA,NU PAGAMENTOS,Outros,ACORDO HOMOLOGADO,,,2506
0820434-23.2024.8.19.0004,2024,TJRJ,São Gonçalo,PESSOA FÍSICA,MUNICIPIO DE SAO GONCALO,Poder público,EXTINTO SEM MÉRITO,False,,1091
0820438-13.2022.8.19.0204,2022,TJRJ,,,,,ACORDO HOMOLOGADO,,,137
0820538-61.2024.8.19.0021,2024,TJRJ,Duque de Caxias,PESSOA FÍSICA,LIGHT SERVIÇOS DE ELETRICIDADE,Energia,ACORDO HOMOLOGADO,,,1094
0820561-25.2024.8.19.0209,2024,TJRJ,Rio de Janeiro,PESSOA JURÍDICA,CONDOMINIO VIVA VIVER,Outros,,,,2462
0820563-74.2024.8.19.0021,2024,TJRJ,Duque de Caxias,PESSOA FÍSICA,LIGHT SERVIÇOS DE ELETRICIDADE,Energia,ACORDO HOMOLOGADO,,,1292
0820564-92.2024.8.19.0204,2024,TJRJ,,,,,ACORDO HOMOLOGADO,,,390
0820571-73.2022.8.19.0004,2022,TJRJ,São Gonçalo,PESSOA FÍSICA,DISTRIBUIDORA S J PRODUTOS DE LIMPEZA,Outros,ACORDO HOMOLOGADO,,,1326
0820586-37.2022.8.19.0038,2022,TJRJ,,,,,ACORDO HOMOLOGADO,,,1875
0820596-81.2022.8.19.0038,2022,TJRJ,,,,,ACORDO HOMOLOGADO,,,1875
0820639-16.2024.8.19.0210,2024,TJRJ,Rio de Janeiro,,,,ACORDO HOMOLOGADO,,,679
0820712-97.2020.8.15.2001,2020,TJPB,João Pessoa,PESSOA FÍSICA,BANCO DO BRASIL,Banco e financeira,ACORDO HOMOLOGADO,,,1780
0820714-41.2022.8.19.0205,2022,TJRJ,Rio de Janeiro,PESSOA FÍSICA,LIGHT SERVIÇOS DE ELETRICIDADE,Energia,ACORDO HOMOLOGADO,,,1018
0820756-04.2025.8.19.0038,2025,TJRJ,Nova Iguaçu,PESSOA FÍSICA,LIGHT SERVIÇOS DE ELETRICIDADE,Energia,ACORDO HOMOLOGADO,,,1511
0820777-54.2022.8.19.0209,2022,TJRJ,Rio de Janeiro,PESSOA FÍSICA,GOL LINHAS AEREAS INTELIGENTES,Transporte aéreo,ACORDO HOMOLOGADO,,,857
0820788-70.2023.8.19.0202,2023,TJRJ,Rio de Janeiro,PESSOA FÍSICA,PORTO SEGURO COMPANHIA DE SEGUROS GERAIS,Seguros,ACORDO HOMOLOGADO,,,1134
0820793-40.2024.8.19.0208,2024,TJRJ,Rio de Janeiro,PESSOA FÍSICA,99 TECNOLOGIA,Outros,ACORDO HOMOLOGADO,,,2040
0820825-17.2021.8.15.2001,2021,TJPB,João Pessoa,PESSOA FÍSICA,,,ACORDO HOMOLOGADO,,,1875
0820858-45.2022.8.19.0001,2022,TJRJ,Rio de Janeiro,PESSOA FÍSICA,CLARO,Telecomunicações,ACORDO HOMOLOGADO,,,1929
0820875-08.2025.8.10.0040,2025,TJMA,,PESSOA FÍSICA,,,IMPROCEDENTE,False,,3881
0820941-47.2022.8.19.0038,2022,TJRJ,,,,,ACORDO HOMOLOGADO,,,1875
0820943-97.2024.8.19.0021,2024,TJRJ,Duque de Caxias,,,,ACORDO HOMOLOGADO,,,873
0820966-85.2022.8.15.0001,2022,TJPB,Campina Grande,PESSOA FÍSICA,TAM LINHAS AEREAS,Transporte aéreo,ACORDO HOMOLOGADO,,,6455
0820974-80.2024.8.19.0001,2024,TJRJ,Rio de Janeiro,PESSOA FÍSICA,IFOOD COM AGENCIA DE RESTAURANTES ONLINE,Outros,ACORDO HOMOLOGADO,,,3500
0821025-02.2022.8.19.0021,2022,TJRJ,,,,,ACORDO HOMOLOGADO,,,416
0821091-42.2022.8.19.0001,2022,TJRJ,,,,,ACORDO HOMOLOGADO,,,72
0821114-02.2024.8.14.0051,2024,TJPA,Santarém,PESSOA JURÍDICA,,,,,,4467
0821139-67.2024.8.19.0021,2024,TJRJ,Duque de Caxias,,,,ACORDO HOMOLOGADO,,,873
0821168-41.2024.8.19.0208,2024,TJRJ,Rio de Janeiro,PESSOA FÍSICA,LIGHT SERVIÇOS DE ELETRICIDADE,Energia,ACORDO HOMOLOGADO,,,2519
0821181-05.2022.8.19.0210,2022,TJRJ,Rio de Janeiro,PESSOA FÍSICA,TIM CELULAR,Telecomunicações,IMPROCEDENTE,False,1000.0,6861
0821188-18.2022.8.19.0203,2022,TJRJ,Rio de Janeiro,PESSOA FÍSICA,TIM CELULAR,Telecomunicações,ACORDO HOMOLOGADO,,,1389
0821227-57.2021.8.20.5106,2021,TJRN,Mossoró,PESSOA FÍSICA,99 TAXIS DESENVOLVIMENTO DE SOFTWARES,Outros,EXTINTO SEM MÉRITO,False,,4770
0821253-18.2025.8.19.0038,2025,TJRJ,Nova Iguaçu,PESSOA FÍSICA,TAM LINHAS AEREAS,Transporte aéreo,ACORDO HOMOLOGADO,,,1491
0821303-39.2022.8.19.0203,2022,TJRJ,Rio de Janeiro,PESSOA FÍSICA,SOCIEDAADE DE ENSINO SUPERIOR ESTACIO DE,Ensino,ACORDO HOMOLOGADO,,,2172
0821304-48.2022.8.19.0001,2022,TJRJ,Rio de Janeiro,PESSOA FÍSICA,VIA VAREJO,Varejo e serviços,ACORDO HOMOLOGADO,,,2221
0821353-50.2022.8.19.0208,2022,TJRJ,Rio de Janeiro,PESSOA FÍSICA,AGUAS DO RIO 1 SPE,Saneamento,ACORDO HOMOLOGADO,,,2124
0821419-26.2019.8.10.0001,2019,TJMA,,PESSOA FÍSICA,UBER DO BRASIL TECNOLOGIA,Outros,IMPROCEDENTE,False,12000.0,10110
0821468-18.2024.8.19.0203,2024,TJRJ,Rio de Janeiro,PESSOA FÍSICA,BANCO BRADESCO,Banco e financeira,ACORDO HOMOLOGADO,,,1399
0821528-50.2022.8.19.0206,2022,TJRJ,Rio de Janeiro,PESSOA JURÍDICA,AZUL LINHAS AEREAS BRASILEIRAS,Transporte aéreo,ACORDO HOMOLOGADO,,,2208
0821577-35.2024.8.19.0008,2024,TJRJ,Belford Roxo,PESSOA FÍSICA,BANCO DO BRASIL,Banco e financeira,EXTINTO SEM MÉRITO,False,,8235
0821619-41.2023.8.20.5004,2023,TJRN,Natal,PESSOA FÍSICA,XP INVESTIMENTOS CORRETORA DE CAMBIO,Outros,IMPROCEDENTE,False,,5461
0821658-93.2021.8.19.0038,2021,TJRJ,,,,,ACORDO HOMOLOGADO,,,1875
0821684-71.2022.8.19.0001,2022,TJRJ,Rio de Janeiro,PESSOA FÍSICA,FISIA COMERCIO DE PRODUTOS ESPORTIVOS,Outros,ACORDO HOMOLOGADO,,,1108
0821743-29.2022.8.19.0205,2022,TJRJ,Rio de Janeiro,PESSOA FÍSICA,LIGHT SERVIÇOS DE ELETRICIDADE,Energia,ACORDO HOMOLOGADO,,,1223
0821788-20.2024.8.15.2001,2024,TJPB,João Pessoa,PESSOA FÍSICA,H.P. AUTO CENTER,Outros,ACORDO HOMOLOGADO,,,1385
0821790-85.2022.8.19.0210,2022,TJRJ,Rio de Janeiro,,,,ACORDO HOMOLOGADO,,,657
0821830-17.2024.8.19.0204,2024,TJRJ,,,,,ACORDO HOMOLOGADO,,,390
0821874-03.2024.8.19.0021,2024,TJRJ,Duque de Caxias,PESSOA FÍSICA,PAGSEGURO INTERNET,Outros,ACORDO HOMOLOGADO,,,1568
0821899-37.2024.8.19.0208,2024,TJRJ,Rio de Janeiro,PESSOA FÍSICA,CLARO,Telecomunicações,ACORDO HOMOLOGADO,,,2483
0821916-44.2022.8.19.0208,2022,TJRJ,Rio de Janeiro,PESSOA FÍSICA,,,ACORDO HOMOLOGADO,,,2147
0821919-90.2022.8.19.0210,2022,TJRJ,Rio de Janeiro,,,,ACORDO HOMOLOGADO,,,657
0821934-27.2021.8.19.0038,2021,TJRJ,Nova Iguaçu,PESSOA FÍSICA,LIGHT SERVIÇOS DE ELTRICIDADE,Energia,ACORDO HOMOLOGADO,,,2481
0821992-68.2022.8.19.0208,2022,TJRJ,Rio de Janeiro,PESSOA FÍSICA,LIGHT SERVIÇOS DE ELETRICIDADE,Energia,ACORDO HOMOLOGADO,,,2153
0822068-95.2023.8.18.0140,2023,TJPI,Teresina,PESSOA FÍSICA,BANCO DO BRASIL,Banco e financeira,IMPROCEDENTE,False,,7843
0822107-75.2025.8.10.0001,2025,TJMA,,PESSOA FÍSICA,BANCO BRADESCO FINANCIAMENTOS,Banco e financeira,IMPROCEDENTE,False,,12967
0822118-07.2025.8.10.0001,2025,TJMA,,PESSOA FÍSICA,BANCO BRADESCO FINANCIAMENTOS,Banco e financeira,ACORDO HOMOLOGADO,,,2106
0822186-74.2022.8.19.0206,2022,TJRJ,Rio de Janeiro,PESSOA FÍSICA,CLARO,Telecomunicações,ACORDO HOMOLOGADO,,,2197
0822210-93.2022.8.19.0209,2022,TJRJ,Rio de Janeiro,PESSOA FÍSICA,,,ACORDO HOMOLOGADO,,,822
0822242-47.2019.8.20.5004,2019,TJRN,Natal,PESSOA FÍSICA,COMPANHIA DE AGUAS E ESGOTOS DO RIO GRANDE DO NORTE,Saneamento,PARCIALMENTE PROCEDENTE,True,,4321
0822278-71.2022.8.19.0038,2022,TJRJ,Nova Iguaçu,PESSOA FÍSICA,,,ACORDO HOMOLOGADO,,,1191
0822280-45.2024.8.19.0208,2024,TJRJ,Rio de Janeiro,PESSOA FÍSICA,GRUPO CASAS BAHIA,Varejo e serviços,ACORDO HOMOLOGADO,,,2127
0822307-46.2024.8.19.0008,2024,TJRJ,Belford Roxo,PESSOA FÍSICA,COMPANHIA GLOBAL DE SOLUCOES E SERVICOS DE PAGAMENTOS,Outros,ACORDO HOMOLOGADO,,,880
0822315-17.2024.8.19.0204,2024,TJRJ,Rio de Janeiro,,AZUL LINHAS AEREAS BRASILEIRAS,Transporte aéreo,PROCEDENTE,True,,4201
0822315-69.2019.8.10.0001,2019,TJMA,São Luís,PESSOA FÍSICA,PHILCO ELETRONICOS S/A E MAGAZINE LUIZA,Energia,ACORDO HOMOLOGADO,,,2644
0822334-29.2024.8.19.0008,2024,TJRJ,Belford Roxo,PESSOA FÍSICA,,,ACORDO HOMOLOGADO,,,852
0822392-61.2022.8.19.0021,2022,TJRJ,,,,,ACORDO HOMOLOGADO,,,416
0822414-43.2022.8.19.0208,2022,TJRJ,Rio de Janeiro,PESSOA FÍSICA,BANCO PAN,Banco e financeira,ACORDO HOMOLOGADO,,,2158
0822436-63.2021.8.19.0038,2021,TJRJ,Nova Iguaçu,PESSOA FÍSICA,,,ACORDO HOMOLOGADO,,,1183
0822448-57.2022.8.19.0001,2022,TJRJ,Rio de Janeiro,PESSOA FÍSICA,BANCO SANTANDER,Banco e financeira,ACORDO HOMOLOGADO,,,626
0822489-44.2021.8.19.0038,2021,TJRJ,,,,,ACORDO HOMOLOGADO,,,1875
0822490-47.2018.8.20.5004,2018,TJRN,Natal,PESSOA JURÍDICA,TOTVS,Outros,PARCIALMENTE PROCEDENTE,True,2000.0,5426
0822555-53.2023.8.19.0038,2023,TJRJ,,,,,ACORDO HOMOLOGADO,,,1978
0822591-61.2024.8.19.0038,2024,TJRJ,,,,,ACORDO HOMOLOGADO,,,2164
0822620-82.2022.8.19.0038,2022,TJRJ,,,,,ACORDO HOMOLOGADO,,,1875
0822627-06.2024.8.19.0038,2024,TJRJ,Nova Iguaçu,PESSOA FÍSICA,,,ACORDO HOMOLOGADO,,,1324
0822640-73.2022.8.19.0038,2022,TJRJ,Nova Iguaçu,PESSOA FÍSICA,AEGEA SANEAMENTO E PARTICIPACOES,Saneamento,ACORDO HOMOLOGADO,,,2358
0822710-64.2017.8.20.5106,2017,TJRN,Posterior Desarquivamento,PESSOA FÍSICA,OI MOVEL,Telecomunicações,IMPROCEDENTE,False,3000.0,7598
0822777-21.2023.8.19.0038,2023,TJRJ,Nova Iguaçu,PESSOA FÍSICA,LIGHT SERVIÇOS DE ELETRICIDADE,Energia,ACORDO HOMOLOGADO,,,1208
0822840-49.2022.8.19.0210,2022,TJRJ,Rio de Janeiro,,,,ACORDO HOMOLOGADO,,,656
0822936-16.2019.8.20.5004,2019,TJRN,Natal,PESSOA FÍSICA,O REI DOS COLCHOES,Outros,EXTINTO SEM MÉRITO,False,,3365
0822958-90.2021.8.19.0038,2021,TJRJ,Nova Iguaçu,PESSOA FÍSICA,,,ACORDO HOMOLOGADO,,,1189
0822989-59.2024.8.19.0021,2024,TJRJ,Duque de Caxias,PESSOA FÍSICA,VAREJO COMERCIAL DE MÃ“VEIS,Outros,ACORDO HOMOLOGADO,,,858
0823016-34.2022.8.19.0208,2022,TJRJ,Rio de Janeiro,PESSOA FÍSICA,UNIAO MARINGAENSE DE ENSINO,Ensino,ACORDO HOMOLOGADO,,,2134
0823029-42.2022.8.19.0205,2022,TJRJ,Rio de Janeiro,PESSOA FÍSICA,APPLE COMPUTER BRASIL,Outros,ACORDO HOMOLOGADO,,,1275
0823102-34.2024.8.19.0208,2024,TJRJ,Rio de Janeiro,PESSOA FÍSICA,BANCO ITAU CONSIGNADO,Banco e financeira,ACORDO HOMOLOGADO,,,2065
0823165-09.2023.8.19.0042,2023,TJRJ,Petrópolis,PESSOA FÍSICA,SENDAS DISTRIBUIDORA,Outros,ACORDO HOMOLOGADO,,,701
0823208-03.2022.8.19.0002,2022,TJRJ,Niterói,PESSOA FÍSICA,ROCHA E MAGALHAES PROVEDOR DE INTERNET,Outros,ACORDO HOMOLOGADO,,,2527
0823431-25.2024.8.19.0021,2024,TJRJ,Duque de Caxias,PESSOA FÍSICA,LIGHT SERVIÇOS DE ELETRICIDADE,Energia,ACORDO HOMOLOGADO,,,1576
0823437-11.2021.8.15.0001,2021,TJPB,,PESSOA FÍSICA,BANCO BRADESCO,Banco e financeira,EXTINTO SEM MÉRITO,False,,2389
0823437-47.2024.8.19.0210,2024,TJRJ,Rio de Janeiro,,,,ACORDO HOMOLOGADO,,,677
0823442-46.2022.8.19.0208,2022,TJRJ,Rio de Janeiro,PESSOA FÍSICA,SODEXO PASS DO BRASIL SERVICOS E COMERCIO,Outros,ACORDO HOMOLOGADO,,,2196
0823445-60.2021.8.19.0038,2021,TJRJ,Nova Iguaçu,PESSOA FÍSICA,TELEFONICA BRASIL,Telecomunicações,ACORDO HOMOLOGADO,,,2340
0823505-33.2021.8.19.0038,2021,TJRJ,,,,,ACORDO HOMOLOGADO,,,1875
0823573-68.2024.8.19.0202,2024,TJRJ,Rio de Janeiro,PESSOA FÍSICA,,,ACORDO HOMOLOGADO,,,2189
0823590-83.2024.8.19.0209,2024,TJRJ,Rio de Janeiro,PESSOA FÍSICA,AZUL LINHAS AEREAS BRASILEIRAS,Transporte aéreo,,,,2453
0823593-41.2024.8.19.0208,2024,TJRJ,Rio de Janeiro,PESSOA FÍSICA,TIM CELULAR,Telecomunicações,ACORDO HOMOLOGADO,,,2506
0823594-73.2022.8.19.0021,2022,TJRJ,Duque de Caxias,PESSOA FÍSICA,CAOA MOTOR DO BRASIL,Outros,ACORDO HOMOLOGADO,,,1279
0823612-43.2022.8.19.0038,2022,TJRJ,Nova Iguaçu,PESSOA FÍSICA,CLINICA SEU DENTISTA,Outros,ACORDO HOMOLOGADO,,,2340
0823613-18.2022.8.19.0203,2022,TJRJ,Rio de Janeiro,PESSOA FÍSICA,LIGHT SERVIÇOS DE ELETRICIDADE,Energia,ACORDO HOMOLOGADO,,,1425
0823617-65.2022.8.19.0038,2022,TJRJ,Nova Iguaçu,PESSOA FÍSICA,LIGHT SERVIÇOS DE ELETRICIDADE,Energia,ACORDO HOMOLOGADO,,,1263
0823667-23.2024.8.19.0038,2024,TJRJ,Nova Iguaçu,PESSOA FÍSICA,LIGHT SERVIÇOS DE ELETRICIDADE,Energia,ACORDO HOMOLOGADO,,,1353
0823689-13.2025.8.10.0001,2025,TJMA,,PESSOA FÍSICA,BANCO PAN,Banco e financeira,EXTINTO SEM MÉRITO,False,,12525
0823707-87.2022.8.19.0001,2022,TJRJ,Rio de Janeiro,PESSOA FÍSICA,LIGHT SERVIÇOS DE ELETRICIDADE,Energia,ACORDO HOMOLOGADO,,,1236
0823778-05.2024.8.20.5106,2024,TJRN,Mossoró,PESSOA FÍSICA,AZUL LINHAS AEREAS BRASILEIRAS,Transporte aéreo,PROCEDENTE,True,1124.74,11994
0823817-86.2022.8.19.0001,2022,TJRJ,,,,,ACORDO HOMOLOGADO,,,1267
0823829-07.2019.8.20.5004,2019,TJRN,,PESSOA FÍSICA,RÉU: BANCO BRADESCO,Banco e financeira,IMPROCEDENTE,False,,5225
0823920-98.2024.8.19.0203,2024,TJRJ,Rio de Janeiro,PESSOA FÍSICA,LRS CONSULTORIA IMOBILIARIA,Outros,ACORDO HOMOLOGADO,,,2356
0823975-14.2022.8.19.0205,2022,TJRJ,Rio de Janeiro,PESSOA FÍSICA,FUNDO DE INVESTIMENTO EM DIREITOS CREDITORIOS MULTSEGMENTOS NPL IPANEMA VI - NAO PADRONIZA,Banco e financeira,IMPROCEDENTE,False,,5958
0823990-28.2024.8.19.0038,2024,TJRJ,Nova Iguaçu,PESSOA FÍSICA,,,ACORDO HOMOLOGADO,,,2271
0824055-82.2023.8.15.0001,2023,TJPB,,PESSOA FÍSICA,MAGAZINE LUIZA,Varejo e serviços,IMPROCEDENTE,False,,3657
0824105-34.2022.8.19.0001,2022,TJRJ,Rio de Janeiro,PESSOA FÍSICA,SPRINGER CARRIER,Outros,ACORDO HOMOLOGADO,,,1680
0824158-02.2024.8.19.0209,2024,TJRJ,Rio de Janeiro,PESSOA FÍSICA,CENTRO DE ENSINO VOLTAIRE,Ensino,,,,2457
0824239-98.2022.8.19.0021,2022,TJRJ,Duque de Caxias,PESSOA FÍSICA,ASSOCIACAO DE PROTECAO VEICULAR E SERVICOS SOCIAIS,Outros,ACORDO HOMOLOGADO,,,1299
0824286-72.2022.8.19.0021,2022,TJRJ,Duque de Caxias,PESSOA FÍSICA,FUNDO DE INVESTIMENTO EM DIREITOS CREDITORIOS MULTSEGMENTOS NPL IPANEMA VI - NAO PADRONIZA,Banco e financeira,ACORDO HOMOLOGADO,,,1350
0824325-52.2021.8.19.0038,2021,TJRJ,Nova Iguaçu,PESSOA FÍSICA,LIGHT SERVIÇOS DE ELETRICIDADE,Energia,ACORDO HOMOLOGADO,,,1203
0824365-29.2024.8.19.0038,2024,TJRJ,,,,,ACORDO HOMOLOGADO,,,2164
0824468-07.2022.8.19.0038,2022,TJRJ,Nova Iguaçu,PESSOA FÍSICA,BELA MAGAZINE COMERCIO VAREJISTA DE MOVEIS,Varejo e serviços,ACORDO HOMOLOGADO,,,1228
0824518-84.2022.8.19.0021,2022,TJRJ,Duque de Caxias,PESSOA JURÍDICA,LIGHT SERVIÇOS DE ELETRICIDADE,Energia,ACORDO HOMOLOGADO,,,1119
0824606-46.2022.8.19.0208,2022,TJRJ,Rio de Janeiro,PESSOA FÍSICA,AMERICANAS,Varejo e serviços,ACORDO HOMOLOGADO,,,2159
0824698-13.2023.8.20.5106,2023,TJRN,Mossoró,PESSOA FÍSICA,BOA VISTA SERVICOS,Bureau de crédito,EXTINTO SEM MÉRITO,False,,2757
0824719-29.2024.8.19.0208,2024,TJRJ,Rio de Janeiro,PESSOA FÍSICA,VEYRON COMERCIAL E SERVICOS,Outros,ACORDO HOMOLOGADO,,,2530
0824725-83.2022.8.19.0021,2022,TJRJ,,,,,ACORDO HOMOLOGADO,,,416
0824823-13.2020.8.15.0001,2020,TJPB,Campina Grande,,,,ACORDO HOMOLOGADO,,,2210
0824871-60.2022.8.19.0204,2022,TJRJ,,,,,ACORDO HOMOLOGADO,,,137
0824877-65.2025.8.19.0203,2025,TJRJ,Rio de Janeiro,PESSOA FÍSICA,TAM LINHAS AEREAS,Transporte aéreo,ACORDO HOMOLOGADO,,,1350
0824931-97.2022.8.19.0021,2022,TJRJ,Duque de Caxias,PESSOA FÍSICA,,,ACORDO HOMOLOGADO,,,1258
0824947-29.2024.8.19.0038,2024,TJRJ,Nova Iguaçu,PESSOA FÍSICA,SUPERMERCADOS VIANENSE,Varejo e serviços,ACORDO HOMOLOGADO,,,2277
0824987-16.2021.8.19.0038,2021,TJRJ,Nova Iguaçu,PESSOA FÍSICA,LIGHT SERVIÇOS DE ELTRICIDADE,Energia,ACORDO HOMOLOGADO,,,2481
0825004-19.2024.8.19.0209,2024,TJRJ,Rio de Janeiro,PESSOA FÍSICA,,,ACORDO HOMOLOGADO,,,812
0825012-05.2024.8.19.0206,2024,TJRJ,Rio de Janeiro,PESSOA FÍSICA,TELEFONICA BRASIL,Telecomunicações,IMPROCEDENTE,False,,7437
0825132-63.2022.8.15.0001,2022,TJPB,Campina Grande,PESSOA FÍSICA,CICERO DA SILVA,Outros,ACORDO HOMOLOGADO,,,3525
0825189-18.2021.8.14.0301,2021,TJPA,,PESSOA FÍSICA,,,EXTINTO SEM MÉRITO,False,,2345
0825252-06.2024.8.19.0202,2024,TJRJ,Rio de Janeiro,PESSOA FÍSICA,SPRINGER CARRIER,Outros,ACORDO HOMOLOGADO,,,2205
0825270-34.2024.8.19.0038,2024,TJRJ,Nova Iguaçu,PESSOA FÍSICA,TRANSPORTADORA TINGUA,Outros,ACORDO HOMOLOGADO,,,1333
0825352-08.2022.8.19.0209,2022,TJRJ,Rio de Janeiro,PESSOA FÍSICA,DECOLAR.COM,Outros,ACORDO HOMOLOGADO,,,1974
0825354-02.2020.8.15.0001,2020,TJPB,Campina Grande,PESSOA FÍSICA,99 TAXIS DESENVOLVIMENTO DE SOFTWARES,Outros,IMPROCEDENTE,False,,6059
0825359-97.2022.8.19.0209,2022,TJRJ,Rio de Janeiro,PESSOA FÍSICA,LIGHT SERVIÇOS DE ELETRICIDADE,Energia,ACORDO HOMOLOGADO,,,930
0825360-85.2022.8.19.0208,2022,TJRJ,Rio de Janeiro,PESSOA FÍSICA,BIG SUPERMECARDO LINHA AMARELA,Outros,ACORDO HOMOLOGADO,,,2169
0825424-10.2022.8.19.0204,2022,TJRJ,Rio de Janeiro,PESSOA FÍSICA,LIGHT SERVIÇOS DE ELETRICIDADE,Energia,ACORDO HOMOLOGADO,,,1425
0825442-73.2024.8.19.0038,2024,TJRJ,Nova Iguaçu,PESSOA FÍSICA,SERASA,Bureau de crédito,ACORDO HOMOLOGADO,,,2264
0825479-13.2017.8.10.0001,2017,TJMA,,PESSOA JURÍDICA,,,ACORDO HOMOLOGADO,,,3581
0825602-73.2024.8.19.0208,2024,TJRJ,Rio de Janeiro,PESSOA FÍSICA,CONDOMINIO DO EDIFICIO PORTAIS DO MEIER,Outros,ACORDO HOMOLOGADO,,,2531
0825642-10.2023.8.19.0202,2023,TJRJ,Rio de Janeiro,PESSOA FÍSICA,ÁGUAS DO RIO 4 SPE,Saneamento,IMPROCEDENTE,False,254.31,9173
0825646-20.2024.8.19.0038,2024,TJRJ,,,,,ACORDO HOMOLOGADO,,,2164
0825686-16.2024.8.19.0001,2024,TJRJ,Rio de Janeiro,PESSOA FÍSICA,REAL AUTO ONIBUS,Outros,ACORDO HOMOLOGADO,,,1258
0825716-04.2020.8.15.0001,2020,TJPB,,PESSOA FÍSICA,OCEANAIR LINHAS AEREAS,Transporte aéreo,ACORDO HOMOLOGADO,,,3671
0825790-43.2024.8.19.0054,2024,TJRJ,São João de Meriti,PESSOA FÍSICA,VAREJO COMERCIAL DE MÃ“VEIS,Outros,ACORDO HOMOLOGADO,,,1414
0825849-37.2022.8.19.0204,2022,TJRJ,,,,,ACORDO HOMOLOGADO,,,137
0825983-19.2017.8.10.0001,2017,TJMA,,PESSOA JURÍDICA,,,PROCEDENTE,True,530.7,8161
0826068-76.2024.8.19.0205,2024,TJRJ,Rio de Janeiro,PESSOA FÍSICA,,,ACORDO HOMOLOGADO,,,2146
0826086-82.2024.8.19.0210,2024,TJRJ,Rio de Janeiro,,,,ACORDO HOMOLOGADO,,,678
0826112-03.2019.8.20.5004,2019,TJRN,Natal,PESSOA FÍSICA,,,IMPROCEDENTE,False,,8645
0826112-92.2020.8.15.2001,2020,TJPB,,PESSOA FÍSICA,BANCO DO BRASIL,Banco e financeira,EXTINTO SEM MÉRITO,False,,2613
0826155-44.2022.8.15.0001,2022,TJPB,,,,,ACORDO HOMOLOGADO,,,1304
0826192-44.2024.8.19.0210,2024,TJRJ,Rio de Janeiro,,,,ACORDO HOMOLOGADO,,,666
0826234-36.2023.8.19.0014,2023,TJRJ,Campos dos Goytacazes,PESSOA FÍSICA,ITAU UNIBANCO,Banco e financeira,ACORDO HOMOLOGADO,,,1612
0826253-88.2022.8.19.0204,2022,TJRJ,,,,,ACORDO HOMOLOGADO,,,837
0826406-37.2022.8.19.0038,2022,TJRJ,,,,,ACORDO HOMOLOGADO,,,1875
0826454-21.2022.8.15.0001,2022,TJPB,Campina Grande,PESSOA FÍSICA,GOL LINHAS AEREAS INTELIGENTES,Transporte aéreo,ACORDO HOMOLOGADO,,,2275
0826471-54.2024.8.19.0202,2024,TJRJ,Rio de Janeiro,PESSOA FÍSICA,,,ACORDO HOMOLOGADO,,,2216
0826537-30.2019.8.20.5004,2019,TJRN,Natal,PESSOA FÍSICA,OI MOVEL,Telecomunicações,ACORDO HOMOLOGADO,,,1252
0826741-70.2022.8.19.0001,2022,TJRJ,Rio de Janeiro,PESSOA FÍSICA,,,ACORDO HOMOLOGADO,,,1949
0826756-93.2019.8.10.0001,2019,TJMA,Ilha de São Luís,PESSOA FÍSICA,ITAU UNIBANCO,Banco e financeira,EXTINTO SEM MÉRITO,False,,3682
0826901-53.2022.8.19.0209,2022,TJRJ,Rio de Janeiro,PESSOA FÍSICA,BRADESCO SAUDE,Plano de saúde,PROCEDENTE,True,12000.0,7273
0826930-15.2024.8.19.0054,2024,TJRJ,São João de Meriti,PESSOA FÍSICA,LIGHT SERVIÇOS DE ELETRICIDADE,Energia,ACORDO HOMOLOGADO,,,2608
0826938-11.2022.8.19.0038,2022,TJRJ,,,,,ACORDO HOMOLOGADO,,,1875
0827025-65.2024.8.19.0209,2024,TJRJ,Rio de Janeiro,PESSOA FÍSICA,TIM,Telecomunicações,,,,2410
0827036-97.2024.8.19.0208,2024,TJRJ,Rio de Janeiro,PESSOA FÍSICA,TIM,Telecomunicações,ACORDO HOMOLOGADO,,,2492
0827043-22.2021.8.19.0038,2021,TJRJ,Nova Iguaçu,PESSOA FÍSICA,CLARO,Telecomunicações,ACORDO HOMOLOGADO,,,2331
0827053-32.2022.8.19.0038,2022,TJRJ,Nova Iguaçu,PESSOA FÍSICA,,,ACORDO HOMOLOGADO,,,1209
0827065-81.2023.8.19.0209,2023,TJRJ,Rio de Janeiro,PESSOA FÍSICA,,,,,,1952
0827083-04.2021.8.19.0038,2021,TJRJ,,,,,ACORDO HOMOLOGADO,,,1875
0827093-43.2024.8.19.0038,2024,TJRJ,Nova Iguaçu,PESSOA FÍSICA,CLARO NXT TELECOMUNICACOES,Telecomunicações,ACORDO HOMOLOGADO,,,1345
0827099-16.2024.8.10.0001,2024,TJMA,Ilha de São Luís,PESSOA FÍSICA,,,IMPROCEDENTE,False,,7555
0827248-31.2022.8.19.0001,2022,TJRJ,Rio de Janeiro,,,,ACORDO HOMOLOGADO,,,2634
0827252-38.2022.8.19.0205,2022,TJRJ,Rio de Janeiro,PESSOA FÍSICA,LIGHT SERVIÇOS DE ELETRICIDADE,Energia,IMPROCEDENTE,False,,5433
0827270-12.2021.8.19.0038,2021,TJRJ,Nova Iguaçu,PESSOA FÍSICA,MERCADOLIVRE.COM ATIVIDADES DE INTERNET,Varejo e serviços,ACORDO HOMOLOGADO,,,1228
0827294-50.2023.8.19.0206,2023,TJRJ,Rio de Janeiro,PESSOA FÍSICA,COMPANHIA ESTADUAL DE ÁGUAS E ESGOTAS - CEDAE,Saneamento,ACORDO HOMOLOGADO,,,1392
0827318-18.2022.8.19.0205,2022,TJRJ,Rio de Janeiro,PESSOA FÍSICA,BANCO CETELEM,Banco e financeira,ACORDO HOMOLOGADO,,,2184
0827389-26.2022.8.19.0203,2022,TJRJ,Rio de Janeiro,PESSOA FÍSICA,,,ACORDO HOMOLOGADO,,,1371
0827427-02.2022.8.19.0021,2022,TJRJ,Duque de Caxias,PESSOA FÍSICA,BANCO SANTANDER,Banco e financeira,ACORDO HOMOLOGADO,,,1065
0827469-29.2024.8.19.0038,2024,TJRJ,,,,,ACORDO HOMOLOGADO,,,2164
0827473-20.2020.8.18.0140,2020,TJPI,Teresina,PESSOA FÍSICA,,,ACORDO HOMOLOGADO,,,2822
0827518-75.2024.8.19.0004,2024,TJRJ,São Gonçalo,PESSOA FÍSICA,AGUAS DO RIO 1 SPE,Saneamento,ACORDO HOMOLOGADO,,,1297
0827607-62.2024.8.19.0210,2024,TJRJ,Rio de Janeiro,PESSOA FÍSICA,BANCO SANTANDER (BRASIL),Banco e financeira,PROCEDENTE,True,3000.0,6444
0827641-54.2023.8.19.0054,2023,TJRJ,São João de Meriti,PESSOA FÍSICA,LIGHT SERVIÇOS DE ELETRICIDADE,Energia,ACORDO HOMOLOGADO,,,1350
0827649-67.2022.8.19.0021,2022,TJRJ,Duque de Caxias,PESSOA FÍSICA,LOJAS RIACHUELO,Varejo e serviços,ACORDO HOMOLOGADO,,,1300
0827666-36.2022.8.19.0205,2022,TJRJ,Rio de Janeiro,PESSOA FÍSICA,LIGHT SERVIÇOS DE ELETRICIDADE,Energia,IMPROCEDENTE,False,,19881
0827683-25.2021.8.19.0038,2021,TJRJ,,,,,ACORDO HOMOLOGADO,,,1875
0827792-85.2020.8.18.0140,2020,TJPI,Teresina,,,,,,,9350
0827822-74.2021.8.19.0038,2021,TJRJ,,,,,ACORDO HOMOLOGADO,,,1875
0827858-29.2023.8.19.0206,2023,TJRJ,Rio de Janeiro,PESSOA FÍSICA,CLARO,Telecomunicações,ACORDO HOMOLOGADO,,,2453
0827864-21.2024.8.19.0038,2024,TJRJ,,,,,ACORDO HOMOLOGADO,,,2164
0827865-92.2019.8.20.5004,2019,TJRN,Natal,PESSOA FÍSICA,TAM LINHAS AEREAS,Transporte aéreo,IMPROCEDENTE,False,917.0,10645
0827890-58.2019.8.10.0001,2019,TJMA,,PESSOA FÍSICA,EMPRESA VIVO,Telecomunicações,IMPROCEDENTE,False,2000.0,4893
0827913-48.2023.8.19.0054,2023,TJRJ,São João de Meriti,PESSOA FÍSICA,LIGHT SERVIÇOS DE ELETRICIDADE,Energia,ACORDO HOMOLOGADO,,,1362
0827957-24.2022.8.19.0209,2022,TJRJ,Rio de Janeiro,PESSOA FÍSICA,JABUTICABA HOTEL,Outros,ACORDO HOMOLOGADO,,,901
0828058-98.2022.8.12.0001,2022,TJMS,Eventuais Perdas e Danos,PESSOA FÍSICA,MARIELE MARQUES MACHADO,Outros,IMPROCEDENTE,False,1800.0,8159
0828094-68.2021.8.19.0038,2021,TJRJ,Nova Iguaçu,PESSOA FÍSICA,LIGHT SERVIÇOS DE ELETRICIDADE,Energia,ACORDO HOMOLOGADO,,,2356
0828098-85.2022.8.19.0001,2022,TJRJ,Rio de Janeiro,PESSOA FÍSICA,TRANSPORTES AEREOS PORTUGUESES,Outros,ACORDO HOMOLOGADO,,,1695
0828119-65.2019.8.20.5004,2019,TJRN,Natal,,,,ACORDO HOMOLOGADO,,,1124
0828145-30.2025.8.19.0203,2025,TJRJ,Rio de Janeiro,PESSOA FÍSICA,NU PAGAMENTOS,Outros,ACORDO HOMOLOGADO,,,1340
0828176-02.2021.8.19.0038,2021,TJRJ,Nova Iguaçu,PESSOA FÍSICA,TELEFONICA BRASIL,Telecomunicações,ACORDO HOMOLOGADO,,,2342
0828187-92.2024.8.19.0210,2024,TJRJ,Rio de Janeiro,PESSOA FÍSICA,MRV ENGENHARIA E PARTICIPACOES,Outros,PROCEDENTE,True,10000.0,8353
0828252-70.2024.8.19.0054,2024,TJRJ,São João de Meriti,PESSOA FÍSICA,LIGHT SERVIÇOS DE ELETRICIDADE,Energia,ACORDO HOMOLOGADO,,,2611
0828255-76.2016.8.20.5001,2016,TJRN,,PESSOA FÍSICA,CERAMICA SERRA AZUL,Transporte aéreo,EXTINTO SEM MÉRITO,False,,1533
0828314-47.2023.8.19.0054,2023,TJRJ,São João de Meriti,PESSOA FÍSICA,RIO D OURO TRANSPORTES COLETIVOS,Outros,ACORDO HOMOLOGADO,,,2602
0828419-23.2022.8.19.0001,2022,TJRJ,Rio de Janeiro,,,,ACORDO HOMOLOGADO,,,2634
0828491-47.2022.8.19.0021,2022,TJRJ,Duque de Caxias,PESSOA FÍSICA,123 VIAGENS E TURISMO,Outros,ACORDO HOMOLOGADO,,,1571
0828495-91.2025.8.10.0001,2025,TJMA,Ilha de São Luís,PESSOA FÍSICA,EQUATORIAL MARANHÃO DISTRIBUIDORA DE ENERGIA,Energia,ACORDO HOMOLOGADO,,,1588
0828730-29.2024.8.19.0038,2024,TJRJ,Nova Iguaçu,PESSOA FÍSICA,LIGHT SERVIÇOS DE ELETRICIDADE,Energia,ACORDO HOMOLOGADO,,,2291
0828795-24.2024.8.19.0038,2024,TJRJ,,,,,ACORDO HOMOLOGADO,,,2164
0828813-06.2022.8.19.0203,2022,TJRJ,Rio de Janeiro,PESSOA FÍSICA,FACTA FINANCEIRA S.A. CREDITO,Banco e financeira,ACORDO HOMOLOGADO,,,2200
0828877-69.2021.8.12.0001,2021,TJMS,,,,,IMPROCEDENTE,False,,21859
0828964-93.2022.8.19.0001,2022,TJRJ,Rio de Janeiro,PESSOA FÍSICA,LIGHT SERVIÇOS DE ELETRICIDADE,Energia,ACORDO HOMOLOGADO,,,1102
0829057-93.2022.8.19.0021,2022,TJRJ,Duque de Caxias,PESSOA FÍSICA,LIGHT SERVIÇOS DE ELETRICIDADE,Energia,ACORDO HOMOLOGADO,,,1062
0829063-49.2022.8.19.0038,2022,TJRJ,Nova Iguaçu,PESSOA FÍSICA,ITAPEMIRIM TRANSPORTES AEREOS,Outros,ACORDO HOMOLOGADO,,,2338
0829064-68.2021.8.19.0038,2021,TJRJ,,,,,ACORDO HOMOLOGADO,,,1875
0829119-43.2025.8.10.0001,2025,TJMA,Imperatriz,PESSOA FÍSICA,BANCO SAFRA,Banco e financeira,EXTINTO SEM MÉRITO,False,,15366
0829151-46.2023.8.19.0202,2023,TJRJ,Rio de Janeiro,PESSOA FÍSICA,AZUL LINHAS AEREAS BRASILEIRAS,Transporte aéreo,ACORDO HOMOLOGADO,,,1213
0829217-96.2024.8.19.0038,2024,TJRJ,,,,,ACORDO HOMOLOGADO,,,2164
0829301-68.2022.8.19.0038,2022,TJRJ,,,,,ACORDO HOMOLOGADO,,,1875
0829307-75.2021.8.10.0001,2021,TJMA,Ilha de São Luís,PESSOA FÍSICA,,,EXTINTO SEM MÉRITO,False,,2722
0829314-86.2024.8.19.0203,2024,TJRJ,Rio de Janeiro,PESSOA FÍSICA,LOJAS AMERICANAS,Varejo e serviços,ACORDO HOMOLOGADO,,,1380
0829316-21.2022.8.19.0205,2022,TJRJ,,,,,ACORDO HOMOLOGADO,,,826
0829367-77.2024.8.19.0038,2024,TJRJ,,,,,ACORDO HOMOLOGADO,,,2164
0829410-19.2021.8.19.0038,2021,TJRJ,Nova Iguaçu,PESSOA FÍSICA,BANCO C6,Banco e financeira,ACORDO HOMOLOGADO,,,2335
0829417-87.2024.8.19.0205,2024,TJRJ,,PESSOA FÍSICA,BANCO BMG,Banco e financeira,IMPROCEDENTE,False,,4622
0829431-25.2025.8.19.0209,2025,TJRJ,Rio de Janeiro,PESSOA FÍSICA,LIGHT SERVIÇOS DE ELETRICIDADE,Energia,PARCIALMENTE PROCEDENTE,True,9000.0,17955
0829465-42.2022.8.12.0001,2022,TJMS,Primeira,,,,IMPROCEDENTE,False,,12234
0829574-81.2021.8.19.0038,2021,TJRJ,Nova Iguaçu,PESSOA FÍSICA,,,ACORDO HOMOLOGADO,,,1177
0829727-12.2024.8.19.0038,2024,TJRJ,Nova Iguaçu,PESSOA FÍSICA,GRUPO CASAS BAHIA,Varejo e serviços,ACORDO HOMOLOGADO,,,2305
0829824-70.2022.8.19.0203,2022,TJRJ,Rio de Janeiro,PESSOA FÍSICA,BANCO SANTANDER,Banco e financeira,ACORDO HOMOLOGADO,,,2363
0829919-04.2023.8.15.0001,2023,TJPB,,PESSOA FÍSICA,,,EXTINTO SEM MÉRITO,False,,1694
0830020-70.2025.8.15.0001,2025,TJPB,Campina Grande,PESSOA FÍSICA,C&A MODAS,Outros,ACORDO HOMOLOGADO,,,957
0830023-19.2022.8.19.0001,2022,TJRJ,Rio de Janeiro,PESSOA FÍSICA,,,IMPROCEDENTE,False,,4296
0830029-51.2022.8.15.2001,2022,TJPB,João Pessoa,PESSOA FÍSICA,TIM,Telecomunicações,ACORDO HOMOLOGADO,,,3327
0830034-18.2022.8.19.0205,2022,TJRJ,Rio de Janeiro,PESSOA FÍSICA,LIGHT SERVIÇOS DE ELETRICIDADE,Energia,EXTINTO SEM MÉRITO,False,,1047
0830167-22.2021.8.12.0001,2021,TJMS,,,,,IMPROCEDENTE,False,,21801
0830171-17.2024.8.19.0209,2024,TJRJ,Rio de Janeiro,PESSOA FÍSICA,ARGAL CONSTRUTORA,Outros,EXTINTO SEM MÉRITO,False,,1049
0830315-71.2022.8.19.0205,2022,TJRJ,Rio de Janeiro,PESSOA FÍSICA,VIACAO SAMPAIO,Outros,ACORDO HOMOLOGADO,,,1266
0830322-11.2024.8.19.0038,2024,TJRJ,Nova Iguaçu,PESSOA FÍSICA,LIGHT SERVIÇOS DE ELETRICIDADE,Energia,ACORDO HOMOLOGADO,,,955
0830328-86.2022.8.19.0038,2022,TJRJ,Nova Iguaçu,PESSOA FÍSICA,VIA,Outros,ACORDO HOMOLOGADO,,,1214
0830330-90.2020.8.10.0001,2020,TJMA,Ilha de São Luís,,,,ACORDO HOMOLOGADO,,,1777
0830523-25.2022.8.19.0021,2022,TJRJ,Duque de Caxias,PESSOA FÍSICA,CARTAO BRB,Banco e financeira,ACORDO HOMOLOGADO,,,1046
0830616-85.2022.8.19.0021,2022,TJRJ,,,,,ACORDO HOMOLOGADO,,,480
0830716-86.2022.8.19.0038,2022,TJRJ,,,,,ACORDO HOMOLOGADO,,,1875
0830783-51.2022.8.19.0038,2022,TJRJ,Nova Iguaçu,PESSOA FÍSICA,AMERICANAS,Varejo e serviços,ACORDO HOMOLOGADO,,,1216
0830799-39.2021.8.19.0038,2021,TJRJ,,,,,ACORDO HOMOLOGADO,,,1875
0830867-86.2021.8.19.0038,2021,TJRJ,Nova Iguaçu,PESSOA FÍSICA,,,ACORDO HOMOLOGADO,,,1215
0830923-07.2024.8.19.0203,2024,TJRJ,Rio de Janeiro,PESSOA FÍSICA,BRUNO FERRONATTO,Outros,ACORDO HOMOLOGADO,,,1439
0830925-55.2021.8.10.0001,2021,TJMA,Ilha de São Luís,PESSOA FÍSICA,BANCO PAN,Banco e financeira,EXTINTO SEM MÉRITO,False,,2200
0830970-13.2022.8.19.0021,2022,TJRJ,Duque de Caxias,PESSOA FÍSICA,LIGHT SERVIÇOS DE ELETRICIDADE,Energia,ACORDO HOMOLOGADO,,,1083
0831011-64.2023.8.19.0208,2023,TJRJ,Rio de Janeiro,PESSOA FÍSICA,99 TECNOLOGIA,Outros,ACORDO HOMOLOGADO,,,2148
0831028-62.2022.8.19.0038,2022,TJRJ,,,,,ACORDO HOMOLOGADO,,,1875
0831031-17.2022.8.19.0038,2022,TJRJ,Nova Iguaçu,PESSOA FÍSICA,BANCO PAN,Banco e financeira,ACORDO HOMOLOGADO,,,2326
0831065-21.2024.8.19.0038,2024,TJRJ,Nova Iguaçu,PESSOA FÍSICA,BV LEASING ARRENDAMENTO MERCANTIL,Banco e financeira,ACORDO HOMOLOGADO,,,2289
0831343-27.2025.8.15.2001,2025,TJPB,,PESSOA FÍSICA,,,ACORDO HOMOLOGADO,,,1282
0831414-87.2025.8.19.0038,2025,TJRJ,,,,,ACORDO HOMOLOGADO,,,2390
0831496-94.2024.8.15.2001,2024,TJPB,,PESSOA FÍSICA,REU: FINCLASS SPITI,Outros,EXTINTO SEM MÉRITO,False,,1883
0831497-91.2024.8.19.0021,2024,TJRJ,Duque de Caxias,PESSOA FÍSICA,VEZZO AVENIDA MOVEIS E DECORACOES,Outros,ACORDO HOMOLOGADO,,,891
0831603-07.2021.8.19.0038,2021,TJRJ,Nova Iguaçu,PESSOA FÍSICA,TIM CELULAR,Telecomunicações,ACORDO HOMOLOGADO,,,2340
0831748-19.2022.8.19.0203,2022,TJRJ,Rio de Janeiro,PESSOA FÍSICA,DROGARIA ETEZIRO,Outros,ACORDO HOMOLOGADO,,,2364
0831750-96.2022.8.19.0038,2022,TJRJ,Nova Iguaçu,PESSOA FÍSICA,KIWIFY EDUCACAO E TECNOLOGIA,Outros,ACORDO HOMOLOGADO,,,2348
0831768-54.2021.8.19.0038,2021,TJRJ,Nova Iguaçu,PESSOA FÍSICA,VIA VAREJO,Varejo e serviços,ACORDO HOMOLOGADO,,,2340
0831786-41.2022.8.19.0038,2022,TJRJ,Nova Iguaçu,PESSOA FÍSICA,,,ACORDO HOMOLOGADO,,,1200
0831867-41.2022.8.19.0021,2022,TJRJ,Duque de Caxias,PESSOA FÍSICA,AMPLA ENERGIA E SERVIÇOS,Energia,ACORDO HOMOLOGADO,,,1282
0831902-81.2021.8.19.0038,2021,TJRJ,,,,,EXTINTO SEM MÉRITO,False,,1290
0831914-51.2022.8.19.0203,2022,TJRJ,Rio de Janeiro,PESSOA FÍSICA,LATAM AIRLINES GROUP,Transporte aéreo,ACORDO HOMOLOGADO,,,1386
0831919-20.2021.8.19.0038,2021,TJRJ,Nova Iguaçu,PESSOA FÍSICA,VIVO,Telecomunicações,ACORDO HOMOLOGADO,,,2351
0831949-71.2023.8.19.0204,2023,TJRJ,,,,,ACORDO HOMOLOGADO,,,879
0831968-56.2024.8.19.0038,2024,TJRJ,Nova Iguaçu,PESSOA FÍSICA,,,ACORDO HOMOLOGADO,,,1034
0832065-27.2022.8.19.0038,2022,TJRJ,,,,,ACORDO HOMOLOGADO,,,1875
0832106-91.2022.8.19.0038,2022,TJRJ,,,,,ACORDO HOMOLOGADO,,,1875
0832136-12.2024.8.19.0021,2024,TJRJ,Duque de Caxias,PESSOA FÍSICA,,,ACORDO HOMOLOGADO,,,1562
0832202-52.2021.8.12.0001,2021,TJMS,,,,,IMPROCEDENTE,False,,22016
0832279-23.2018.8.10.0001,2018,TJMA,Sexta,PESSOA FÍSICA,,,EXTINTO SEM MÉRITO,False,,6942
0832367-39.2024.8.19.0021,2024,TJRJ,Duque de Caxias,PESSOA FÍSICA,,,ACORDO HOMOLOGADO,,,1548
0832423-65.2021.8.15.2001,2021,TJPB,João Pessoa,PESSOA FÍSICA,,,EXTINTO SEM MÉRITO,False,,2957
0832512-49.2021.8.19.0038,2021,TJRJ,Nova Iguaçu,PESSOA FÍSICA,BOM NEGOCIO ATIVIDADES DE INTERNET,Outros,ACORDO HOMOLOGADO,,,1226
0832620-49.2023.8.15.2001,2023,TJPB,,PESSOA FÍSICA,YELLOW MOUNTAIN DISTRIBUIDORA DE VEICULOS,Outros,ACORDO HOMOLOGADO,,,3225
0832712-26.2024.8.19.0208,2024,TJRJ,Rio de Janeiro,PESSOA JURÍDICA,TIM,Telecomunicações,ACORDO HOMOLOGADO,,,2512
0832834-78.2024.8.19.0001,2024,TJRJ,Rio de Janeiro,PESSOA FÍSICA,AGUAS DO RIO - DISTRIBUIDORA DE AGUA,Saneamento,ACORDO HOMOLOGADO,,,1276
0833092-79.2021.8.19.0038,2021,TJRJ,Nova Iguaçu,PESSOA FÍSICA,BANCO DO BRASIL,Banco e financeira,ACORDO HOMOLOGADO,,,1196
0833109-81.2022.8.19.0038,2022,TJRJ,Nova Iguaçu,PESSOA FÍSICA,LIGHT SERVIÇOS DE ELETRICIDADE,Energia,ACORDO HOMOLOGADO,,,1220
0833119-28.2022.8.19.0038,2022,TJRJ,Nova Iguaçu,PESSOA FÍSICA,CLARO,Telecomunicações,ACORDO HOMOLOGADO,,,2313
0833175-15.2024.8.20.5001,2024,TJRN,,PESSOA FÍSICA,MUNICÍPIO DE NATAL,Poder público,IMPROCEDENTE,False,,5498
0833279-82.2024.8.19.0038,2024,TJRJ,Nova Iguaçu,PESSOA FÍSICA,LIGHT SERVIÇOS DE ELETRICIDADE,Energia,ACORDO HOMOLOGADO,,,2296
0833306-36.2022.8.19.0038,2022,TJRJ,,,,,ACORDO HOMOLOGADO,,,1875
0833421-57.2022.8.19.0038,2022,TJRJ,,,,,ACORDO HOMOLOGADO,,,1875
0833526-34.2022.8.19.0038,2022,TJRJ,,,,,ACORDO HOMOLOGADO,,,1875
0833577-16.2023.8.19.0004,2023,TJRJ,São Gonçalo,PESSOA FÍSICA,AMPLA ENERGIA E SERVIÇOS,Energia,ACORDO HOMOLOGADO,,,1303
0833662-81.2023.8.19.0204,2023,TJRJ,,,,,ACORDO HOMOLOGADO,,,390
0833708-79.2021.8.14.0301,2021,TJPA,,,,,EXTINTO SEM MÉRITO,False,,3760
0833742-09.2022.8.19.0001,2022,TJRJ,Rio de Janeiro,PESSOA FÍSICA,CONTEM ADMINISTRADORA DE PLANOS DE SAUDE,Outros,EXTINTO SEM MÉRITO,False,,859
0833779-90.2023.8.19.0004,2023,TJRJ,São Gonçalo,PESSOA FÍSICA,AMPLA ENERGIA E SERVIÇOS,Energia,ACORDO HOMOLOGADO,,,950
0833832-54.2022.8.19.0021,2022,TJRJ,Duque de Caxias,PESSOA FÍSICA,LIGHT SERVIÇOS DE ELETRICIDADE,Energia,ACORDO HOMOLOGADO,,,1578
0833975-55.2023.8.19.0038,2023,TJRJ,Nova Iguaçu,PESSOA FÍSICA,NU PAGAMENTOS,Outros,ACORDO HOMOLOGADO,,,1190
0834008-02.2025.8.14.0301,2025,TJPA,,PESSOA FÍSICA,,,EXTINTO SEM MÉRITO,False,,2268
0834055-54.2024.8.19.0209,2024,TJRJ,Rio de Janeiro,PESSOA FÍSICA,,,ACORDO HOMOLOGADO,,,824
0834102-27.2022.8.19.0038,2022,TJRJ,,,,,ACORDO HOMOLOGADO,,,1875
0834195-19.2024.8.19.0038,2024,TJRJ,,,,,ACORDO HOMOLOGADO,,,2164
0834242-37.2021.8.15.2001,2021,TJPB,,PESSOA FÍSICA,AVON COSMETICOS,Outros,PROCEDENTE,True,6000.0,14018
0834297-41.2024.8.19.0038,2024,TJRJ,Nova Iguaçu,PESSOA FÍSICA,CALCADOS SONHO ONLINE,Outros,ACORDO HOMOLOGADO,,,2281
0834361-22.2022.8.19.0038,2022,TJRJ,Nova Iguaçu,PESSOA FÍSICA,CRIATIVA 2329 COMERCIO DE MAQUINAS DE COSTURAS,Outros,ACORDO HOMOLOGADO,,,1231
0834368-48.2021.8.19.0038,2021,TJRJ,Nova Iguaçu,PESSOA FÍSICA,BANCO BRADESCO,Banco e financeira,ACORDO HOMOLOGADO,,,2336
0834397-47.2024.8.19.0021,2024,TJRJ,Duque de Caxias,PESSOA FÍSICA,,,EXTINTO SEM MÉRITO,False,,857
0834417-55.2022.8.19.0038,2022,TJRJ,Nova Iguaçu,PESSOA FÍSICA,HURB TECHNOLOGIES,Outros,ACORDO HOMOLOGADO,,,1271
0834564-81.2022.8.19.0038,2022,TJRJ,Nova Iguaçu,PESSOA FÍSICA,LIGHT SERVIÇOS DE ELETRICIDADE,Energia,ACORDO HOMOLOGADO,,,1216
0834601-62.2022.8.19.0021,2022,TJRJ,Duque de Caxias,PESSOA FÍSICA,LIGHT SERVIÇOS DE ELETRICIDADE,Energia,ACORDO HOMOLOGADO,,,1072
0834637-54.2024.8.19.0209,2024,TJRJ,Rio de Janeiro,PESSOA FÍSICA,GRUPO CASAS BAHIA,Varejo e serviços,,,,2488
0834865-86.2025.8.10.0001,2025,TJMA,,PESSOA FÍSICA,BANCO BRADESCO FINANCIAMENTOS,Banco e financeira,ACORDO HOMOLOGADO,,,2124
0834871-86.2022.8.19.0021,2022,TJRJ,Duque de Caxias,PESSOA FÍSICA,NIKE DO BRASIL COMERCIO E PARTICIPACOES,Outros,ACORDO HOMOLOGADO,,,1583
0834965-94.2022.8.19.0001,2022,TJRJ,Rio de Janeiro,PESSOA FÍSICA,COMPANHIA ESTADUAL DE ÁGUAS E ESGOTAS - CEDAE,Saneamento,ACORDO HOMOLOGADO,,,1102
0834969-49.2024.8.19.0038,2024,TJRJ,,,,,ACORDO HOMOLOGADO,,,2164
0835011-52.2024.8.19.0021,2024,TJRJ,Duque de Caxias,PESSOA FÍSICA,L M LOPES ADMINISTRADORA DE IMOVEIS,Outros,ACORDO HOMOLOGADO,,,1576
0835228-15.2022.8.19.0038,2022,TJRJ,,,,,ACORDO HOMOLOGADO,,,1875
0835294-63.2023.8.19.0004,2023,TJRJ,São Gonçalo,PESSOA FÍSICA,AGUAS DO RIO 1 SPE,Saneamento,ACORDO HOMOLOGADO,,,881
0835405-52.2021.8.15.2001,2021,TJPB,,,,,ACORDO HOMOLOGADO,,,1742
0835559-31.2021.8.19.0038,2021,TJRJ,Nova Iguaçu,PESSOA FÍSICA,CARDIF DO BRASIL SEGUROS E GARANTIAS,Seguros,ACORDO HOMOLOGADO,,,2382
0835561-64.2022.8.19.0038,2022,TJRJ,Nova Iguaçu,PESSOA FÍSICA,BANCO BRADESCARD,Banco e financeira,ACORDO HOMOLOGADO,,,1202
0835585-92.2022.8.19.0038,2022,TJRJ,Nova Iguaçu,PESSOA FÍSICA,LIGHT SERVIÇOS DE ELETRICIDADE,Energia,ACORDO HOMOLOGADO,,,2339
0835615-30.2022.8.19.0038,2022,TJRJ,Nova Iguaçu,PESSOA FÍSICA,AMERICANAS,Varejo e serviços,ACORDO HOMOLOGADO,,,2317
0835650-87.2022.8.19.0038,2022,TJRJ,,,,,ACORDO HOMOLOGADO,,,1875
0835734-34.2021.8.12.0001,2021,TJMS,Campo Grande,,,,IMPROCEDENTE,False,,22283
0835752-55.2024.8.19.0001,2024,TJRJ,Rio de Janeiro,PESSOA FÍSICA,LIGHT SERVIÇOS DE ELETRICIDADE,Energia,ACORDO HOMOLOGADO,,,1263
0835781-96.2021.8.19.0038,2021,TJRJ,Nova Iguaçu,PESSOA FÍSICA,B2W COMPANHIA DIGITAL,Outros,ACORDO HOMOLOGADO,,,2342
0835788-54.2022.8.19.0038,2022,TJRJ,Nova Iguaçu,PESSOA FÍSICA,CRED - SYSTEM ADMINISTRADORA DE CARTOES DE CREDITO,Banco e financeira,ACORDO HOMOLOGADO,,,2352
0835864-15.2021.8.19.0038,2021,TJRJ,Nova Iguaçu,PESSOA FÍSICA,TRANSPORTES AEREOS PORTUGUESES,Outros,ACORDO HOMOLOGADO,,,2352
0835896-73.2022.8.19.0203,2022,TJRJ,Rio de Janeiro,PESSOA FÍSICA,UNIVERSO ONLINE,Outros,ACORDO HOMOLOGADO,,,1387
0835904-31.2023.8.19.0004,2023,TJRJ,São Gonçalo,PESSOA FÍSICA,AMPLA ENERGIA E SERVIÇOS,Energia,ACORDO HOMOLOGADO,,,905
0835908-97.2022.8.19.0038,2022,TJRJ,,,,,ACORDO HOMOLOGADO,,,1875
0835942-72.2021.8.10.0001,2021,TJMA,,PESSOA FÍSICA,BANCO PAN,Banco e financeira,EXTINTO SEM MÉRITO,False,,1961
0836074-32.2022.8.19.0038,2022,TJRJ,,,,,ACORDO HOMOLOGADO,,,1875
0836075-51.2021.8.19.0038,2021,TJRJ,Nova Iguaçu,PESSOA FÍSICA,SKY BRASIL SERVICOS,Telecomunicações,ACORDO HOMOLOGADO,,,1201
0836190-52.2022.8.19.0001,2022,TJRJ,Rio de Janeiro,PESSOA FÍSICA,LIGHT SERVIÇOS DE ELETRICIDADE,Energia,ACORDO HOMOLOGADO,,,2234
0836355-22.2021.8.19.0038,2021,TJRJ,,,,,ACORDO HOMOLOGADO,,,1875
0836571-80.2021.8.19.0038,2021,TJRJ,Nova Iguaçu,PESSOA FÍSICA,BANCO ITAU,Banco e financeira,ACORDO HOMOLOGADO,,,2324
0836635-94.2024.8.12.0001,2024,TJMS,,PESSOA FÍSICA,,,IMPROCEDENTE,False,5000.0,18308
0836656-37.2023.8.15.2001,2023,TJPB,João Pessoa,PESSOA FÍSICA,GOL LINHAS AEREAS INTELIGENTES,Transporte aéreo,ACORDO HOMOLOGADO,,,5024
0836662-73.2021.8.19.0038,2021,TJRJ,,,,,ACORDO HOMOLOGADO,,,1875
0836684-87.2022.8.19.0203,2022,TJRJ,Rio de Janeiro,PESSOA FÍSICA,TIM,Telecomunicações,ACORDO HOMOLOGADO,,,1374
0836784-86.2021.8.19.0038,2021,TJRJ,,,,,ACORDO HOMOLOGADO,,,1875
0836844-08.2024.8.19.0021,2024,TJRJ,,,,,ACORDO HOMOLOGADO,,,480
0837140-81.2025.8.15.2001,2025,TJPB,João Pessoa,,,,EXTINTO SEM MÉRITO,False,,4933
0837175-07.2022.8.19.0038,2022,TJRJ,,,,,ACORDO HOMOLOGADO,,,1875
0837300-72.2022.8.19.0038,2022,TJRJ,,,,,ACORDO HOMOLOGADO,,,1875
0837361-44.2022.8.19.0001,2022,TJRJ,Rio de Janeiro,PESSOA FÍSICA,BANCO DO BRASIL,Banco e financeira,EXTINTO SEM MÉRITO,False,,1284
0837525-30.2023.8.19.0209,2023,TJRJ,Rio de Janeiro,PESSOA FÍSICA,,,EXTINTO SEM MÉRITO,False,,884
0837908-29.2021.8.20.5001,2021,TJRN,Natal,PESSOA FÍSICA,COMPANHIA ENERGÉTICA DO RIO GRANDE DO NORTE - COSERN,Energia,ACORDO HOMOLOGADO,,,1348
0838038-61.2024.8.19.0209,2024,TJRJ,Rio de Janeiro,PESSOA FÍSICA,FACEBOOK SERVICOS ONLINE DO BRASIL,Outros,EXTINTO SEM MÉRITO,False,,2462
0838080-12.2022.8.19.0038,2022,TJRJ,Nova Iguaçu,PESSOA FÍSICA,VIA VAREJO,Varejo e serviços,ACORDO HOMOLOGADO,,,2320
0838106-39.2024.8.19.0038,2024,TJRJ,,,,,ACORDO HOMOLOGADO,,,2164
0838115-69.2022.8.19.0038,2022,TJRJ,Nova Iguaçu,PESSOA FÍSICA,APPLE COMPUTER BRASIL,Outros,ACORDO HOMOLOGADO,,,2339
0838138-55.2024.8.19.0002,2024,TJRJ,Niterói,PESSOA FÍSICA,AMPLA ENERGIA E SERVIÇOS,Energia,ACORDO HOMOLOGADO,,,7086
0838208-32.2022.8.19.0038,2022,TJRJ,,,,,ACORDO HOMOLOGADO,,,1875
0838224-78.2025.8.19.0038,2025,TJRJ,Nova Iguaçu,PESSOA FÍSICA,LASER COMPANY BRASIL,Outros,ACORDO HOMOLOGADO,,,2335
0838297-55.2022.8.19.0038,2022,TJRJ,Nova Iguaçu,PESSOA FÍSICA,LIGHT SERVIÇOS DE ELETRICIDADE,Energia,ACORDO HOMOLOGADO,,,2345
0838351-35.2022.8.19.0001,2022,TJRJ,Rio de Janeiro,PESSOA FÍSICA,LIGHT SERVIÇOS DE ELETRICIDADE,Energia,ACORDO HOMOLOGADO,,,1000
0838565-26.2022.8.19.0001,2022,TJRJ,Rio de Janeiro,PESSOA FÍSICA,LIGHT SERVIÇOS DE ELETRICIDADE,Energia,PROCEDENTE,True,3000.0,9196
0838701-09.2022.8.19.0038,2022,TJRJ,Nova Iguaçu,PESSOA FÍSICA,99 TECNOLOGIA,Outros,ACORDO HOMOLOGADO,,,1199
0838945-89.2024.8.15.0001,2024,TJPB,Campina Grande Relator,PESSOA FÍSICA,,,IMPROCEDENTE,False,3000.0,23380
0838998-16.2022.8.19.0038,2022,TJRJ,,,,,ACORDO HOMOLOGADO,,,1978
0839017-22.2022.8.19.0038,2022,TJRJ,Nova Iguaçu,PESSOA FÍSICA,LIGHT SERVIÇOS DE ELETRICIDADE,Energia,ACORDO HOMOLOGADO,,,2344
0839119-39.2024.8.10.0001,2024,TJMA,Ilha,PESSOA FÍSICA,GOLDEN CAT PROCESSAMENTO DE PAGAMENTO LTDA E OUTROS,Outros,EXTINTO SEM MÉRITO,False,,4148
0839149-62.2024.8.19.0021,2024,TJRJ,Duque de Caxias,PESSOA FÍSICA,GLOBO COMUNICAÇÃO E PARTICIPAÇÕES,Outros,ACORDO HOMOLOGADO,,,868
0839186-77.2019.8.10.0001,2019,TJMA,Ilha de São Luís,PESSOA FÍSICA,FUNDO DE INVESTIMENTO EM DIREITOS CREDITORIOS NAO PADRONIZADOS NPL II,Banco e financeira,EXTINTO SEM MÉRITO,False,,4113
0839303-80.2024.8.19.0021,2024,TJRJ,Duque de Caxias,,,,ACORDO HOMOLOGADO,,,872
0839391-21.2024.8.19.0021,2024,TJRJ,Duque de Caxias,PESSOA FÍSICA,EBAZAR COM BR,Outros,ACORDO HOMOLOGADO,,,1571
0839603-72.2024.8.19.0205,2024,TJRJ,Rio de Janeiro,PESSOA FÍSICA,AMAZON SERVICOS DE VAREJO DO BRASIL,Outros,ACORDO HOMOLOGADO,,,3200
0839671-19.2020.8.15.2001,2020,TJPB,,PESSOA FÍSICA,HAPVIDA ASSISTENCIA MEDICA,Plano de saúde,ACORDO HOMOLOGADO,,,1653
0840026-19.2022.8.19.0038,2022,TJRJ,Nova Iguaçu,PESSOA FÍSICA,LIGHT SERVIÇOS DE ELETRICIDADE,Energia,ACORDO HOMOLOGADO,,,2335
0840044-40.2022.8.19.0038,2022,TJRJ,Nova Iguaçu,PESSOA FÍSICA,LIGHT SERVIÇOS DE ELETRICIDADE,Energia,EXTINTO SEM MÉRITO,False,,1023
0840121-49.2022.8.19.0038,2022,TJRJ,,,,,ACORDO HOMOLOGADO,,,1875
0840168-23.2021.8.10.0001,2021,TJMA,,PESSOA FÍSICA,,,PROCEDENTE,True,1300.0,13821
0840367-45.2022.8.19.0038,2022,TJRJ,Nova Iguaçu,PESSOA FÍSICA,LIGHT SERVIÇOS DE ELETRICIDADE,Energia,ACORDO HOMOLOGADO,,,1212
0840382-43.2024.8.19.0038,2024,TJRJ,Nova Iguaçu,PESSOA FÍSICA,LIGHT SERVIÇOS DE ELETRICIDADE,Energia,ACORDO HOMOLOGADO,,,2290
0840698-10.2024.8.19.0021,2024,TJRJ,Duque de Caxias,PESSOA FÍSICA,IFOOD COM AGENCIA DE RESTAURANTES ONLINE,Outros,ACORDO HOMOLOGADO,,,948
0840748-87.2025.8.15.2001,2025,TJPB,João Pessoa,,,,ACORDO HOMOLOGADO,,,3129
0840959-65.2021.8.15.2001,2021,TJPB,João Pessoa,PESSOA FÍSICA,UBER DO BRASIL TECNOLOGIA,Outros,ACORDO HOMOLOGADO,,,2153
0841009-61.2024.8.19.0001,2024,TJRJ,Rio de Janeiro,PESSOA FÍSICA,LIGHT,Energia,ACORDO HOMOLOGADO,,,630
0841083-77.2023.8.15.2001,2023,TJPB,João Pessoa,,,,ACORDO HOMOLOGADO,,,2259
0841137-85.2023.8.19.0205,2023,TJRJ,Rio de Janeiro,PESSOA FÍSICA,MRV ENGENHARIA E PARTICIPACOES,Outros,EXTINTO SEM MÉRITO,False,,1043
0841150-37.2022.8.19.0038,2022,TJRJ,Nova Iguaçu,PESSOA FÍSICA,LIGHT SERVIÇOS DE ELETRICIDADE,Energia,ACORDO HOMOLOGADO,,,923
0841183-83.2021.8.20.5001,2021,TJRN,Natal,PESSOA FÍSICA,MAGAZINE LUIZA,Varejo e serviços,IMPROCEDENTE,False,,6116
0841217-75.2021.8.15.2001,2021,TJPB,João Pessoa,PESSOA FÍSICA,,,ACORDO HOMOLOGADO,,,2147
0841302-35.2023.8.19.0205,2023,TJRJ,Rio de Janeiro,PESSOA FÍSICA,BANCO ITAU,Banco e financeira,ACORDO HOMOLOGADO,,,1231
0841305-11.2019.8.10.0001,2019,TJMA,,PESSOA FÍSICA,LIVING PANAMA EMPREENDIMENTOS IMOBILIARIOS,Outros,ACORDO HOMOLOGADO,,,2232
0841691-84.2022.8.19.0001,2022,TJRJ,Rio de Janeiro,PESSOA FÍSICA,HURB TECHNOLOGIES,Outros,PARCIALMENTE PROCEDENTE,True,2000.0,14490
0842016-21.2021.8.15.2001,2021,TJPB,João Pessoa,PESSOA FÍSICA,CONCEITO CONSTRUTORA,Outros,ACORDO HOMOLOGADO,,,1909
0842075-73.2024.8.19.0002,2024,TJRJ,Niterói,PESSOA FÍSICA,AMPLA ENERGIA E SERVIÇOS,Energia,ACORDO HOMOLOGADO,,,7080
0842122-54.2023.8.19.0205,2023,TJRJ,Rio de Janeiro,PESSOA FÍSICA,EVENTIM BRASIL SAO PAULO SISTEMAS E SERVICOS DE I,Outros,ACORDO HOMOLOGADO,,,2172
0842137-56.2024.8.19.0021,2024,TJRJ,Duque de Caxias,,,,ACORDO HOMOLOGADO,,,872
0842199-55.2017.8.10.0001,2017,TJMA,Ilha de São Luís,PESSOA FÍSICA,BANCO PAN,Banco e financeira,EXTINTO SEM MÉRITO,False,,3802
0842426-86.2024.8.19.0021,2024,TJRJ,Duque de Caxias,PESSOA FÍSICA,LIGHT SERVIÇOS DE ELETRICIDADE,Energia,ACORDO HOMOLOGADO,,,1565
0842472-92.2022.8.19.0038,2022,TJRJ,Nova Iguaçu,PESSOA FÍSICA,BANCO ITAU,Banco e financeira,ACORDO HOMOLOGADO,,,1200
0842530-27.2024.8.19.0038,2024,TJRJ,,,,,ACORDO HOMOLOGADO,,,2316
0842613-28.2022.8.19.0001,2022,TJRJ,Rio de Janeiro,,,,ACORDO HOMOLOGADO,,,2634
0842654-97.2024.8.19.0203,2024,TJRJ,Rio de Janeiro,PESSOA JURÍDICA,LIGHT SERVIÇOS DE ELETRICIDADE,Energia,ACORDO HOMOLOGADO,,,2384
0842800-51.2024.8.19.0038,2024,TJRJ,Nova Iguaçu,PESSOA FÍSICA,,,ACORDO HOMOLOGADO,,,2334
0842834-44.2023.8.19.0205,2023,TJRJ,Rio de Janeiro,PESSOA FÍSICA,TRANSPORTADORA TURISTICA SUZANO,Outros,ACORDO HOMOLOGADO,,,1264
0843044-62.2022.8.19.0001,2022,TJRJ,Rio de Janeiro,PESSOA FÍSICA,HURB TECHNOLOGIES,Outros,ACORDO HOMOLOGADO,,,1120
0843135-88.2023.8.19.0205,2023,TJRJ,Qualidade do Serviço,PESSOA FÍSICA,LIGHT SERVIÇOS DE ELETRICIDADE,Energia,PARCIALMENTE PROCEDENTE,True,4000.0,29624
0843538-10.2022.8.19.0038,2022,TJRJ,,,,,ACORDO HOMOLOGADO,,,1875
0843768-52.2022.8.19.0038,2022,TJRJ,Nova Iguaçu,PESSOA FÍSICA,,,ACORDO HOMOLOGADO,,,2340
0843856-22.2024.8.19.0038,2024,TJRJ,Nova Iguaçu,PESSOA FÍSICA,NU PAGAMENTOS,Outros,ACORDO HOMOLOGADO,,,2274
0843862-97.2022.8.19.0038,2022,TJRJ,Nova Iguaçu,PESSOA FÍSICA,LIGHT SERVIÇOS DE ELETRICIDADE,Energia,ACORDO HOMOLOGADO,,,1212
0843932-97.2024.8.19.0021,2024,TJRJ,Duque de Caxias,,,,ACORDO HOMOLOGADO,,,872
0844033-54.2021.8.10.0001,2021,TJMA,São Luís,PESSOA FÍSICA,BANCO DAYCOVAL,Banco e financeira,EXTINTO SEM MÉRITO,False,,3360
0844119-64.2017.8.10.0001,2017,TJMA,Ilha de São Luís,PESSOA FÍSICA,,,EXTINTO SEM MÉRITO,False,,7321
0844186-36.2025.8.19.0021,2025,TJRJ,Duque de Caxias,PESSOA FÍSICA,LIGHT SERVIÇOS DE ELETRICIDADE,Energia,ACORDO HOMOLOGADO,,,865
0844257-06.2022.8.19.0001,2022,TJRJ,Rio de Janeiro,PESSOA FÍSICA,LIGHT SERVIÇOS DE ELETRICIDADE,Energia,PROCEDENTE,True,,3500
0844386-50.2023.8.19.0203,2023,TJRJ,Rio de Janeiro,PESSOA FÍSICA,HURB TECHNOLOGIES,Outros,ACORDO HOMOLOGADO,,,1446
0844419-84.2022.8.19.0038,2022,TJRJ,Nova Iguaçu,PESSOA FÍSICA,LIGHT SERVIÇOS DE ELETRICIDADE,Energia,ACORDO HOMOLOGADO,,,2342
0844499-43.2025.8.19.0038,2025,TJRJ,,,,,ACORDO HOMOLOGADO,,,2390
0844648-15.2019.8.10.0001,2019,TJMA,Ilha de São Luís,PESSOA FÍSICA,OI MOVEL,Telecomunicações,IMPROCEDENTE,False,,5404
0844665-94.2022.8.19.0001,2022,TJRJ,Itaboraí,,,,EXTINTO SEM MÉRITO,False,,1305
0844979-79.2023.8.19.0203,2023,TJRJ,Rio de Janeiro,PESSOA FÍSICA,GRINGA INTERMEDIACAO DE NEGOCIOS,Outros,ACORDO HOMOLOGADO,,,1404
0845046-59.2024.8.15.2001,2024,TJPB,João Pessoa,PESSOA FÍSICA,NU PAGAMENTOS,Outros,ACORDO HOMOLOGADO,,,2973
0845148-42.2024.8.19.0038,2024,TJRJ,Nova Iguaçu,PESSOA FÍSICA,SKY SERVICOS DE BANDA LARGA,Telecomunicações,ACORDO HOMOLOGADO,,,2344
0845182-62.2023.8.19.0002,2023,TJRJ,Niterói,PESSOA FÍSICA,,,ACORDO HOMOLOGADO,,,1977
0845800-59.2024.8.19.0038,2024,TJRJ,Nova Iguaçu,PESSOA FÍSICA,LIGHT SERVIÇOS DE ELETRICIDADE,Energia,ACORDO HOMOLOGADO,,,2288
0845806-77.2024.8.19.0002,2024,TJRJ,Niterói,PESSOA FÍSICA,TELEFONICA BRASIL,Telecomunicações,ACORDO HOMOLOGADO,,,7081
0845896-45.2022.8.19.0038,2022,TJRJ,Nova Iguaçu,PESSOA FÍSICA,REALIZE CREDITO,Banco e financeira,ACORDO HOMOLOGADO,,,2313
0845946-20.2025.8.19.0021,2025,TJRJ,Duque de Caxias,PESSOA FÍSICA,ITAU UNIBANCO,Banco e financeira,ACORDO HOMOLOGADO,,,829
0846305-50.2024.8.19.0038,2024,TJRJ,Nova Iguaçu,PESSOA FÍSICA,LIGHT SERVIÇOS DE ELETRICIDADE,Energia,ACORDO HOMOLOGADO,,,1349
0846409-76.2023.8.19.0038,2023,TJRJ,,,,,ACORDO HOMOLOGADO,,,2164
0846509-12.2019.8.15.2001,2019,TJPB,João Pessoa,PESSOA FÍSICA,ESTADO DA PARAIBA,Outros,IMPROCEDENTE,False,,6015
0846658-41.2023.8.19.0001,2023,TJRJ,Rio de Janeiro,PESSOA FÍSICA,,,EXTINTO SEM MÉRITO,False,,1584
0846722-78.2025.8.18.0140,2025,TJPI,Teresina,PESSOA FÍSICA,V A DE SOUSA SILVA,Outros,EXTINTO SEM MÉRITO,False,,1993
0846734-56.2019.8.10.0001,2019,TJMA,,PESSOA FÍSICA,GOL LINHAS AEREAS INTELIGENTES,Transporte aéreo,,,,3370
0846842-46.2024.8.19.0038,2024,TJRJ,,,,,ACORDO HOMOLOGADO,,,2316
0846852-61.2022.8.19.0038,2022,TJRJ,,,,,ACORDO HOMOLOGADO,,,1875
0847020-63.2022.8.19.0038,2022,TJRJ,Nova Iguaçu,PESSOA FÍSICA,AMERICANAS,Varejo e serviços,ACORDO HOMOLOGADO,,,2317
0847266-36.2023.8.19.0002,2023,TJRJ,Niterói,PESSOA FÍSICA,FRIGELAR COMERCIO E INDUSTRIA,Outros,ACORDO HOMOLOGADO,,,1939
0847419-24.2024.8.19.0038,2024,TJRJ,,,,,ACORDO HOMOLOGADO,,,2316
0847626-62.2024.8.15.2001,2024,TJPB,,,,,ACORDO HOMOLOGADO,,,2725
0847842-81.2024.8.19.0038,2024,TJRJ,Nova Iguaçu,PESSOA FÍSICA,LIGHT SERVIÇOS DE ELETRICIDADE,Energia,ACORDO HOMOLOGADO,,,2352
0848030-11.2022.8.10.0001,2022,TJMA,Ilha de São Luís,PESSOA FÍSICA,BANCO SANTANDER (BRASIL),Banco e financeira,EXTINTO SEM MÉRITO,False,,3364
0848030-74.2024.8.19.0038,2024,TJRJ,,,,,ACORDO HOMOLOGADO,,,2316
0848045-43.2024.8.19.0038,2024,TJRJ,Nova Iguaçu,PESSOA FÍSICA,LIGHT SERVIÇOS DE ELETRICIDADE,Energia,ACORDO HOMOLOGADO,,,1338
0848054-44.2024.8.15.2001,2024,TJPB,João Pessoa,PESSOA FÍSICA,BANCO ITAU CONSIGNADO,Banco e financeira,EXTINTO SEM MÉRITO,False,,3699
0848427-87.2024.8.19.0021,2024,TJRJ,Duque de Caxias,,,,ACORDO HOMOLOGADO,,,872
0848611-02.2022.8.15.2001,2022,TJPB,,,,,ACORDO HOMOLOGADO,,,856
0848856-37.2022.8.10.0001,2022,TJMA,Ilha de São Luís,PESSOA FÍSICA,BANCO SANTANDER (BRASIL),Banco e financeira,IMPROCEDENTE,False,1000.0,13289
0848898-81.2025.8.10.0001,2025,TJMA,,PESSOA FÍSICA,BANCO CELETEM,Banco e financeira,EXTINTO SEM MÉRITO,False,,10171
0849451-02.2024.8.19.0038,2024,TJRJ,Nova Iguaçu,PESSOA FÍSICA,,,ACORDO HOMOLOGADO,,,1588
0849669-15.2022.8.19.0001,2022,TJRJ,Rio de Janeiro,PESSOA FÍSICA,LIGHT SERVIÇOS DE ELETRICIDADE,Energia,ACORDO HOMOLOGADO,,,2233
0849682-39.2017.8.10.0001,2017,TJMA,Ilha de São Luís,PESSOA FÍSICA,COMPANHIA DE BEBIDAS BRASIL KIRIN,Outros,PARCIALMENTE PROCEDENTE,True,,5502
0850079-42.2024.8.19.0021,2024,TJRJ,Duque de Caxias,PESSOA FÍSICA,MERCADOLIVRE COM ATIVIDADES DE INTERNET,Varejo e serviços,ACORDO HOMOLOGADO,,,944
0850116-18.2024.8.19.0038,2024,TJRJ,Nova Iguaçu,PESSOA FÍSICA,BEL MICRO COMPUTADORES,Outros,ACORDO HOMOLOGADO,,,1600
0850158-48.2020.8.15.2001,2020,TJPB,,PESSOA FÍSICA,GOL LINHAS AEREAS,Transporte aéreo,ACORDO HOMOLOGADO,,,2119
0850284-20.2024.8.19.0038,2024,TJRJ,Nova Iguaçu,PESSOA FÍSICA,BANCO DO BRASIL,Banco e financeira,ACORDO HOMOLOGADO,,,2331
0850314-35.2025.8.19.0001,2025,TJRJ,Rio de Janeiro,PESSOA FÍSICA,AZUL LINHAS AEREAS BRASILEIRAS,Transporte aéreo,PROCEDENTE,True,6000.0,13311
0851074-09.2025.8.15.2001,2025,TJPB,João Pessoa,PESSOA FÍSICA,UBER DO BRASIL TECNOLOGIA,Outros,ACORDO HOMOLOGADO,,,1150
0851340-42.2024.8.19.0021,2024,TJRJ,Duque de Caxias,PESSOA FÍSICA,ÁGUAS DO RIO 4 SPE,Saneamento,ACORDO HOMOLOGADO,,,862
0851876-41.2019.8.10.0001,2019,TJMA,Ilha de São Luís,PESSOA JURÍDICA,ANDRADE JUNQUEIRA ARQUITETURA E CONSTRUCAO,Outros,IMPROCEDENTE,False,56900.0,13782
0851962-07.2022.8.10.0001,2022,TJMA,Ilha de São Luís,PESSOA FÍSICA,ISACK THIAGO ALVES SANTOS,Outros,EXTINTO SEM MÉRITO,False,,3905
0852068-32.2024.8.19.0038,2024,TJRJ,Nova Iguaçu,PESSOA FÍSICA,LIGHT SERVIÇOS DE ELETRICIDADE,Energia,ACORDO HOMOLOGADO,,,1603
0852446-31.2023.8.12.0001,2023,TJMS,Campo Grande,,,,PROCEDENTE,True,,10978
0852834-70.2022.8.19.0001,2022,TJRJ,Rio de Janeiro,PESSOA FÍSICA,LIGHT SERVIÇOS DE ELETRICIDADE,Energia,ACORDO HOMOLOGADO,,,1400
0853212-85.2016.8.10.0001,2016,TJMA,Ilha de São Luís,PESSOA FÍSICA,,,PARCIALMENTE PROCEDENTE,True,20000.0,9486
0853266-41.2022.8.10.0001,2022,TJMA,,PESSOA JURÍDICA,GOOGLE BRASIL INTERNET,Outros,ACORDO HOMOLOGADO,,,1847
0853278-94.2023.8.15.2001,2023,TJPB,João Pessoa,PESSOA FÍSICA,MERCADOLIVRE.COM ATIVIDADES DE INTERNET,Varejo e serviços,ACORDO HOMOLOGADO,,,3134
0853313-18.2015.8.20.5001,2015,TJRN,Natal,PESSOA FÍSICA,,,IMPROCEDENTE,False,,12758
0853629-62.2021.8.10.0001,2021,TJMA,,PESSOA FÍSICA,ABAMSP ASSOCIACAO BENEFICENTE DE AUXÍLIO MÚTUO AO SERVIDOR PÚBLICO,Outros,PARCIALMENTE PROCEDENTE,True,200.0,12728
0853660-14.2024.8.19.0038,2024,TJRJ,Nova Iguaçu,PESSOA FÍSICA,AZUL LINHAS AEREAS BRASILEIRAS,Transporte aéreo,ACORDO HOMOLOGADO,,,2355
0853814-78.2023.8.18.0140,2023,TJPI,Teresina,PESSOA FÍSICA,BANCO DO BRASIL,Banco e financeira,ACORDO HOMOLOGADO,,,2571
0853995-38.2025.8.15.2001,2025,TJPB,João Pessoa,PESSOA FÍSICA,NU PAGAMENTOS,Outros,ACORDO HOMOLOGADO,,,3168
0854087-79.2021.8.10.0001,2021,TJMA,Ilha de São Luís,PESSOA FÍSICA,EQUATORIAL MARANHÃO DISTRIBUIDORA DE ENERGIA,Energia,PARCIALMENTE PROCEDENTE,True,,18262
0854156-14.2021.8.10.0001,2021,TJMA,Ilha de São Luís,PESSOA FÍSICA,,,PROCEDENTE,True,948.0,6239
0854165-87.2022.8.19.0001,2022,TJRJ,Rio de Janeiro,PESSOA FÍSICA,NOVO GRAMACHO ENERGIA AMBIENTAL,Energia,EXTINTO SEM MÉRITO,False,,1237
0854212-30.2024.8.19.0021,2024,TJRJ,Duque de Caxias,PESSOA FÍSICA,CASH TIME PAY PRODUTOS E SERVICOS DIGITAIS,Outros,ACORDO HOMOLOGADO,,,875
0854446-38.2025.8.19.0001,2025,TJRJ,Rio de Janeiro,PESSOA FÍSICA,,,ACORDO HOMOLOGADO,,,943
0855108-22.2024.8.19.0038,2024,TJRJ,Nova Iguaçu,PESSOA FÍSICA,,,ACORDO HOMOLOGADO,,,1580
0855283-67.2024.8.19.0021,2024,TJRJ,Duque de Caxias,PESSOA FÍSICA,BANCO PAN,Banco e financeira,ACORDO HOMOLOGADO,,,1539
0855852-31.2024.8.19.0001,2024,TJRJ,Rio de Janeiro,PESSOA FÍSICA,LINHA AMARELA S A LAMSA,Outros,ACORDO HOMOLOGADO,,,2426
0855916-08.2020.8.15.2001,2020,TJPB,,PESSOA FÍSICA,,,ACORDO HOMOLOGADO,,,730
0856464-40.2023.8.19.0021,2023,TJRJ,Duque de Caxias,PESSOA FÍSICA,UNIAO DE LOJAS LEADER,Varejo e serviços,ACORDO HOMOLOGADO,,,1264
0856700-14.2022.8.15.2001,2022,TJPB,,PESSOA FÍSICA,INSTITUTOS PARAIBANOS DE EDUCACAO,Outros,ACORDO HOMOLOGADO,,,1783
0856757-44.2024.8.20.5001,2024,TJRN,Parnamirim,PESSOA JURÍDICA,YELUM SEGUROS,Seguros,PROCEDENTE,True,9658.69,20537
0857172-05.2024.8.19.0038,2024,TJRJ,Nova Iguaçu,PESSOA FÍSICA,BANCO ITAU,Banco e financeira,ACORDO HOMOLOGADO,,,1623
0857357-28.2022.8.19.0001,2022,TJRJ,I J,,,,EXTINTO SEM MÉRITO,False,,2180
0857674-10.2017.8.20.5001,2017,TJRN,Natal,PESSOA FÍSICA,CABO SERVIÇOS DE TELECOMUNICAÇÕES,Telecomunicações,IMPROCEDENTE,False,2700.0,11599
0857674-26.2022.8.19.0001,2022,TJRJ,Rio de Janeiro,PESSOA FÍSICA,NOVO GRAMACHO ENERGIA AMBIENTAL,Energia,EXTINTO SEM MÉRITO,False,,1708
0857780-85.2022.8.19.0001,2022,TJRJ,Rio de Janeiro,PESSOA FÍSICA,LIGHT SERVIÇOS DE ELETRICIDADE,Energia,ACORDO HOMOLOGADO,,,1461
0857953-95.2021.8.10.0001,2021,TJMA,,PESSOA FÍSICA,,,ACORDO HOMOLOGADO,,,2930
0858591-31.2021.8.10.0001,2021,TJMA,Ilha de São Luís,PESSOA FÍSICA,UNIAO NACIONAL DOS SERVIDORES PUBLICOS DO BRASIL E OUTROS,Poder público,ACORDO HOMOLOGADO,,,2555
0858638-19.2022.8.19.0001,2022,TJRJ,,,,,ACORDO HOMOLOGADO,,,72
0859080-82.2022.8.19.0001,2022,TJRJ,Rio de Janeiro,PESSOA FÍSICA,LIGHT SERVIÇOS DE ELETRICIDADE,Energia,ACORDO HOMOLOGADO,,,2237
0859132-10.2024.8.19.0001,2024,TJRJ,Rio de Janeiro,PESSOA FÍSICA,,,EXTINTO SEM MÉRITO,False,,1337
0859420-41.2024.8.19.0038,2024,TJRJ,,,,,ACORDO HOMOLOGADO,,,2316
0859912-33.2024.8.19.0038,2024,TJRJ,Nova Iguaçu,PESSOA FÍSICA,AGUAS DO RIO 1 SPE,Saneamento,ACORDO HOMOLOGADO,,,2334
0859960-65.2023.8.15.2001,2023,TJPB,João Pessoa,PESSOA FÍSICA,TAM LINHAS AEREAS,Transporte aéreo,ACORDO HOMOLOGADO,,,5883
0859971-31.2022.8.15.2001,2022,TJPB,,,,,ACORDO HOMOLOGADO,,,856
0860450-87.2023.8.15.2001,2023,TJPB,João Pessoa,PESSOA FÍSICA,BANCO BRADESCO,Banco e financeira,ACORDO HOMOLOGADO,,,4399
0860670-12.2024.8.19.0038,2024,TJRJ,Nova Iguaçu,PESSOA FÍSICA,AZUL LINHAS AEREAS BRASILEIRAS,Transporte aéreo,ACORDO HOMOLOGADO,,,1614
0860789-55.2022.8.19.0001,2022,TJRJ,Rio de Janeiro,PESSOA FÍSICA,TELEFONICA BRASIL,Telecomunicações,ACORDO HOMOLOGADO,,,1084
0861091-02.2024.8.19.0038,2024,TJRJ,,,,,ACORDO HOMOLOGADO,,,2316
0861236-29.2021.8.10.0001,2021,TJMA,,PESSOA FÍSICA,BANCO PAN,Banco e financeira,EXTINTO SEM MÉRITO,False,,1952
0861311-97.2023.8.10.0001,2023,TJMA,Ilha de São Luís,PESSOA FÍSICA,,,IMPROCEDENTE,False,,7320
0862168-60.2024.8.19.0001,2024,TJRJ,Rio de Janeiro,PESSOA FÍSICA,ITAU UNIBANCO,Banco e financeira,IMPROCEDENTE,False,5000.0,24087
0862771-32.2022.8.15.2001,2022,TJPB,João Pessoa,PESSOA FÍSICA,,,ACORDO HOMOLOGADO,,,1925
0863106-75.2022.8.10.0001,2022,TJMA,,PESSOA FÍSICA,KROTON EDUCACIONAL,Ensino,IMPROCEDENTE,False,20000.0,6724
0863114-03.2022.8.19.0001,2022,TJRJ,Rio de Janeiro,PESSOA FÍSICA,LIGHT SERVIÇOS DE ELETRICIDADE,Energia,ACORDO HOMOLOGADO,,,779
0863415-24.2023.8.14.0301,2023,TJPA,,,,,PROCEDENTE,True,4000.0,8288
0864240-69.2024.8.10.0001,2024,TJMA,,PESSOA FÍSICA,CEUMA - ASSOCIAÇÃO DE ENSINO SUPERIOR,Ensino,EXTINTO SEM MÉRITO,False,3000.0,3177
0864871-23.2023.8.15.2001,2023,TJPB,João Pessoa,PESSOA FÍSICA,HDI SEGUROS,Seguros,ACORDO HOMOLOGADO,,,1587
0865416-20.2024.8.19.0038,2024,TJRJ,Nova Iguaçu,PESSOA FÍSICA,LIGHT SERVIÇOS DE ELETRICIDADE,Energia,ACORDO HOMOLOGADO,,,2346
0865539-14.2022.8.14.0301,2022,TJPA,,PESSOA FÍSICA,NOME: ISCP - SOCIEDADE EDUCACIONAL,Ensino,EXTINTO SEM MÉRITO,False,,5082
0867108-30.2023.8.15.2001,2023,TJPB,João Pessoa,PESSOA FÍSICA,,,ACORDO HOMOLOGADO,,,3102
0867579-07.2023.8.19.0038,2023,TJRJ,,,,,ACORDO HOMOLOGADO,,,2164
0868217-40.2022.8.10.0001,2022,TJMA,Ilha de São Luís,PESSOA JURÍDICA,E C SANTOS,Outros,PROCEDENTE,True,237600.0,9068
0869699-23.2023.8.19.0038,2023,TJRJ,Nova Iguaçu,PESSOA FÍSICA,LIGHT SERVIÇOS DE ELETRICIDADE,Energia,ACORDO HOMOLOGADO,,,2295
0869747-45.2024.8.19.0038,2024,TJRJ,,PESSOA FÍSICA,BANCO CBSS,Banco e financeira,IMPROCEDENTE,False,,3285
0869899-93.2024.8.19.0038,2024,TJRJ,Nova Iguaçu,PESSOA FÍSICA,LIGHT SERVIÇOS DE ELETRICIDADE,Energia,ACORDO HOMOLOGADO,,,1013
0869991-08.2023.8.19.0038,2023,TJRJ,,,,,ACORDO HOMOLOGADO,,,2164
0870486-18.2024.8.19.0038,2024,TJRJ,Nova Iguaçu,PESSOA FÍSICA,TIM,Telecomunicações,ACORDO HOMOLOGADO,,,1587
0872076-30.2024.8.19.0038,2024,TJRJ,,,,,ACORDO HOMOLOGADO,,,2136
0873637-89.2024.8.19.0038,2024,TJRJ,,,,,ACORDO HOMOLOGADO,,,2136
0875358-11.2018.8.20.5001,2018,TJRN,Natal,PESSOA FÍSICA,BANCO ITAU CONSIGNADO,Banco e financeira,IMPROCEDENTE,False,,9067
0876947-45.2024.8.15.2001,2024,TJPB,João Pessoa,,,,EXTINTO SEM MÉRITO,False,,3093
0877550-93.2024.8.19.0001,2024,TJRJ,Rio de Janeiro,PESSOA FÍSICA,BANCO C6,Banco e financeira,ACORDO HOMOLOGADO,,,650
0877914-81.2021.8.14.0301,2021,TJPA,,PESSOA FÍSICA,,,IMPROCEDENTE,False,,7827
0878890-73.2019.8.15.2001,2019,TJPB,,PESSOA FÍSICA,BANCO BONSUCESSO,Banco e financeira,ACORDO HOMOLOGADO,,,1425
0879573-95.2024.8.19.0038,2024,TJRJ,,,,,ACORDO HOMOLOGADO,,,2136
0879638-90.2024.8.19.0038,2024,TJRJ,Nova Iguaçu,PESSOA FÍSICA,LIGHT SERVIÇOS DE ELETRICIDADE,Energia,ACORDO HOMOLOGADO,,,2345
0879959-43.2019.8.15.2001,2019,TJPB,,PESSOA FÍSICA,BV FINANCEIRA SA CREDITO FINANCIAMENTO E INVESTIMENTO,Banco e financeira,EXTINTO SEM MÉRITO,False,,1364
0882660-73.2024.8.19.0001,2024,TJRJ,Rio de Janeiro,PESSOA FÍSICA,TIM CELULAR,Telecomunicações,ACORDO HOMOLOGADO,,,3466
0888264-15.2024.8.19.0001,2024,TJRJ,Rio de Janeiro,PESSOA FÍSICA,C & FILHOS COMERCIO DE PRODUTOS NATURAIS,Outros,ACORDO HOMOLOGADO,,,1094
0888775-13.2024.8.19.0001,2024,TJRJ,Rio de Janeiro,PESSOA FÍSICA,BRADESCO SAUDE,Plano de saúde,ACORDO HOMOLOGADO,,,1153
0891363-04.2024.8.14.0301,2024,TJPA,,,,,IMPROCEDENTE,False,,11272
0891698-23.2024.8.14.0301,2024,TJPA,,PESSOA FÍSICA,,,PROCEDENTE,True,8000.0,8373
0894878-36.2024.8.19.0001,2024,TJRJ,Rio de Janeiro,PESSOA FÍSICA,MUNICIPIO DE RIO DE JANEIRO,Poder público,ACORDO HOMOLOGADO,,,921
0896164-49.2024.8.19.0001,2024,TJRJ,Rio de Janeiro,PESSOA FÍSICA,,,ACORDO HOMOLOGADO,,,896
0903061-93.2024.8.19.0001,2024,TJRJ,,,,,ACORDO HOMOLOGADO,,,72
0913186-86.2025.8.19.0001,2025,TJRJ,Rio de Janeiro,PESSOA FÍSICA,ÁGUAS DO RIO 4 SPE,Saneamento,IMPROCEDENTE,False,,9866
0916374-24.2024.8.19.0001,2024,TJRJ,Rio de Janeiro,PESSOA FÍSICA,BANCO DO BRASIL,Banco e financeira,EXTINTO SEM MÉRITO,False,,9203
0921082-20.2024.8.19.0001,2024,TJRJ,,,,,ACORDO HOMOLOGADO,,,72
0921784-63.2024.8.19.0001,2024,TJRJ,,,,,ACORDO HOMOLOGADO,,,72
0924994-88.2025.8.19.0001,2025,TJRJ,Rio de Janeiro,PESSOA FÍSICA,CONDOMINIO EDIFICIO ROZEN,Outros,PROCEDENTE,True,5000.0,7424
0934547-96.2024.8.19.0001,2024,TJRJ,Rio de Janeiro,PESSOA FÍSICA,SIMCAUTO MECANICA E REPRESENTACOES,Outros,ACORDO HOMOLOGADO,,,1184
0936731-25.2024.8.19.0001,2024,TJRJ,Rio de Janeiro,PESSOA FÍSICA,,,EXTINTO SEM MÉRITO,False,,872
0945422-28.2024.8.19.0001,2024,TJRJ,Rio de Janeiro,PESSOA FÍSICA,LIGHT SERVIÇOS DE ELETRICIDADE,Energia,ACORDO HOMOLOGADO,,,1549
0947983-25.2024.8.19.0001,2024,TJRJ,,PESSOA FÍSICA,ALLCARE ADMINISTRADORA DE BENEFICIOS SAO PAULO LT E CAIXA DE ASSISTENCIA A SAUDE- CABERJ,Banco e financeira,IMPROCEDENTE,False,,24070
0958593-18.2025.8.19.0001,2025,TJRJ,Rio de Janeiro,PESSOA FÍSICA,BANCO PAN,Banco e financeira,IMPROCEDENTE,False,,6297
0960960-49.2024.8.19.0001,2024,TJRJ,Rio de Janeiro,PESSOA FÍSICA,DISTRIBUIDORA RECORD DE SERVICOS DE IMPRENSA,Outros,ACORDO HOMOLOGADO,,,981
0962163-80.2023.8.19.0001,2023,TJRJ,Rio de Janeiro,PESSOA FÍSICA,,,ACORDO HOMOLOGADO,,,1824
0964184-92.2024.8.19.0001,2024,TJRJ,Rio de Janeiro,PESSOA FÍSICA,CRED - SYSTEM ADMINISTRADORA DE CARTOES DE CREDITO,Banco e financeira,ACORDO HOMOLOGADO,,,667
0965757-05.2023.8.19.0001,2023,TJRJ,Rio de Janeiro,PESSOA FÍSICA,MOLDAVITA BOUTIQUE E CONFECCAO,Outros,ACORDO HOMOLOGADO,,,646
0971021-66.2024.8.19.0001,2024,TJRJ,Rio de Janeiro,,,,ACORDO HOMOLOGADO,,,2019
1000010-12.2021.8.11.0098,2021,TJMT,,PESSOA FÍSICA,PAULISTA - SERVICOS DE RECEBIMENTOS E PAGAMENTOS,Outros,ACORDO HOMOLOGADO,,,6839
1000089-27.2021.8.11.0086,2021,TJMT,,PESSOA FÍSICA,T F DA SILVA RAMOS TELECOMUNICACOES E SISTEMAS,Telecomunicações,IMPROCEDENTE,False,,6461
1000090-26.2020.8.11.0028,2020,TJMT,,PESSOA FÍSICA,ENERGISA MATO GROSSO - DISTRIBUIDORA DE ENERGIA,Energia,EXTINTO SEM MÉRITO,False,,1364
1000179-59.2024.8.26.0394,2024,TJSP,Nova Odessa,PESSOA FÍSICA,ADIDAS DO BRASIL,Outros,PROCEDENTE,True,,11593
1000181-09.2022.8.26.0003,2022,TJSP,São Paulo,PESSOA FÍSICA,,,,,1450.0,2969
1000210-60.2021.8.11.0052,2021,TJMT,,PESSOA FÍSICA,BRADESCO VIDA E PREVIDENCIA,Banco e financeira,EXTINTO SEM MÉRITO,False,,2063
1000324-59.2020.8.11.0011,2020,TJMT,,PESSOA FÍSICA,SUL AMERICA COMPANHIA NACIONAL DE SEGUROS,Seguros,ACORDO HOMOLOGADO,,,1257
1000371-96.2021.8.11.0011,2021,TJMT,,PESSOA FÍSICA,BANCO FICSA,Banco e financeira,ACORDO HOMOLOGADO,,,1665
1000377-59.2023.8.11.0003,2023,TJMT,,,,,ACORDO HOMOLOGADO,,,2348
1000436-32.2023.8.11.0008,2023,TJMT,,PESSOA FÍSICA,,,ACORDO HOMOLOGADO,,,6154
1000497-13.2020.8.11.0002,2020,TJMT,,PESSOA FÍSICA,PAX NACIONAL PREVER SERVICOS POSTUMOS,Outros,ACORDO HOMOLOGADO,,,3480
1000502-65.2015.8.26.0431,2015,TJSP,Pederneiras,PESSOA FÍSICA,INCORPORADORA JAUENSE S.S,Outros,IMPROCEDENTE,False,,7247
1000523-58.2022.8.11.0093,2022,TJMT,,PESSOA JURÍDICA,,,ACORDO HOMOLOGADO,,,2344
1000575-81.2019.8.11.0021,2019,TJMT,Água Boa,,,,EXTINTO SEM MÉRITO,False,,1471
1000622-28.2020.8.11.0051,2020,TJMT,,PESSOA FÍSICA,VIVO,Telecomunicações,ACORDO HOMOLOGADO,,,2904
1000678-61.2020.8.11.0051,2020,TJMT,,,,,ACORDO HOMOLOGADO,,,5851
1000679-72.2022.8.11.0052,2022,TJMT,,PESSOA FÍSICA,ENERGISA MATO GROSSO DISTRIBUIDORA DE ENERGIA,Energia,ACORDO HOMOLOGADO,,,4998
1000711-40.2021.8.11.0011,2021,TJMT,,,,,IMPROCEDENTE,False,,5994
1000720-88.2019.8.11.0005,2019,TJMT,Diamantino,PESSOA FÍSICA,AGUAS DE DIAMANTINO,Saneamento,IMPROCEDENTE,False,,19080
1000777-74.2019.8.11.0048,2019,TJMT,Reclamante,,,,IMPROCEDENTE,False,,4914
1000875-71.2022.8.11.0010,2022,TJMT,,,,,ACORDO HOMOLOGADO,,,972
1000915-51.2021.8.11.0022,2021,TJMT,,PESSOA FÍSICA,MUNICIPIO DE PEDRA PRETA,Poder público,IMPROCEDENTE,False,,7629
1000916-36.2021.8.11.0022,2021,TJMT,,PESSOA FÍSICA,ESTADO DE MATO GROSSO,Poder público,IMPROCEDENTE,False,,8108
1000917-41.2019.8.11.0038,2019,TJMT,Araputanga,PESSOA FÍSICA,BANCO BRADESCO,Banco e financeira,IMPROCEDENTE,False,,4629
1000947-82.2024.8.26.0394,2024,TJSP,Nova Odessa,PESSOA FÍSICA,BANCO BRADESCO,Banco e financeira,IMPROCEDENTE,False,,9771
1001048-08.2024.8.26.0431,2024,TJSP,Pederneiras,PESSOA FÍSICA,COBUCCIO SOCIEDADE DE CRÉDITO DIRETO,Banco e financeira,IMPROCEDENTE,False,,7999
1001096-76.2021.8.11.0014,2021,TJMT,,PESSOA FÍSICA,A.C.R. FERREIRA,Outros,EXTINTO SEM MÉRITO,False,,1956
1001133-55.2021.8.11.0030,2021,TJMT,,PESSOA FÍSICA,,,ACORDO HOMOLOGADO,,,9745
1001237-57.2020.8.11.0038,2020,TJMT,Araputanga,PESSOA FÍSICA,BANCO BRADESCO,Banco e financeira,IMPROCEDENTE,False,,4737
1001387-13.2020.8.11.0111,2020,TJMT,,PESSOA FÍSICA,BANCO PAN,Banco e financeira,ACORDO HOMOLOGADO,,,1810
1001401-96.2021.8.11.0002,2021,TJMT,,PESSOA FÍSICA,,,ACORDO HOMOLOGADO,,,1193
1001412-63.2025.8.26.0004,2025,TJSP,São Paulo,PESSOA FÍSICA,TAM LINHAS AEREAS S/A (LATAM AIRLINES BRASIL),Transporte aéreo,PROCEDENTE,True,2000.0,5485
1001480-03.2020.8.11.0005,2020,TJMT,,PESSOA FÍSICA,BANCO LOSANGO S.A. - BANCO MULTIPLO,Banco e financeira,EXTINTO SEM MÉRITO,False,,1119
1001572-77.2022.8.11.0015,2022,TJMT,,,,,ACORDO HOMOLOGADO,,,1143
1001647-02.2020.8.11.0011,2020,TJMT,Mirassol D'oeste,,,,IMPROCEDENTE,False,,10392
1001757-98.2020.8.11.0011,2020,TJMT,,PESSOA FÍSICA,BANCO ITAU CONSIGNADO,Banco e financeira,IMPROCEDENTE,False,,3739
1001817-96.2024.8.26.0081,2024,TJSP,Adamantina,PESSOA FÍSICA,SERASA S.A. E OUTRO,Bureau de crédito,PARCIALMENTE PROCEDENTE,True,,18220
1001888-23.2022.8.11.0005,2022,TJMT,,,,,ACORDO HOMOLOGADO,,,5125
1001924-81.2021.8.11.0011,2021,TJMT,,PESSOA FÍSICA,BANCO SAFRA,Banco e financeira,ACORDO HOMOLOGADO,,,1281
1002007-81.2024.8.26.0300,2024,TJSP,Jardinópolis,PESSOA FÍSICA,BRADESCO AUTO/RE COMPANHIA DE SEGUROS E OUTRO,Banco e financeira,PROCEDENTE,True,4000.0,10529
1002034-96.2022.8.26.0506,2022,TJSP,Ribeirão Preto,PESSOA FÍSICA,MRV,Outros,PARCIALMENTE PROCEDENTE,True,2300.0,11534
1002096-43.2017.8.26.0529,2017,TJSP,Santana de Parnaíba,PESSOA FÍSICA,VIAÇÃO COMETA,Outros,IMPROCEDENTE,False,,4814
1002349-12.2019.8.26.0642,2019,TJSP,Ubatuba,PESSOA JURÍDICA,,,EXTINTO SEM MÉRITO,False,,10587
1002940-45.2022.8.11.0008,2022,TJMT,,PESSOA FÍSICA,,,ACORDO HOMOLOGADO,,,1527
1002994-72.2023.8.11.0041,2023,TJMT,,,,,ACORDO HOMOLOGADO,,,2094
1003044-89.2021.8.11.0002,2021,TJMT,,PESSOA FÍSICA,AVON COSMETICOS,Outros,ACORDO HOMOLOGADO,,,5913
1003049-33.2021.8.11.0028,2021,TJMT,,PESSOA FÍSICA,TELEFONICA BRASIL,Telecomunicações,IMPROCEDENTE,False,,8649
1003197-02.2022.8.26.0704,2022,TJSP,São Paulo,PESSOA FÍSICA,DECOLAR.COM,Outros,PROCEDENTE,True,4000.0,8785
1003234-08.2024.8.26.0462,2024,TJSP,Poá,PESSOA FÍSICA,,,IMPROCEDENTE,False,,7579
1003254-61.2024.8.26.0506,2024,TJSP,Ribeirão Preto,PESSOA FÍSICA,,,ACORDO HOMOLOGADO,,,1459
1003497-16.2019.8.26.0268,2019,TJSP,Itapecerica da Serra,PESSOA FÍSICA,R DE J SOUZA COMÉRCIO DE VEICULOS,Outros,PARCIALMENTE PROCEDENTE,True,1070.0,4540
1003522-66.2022.8.11.0001,2022,TJMT,,,,,ACORDO HOMOLOGADO,,3000.0,9896
1003609-41.2021.8.11.0006,2021,TJMT,,PESSOA FÍSICA,BANCO C6,Banco e financeira,EXTINTO SEM MÉRITO,False,,3953
1003704-58.2025.8.26.0024,2025,TJSP,Andradina,PESSOA FÍSICA,CHUBB SEGUROS BRASIL S.A. E OUTRO,Seguros,PARCIALMENTE PROCEDENTE,True,7000.0,14191
1004111-73.2020.8.11.0051,2020,TJMT,,PESSOA FÍSICA,,,ACORDO HOMOLOGADO,,,9456
1004615-46.2020.8.26.0024,2020,TJSP,Andradina,PESSOA FÍSICA,BOA VISTA SERVICOS,Bureau de crédito,IMPROCEDENTE,False,,6549
1004702-88.2020.8.11.0001,2020,TJMT,,PESSOA FÍSICA,,,ACORDO HOMOLOGADO,,,7611
1004756-78.2025.8.11.0001,2025,TJMT,,PESSOA FÍSICA,ABRASPREV ASSOCIACAO BRASILEIRA DOS CONTRIBUINTES DO REGIME GERAL DA PREVIDENCIA SOCIAL,Outros,EXTINTO SEM MÉRITO,False,,10865
1004805-12.2014.8.26.0576,2014,TJSP,São José do Rio Preto,PESSOA FÍSICA,,,EXTINTO SEM MÉRITO,False,,1153
1005011-64.2021.8.11.0037,2021,TJMT,,PESSOA FÍSICA,,,ACORDO HOMOLOGADO,,,6896
1005188-05.2022.8.11.0001,2022,TJMT,,PESSOA FÍSICA,GOL LINHAS AEREAS INTELIGENTES,Transporte aéreo,ACORDO HOMOLOGADO,,,8605
1005235-02.2021.8.11.0037,2021,TJMT,,PESSOA FÍSICA,,,ACORDO HOMOLOGADO,,4000.0,6152
1005774-69.2021.8.26.0224,2021,TJSP,Guarulhos,PESSOA FÍSICA,,,PARCIALMENTE PROCEDENTE,True,6000.0,4743
1005875-13.2021.8.11.0002,2021,TJMT,,PESSOA FÍSICA,,,ACORDO HOMOLOGADO,,3000.0,9880
1006110-82.2020.8.26.0006,2020,TJSP,São Paulo,PESSOA FÍSICA,CONDOMÍNIO EDÍFICIO FLÁVIA E OUTROS,Outros,PARCIALMENTE PROCEDENTE,True,2000.0,7398
1006656-04.2024.8.26.0005,2024,TJSP,São Paulo,PESSOA FÍSICA,SAMSUNG ELETRONICA DA AMAZONIA LTDA E OUTROS,Energia,PARCIALMENTE PROCEDENTE,True,,8878
1006675-44.2021.8.11.0001,2021,TJMT,,PESSOA FÍSICA,LOJAS AVENIDA,Varejo e serviços,IMPROCEDENTE,False,,8761
1006909-08.2023.8.26.0108,2023,TJSP,Cajamar,PESSOA FÍSICA,SUPERMERCADO OLIVEIRA CAMARGO,Varejo e serviços,IMPROCEDENTE,False,,6160
1007424-58.2021.8.11.0002,2021,TJMT,,PESSOA FÍSICA,,,IMPROCEDENTE,False,,3004
1007536-44.2020.8.11.0040,2020,TJMT,,PESSOA FÍSICA,EDITORA E DISTRIBUIDORA EDUCACIONAL,Ensino,IMPROCEDENTE,False,,3790
1007546-43.2020.8.11.0055,2020,TJMT,,,,,ACORDO HOMOLOGADO,,,499
1008097-20.2022.8.11.0001,2022,TJMT,,PESSOA FÍSICA,,,ACORDO HOMOLOGADO,,,5751
1008734-36.2020.8.11.0002,2020,TJMT,,PESSOA FÍSICA,BANCO DO BRASIL,Banco e financeira,ACORDO HOMOLOGADO,,,1347
1008835-13.2019.8.11.0001,2019,TJMT,,PESSOA FÍSICA,,,ACORDO HOMOLOGADO,,,966
1008885-28.2022.8.11.0003,2022,TJMT,,PESSOA FÍSICA,,,ACORDO HOMOLOGADO,,,8163
1009148-35.2021.8.11.0055,2021,TJMT,,PESSOA FÍSICA,,,IMPROCEDENTE,False,3000.0,13215
1009760-72.2020.8.11.0001,2020,TJMT,,PESSOA FÍSICA,SET2RS SERVICOS E DIVERTIMENTO,Outros,EXTINTO SEM MÉRITO,False,,4336
1010005-25.2021.8.26.0068,2021,TJSP,Barueri,PESSOA FÍSICA,BOA VISTA SERVICOS,Bureau de crédito,ACORDO HOMOLOGADO,,,1105
1010437-44.2021.8.26.0068,2021,TJSP,Barueri,PESSOA FÍSICA,BOA VISTA SERVIÇOS S.A. - SCPC,Bureau de crédito,PROCEDENTE,True,,8347
1010532-30.2023.8.11.0001,2023,TJMT,,PESSOA FÍSICA,ÁGUAS CUIABÁ S.A. - CONCESSIONÁRIA DE SERVIÇOS PÚBLICOS DE ÁGUA E ESGOTO,Saneamento,IMPROCEDENTE,False,,8861
1011143-33.2018.8.26.0100,2018,TJSP,São Paulo,PESSOA JURÍDICA,GOOGLE BRASIL INTERNET LTDA E OUTROS,Outros,,,,4996
1011540-55.2015.8.26.0405,2015,TJSP,São Paulo,PESSOA FÍSICA,,,ACORDO HOMOLOGADO,,,1226
1012827-08.2021.8.11.0002,2021,TJMT,,PESSOA FÍSICA,,,IMPROCEDENTE,False,5000.0,10250
1014786-72.2020.8.26.0344,2020,TJSP,Marília,PESSOA FÍSICA,IFARO SISTEMA E GESTÃO TECNOLÓGICAS,Outros,IMPROCEDENTE,False,,8603
1017942-10.2021.8.11.0002,2021,TJMT,,PESSOA FÍSICA,GOL LINHAS AEREAS INTELIGENTES,Transporte aéreo,EXTINTO SEM MÉRITO,False,,1834
1018544-78.2021.8.11.0041,2021,TJMT,,,,,EXTINTO SEM MÉRITO,False,,2013
1018555-88.2021.8.11.0015,2021,TJMT,,,,,EXTINTO SEM MÉRITO,False,,2102
1018585-65.2021.8.11.0002,2021,TJMT,,PESSOA FÍSICA,ITAPEVA VII MULTICARTEIRA FUNDO DE INVESTIMENTO EM DIREITOS CREDITORIOS NAO-PADRONIZADOS,Banco e financeira,PARCIALMENTE PROCEDENTE,True,,8094
1019054-72.2021.8.11.0015,2021,TJMT,,PESSOA FÍSICA,APPLE COMPUTER BRASIL,Outros,IMPROCEDENTE,False,,6665
1019335-28.2021.8.11.0015,2021,TJMT,,PESSOA FÍSICA,,,ACORDO HOMOLOGADO,,,1115
1021832-23.2022.8.11.0001,2022,TJMT,,PESSOA FÍSICA,MUNICIPIO DE CUIABÁ,Poder público,EXTINTO SEM MÉRITO,False,,1930
1024627-70.2020.8.11.0001,2020,TJMT,,PESSOA FÍSICA,ENERGISA MATO GROSSO - DISTRIBUIDORA DE ENERGIA,Energia,ACORDO HOMOLOGADO,,1736.0,11651
1025327-27.2024.8.26.0506,2024,TJSP,Ribeirão Preto,PESSOA FÍSICA,,,IMPROCEDENTE,False,,4088
1026308-05.2023.8.26.0114,2023,TJSP,Campinas,PESSOA FÍSICA,AEROLINEAS ARGENTINAS,Transporte aéreo,PROCEDENTE,True,365.47,16148
1026734-20.2023.8.26.0016,2023,TJSP,São Paulo,PESSOA FÍSICA,TAM LINHAS AEREAS S/A (LATAM AIRLINES BRASIL),Transporte aéreo,PROCEDENTE,True,1600.0,6956
1030787-74.2021.8.11.0002,2021,TJMT,Uso das Vias Judiciais Ordinárias de Cobrança,PESSOA FÍSICA,,,ACORDO HOMOLOGADO,,,15775
1031084-18.2020.8.11.0002,2020,TJMT,,PESSOA FÍSICA,BANCO CSF,Banco e financeira,ACORDO HOMOLOGADO,,,6833
1031337-54.2018.8.11.0041,2018,TJMT,,PESSOA FÍSICA,BANCO PAN,Banco e financeira,IMPROCEDENTE,False,,6616
1035483-93.2020.8.11.0001,2020,TJMT,,PESSOA FÍSICA,KROTON EDUCACIONAL S/A E OUTROS,Ensino,EXTINTO SEM MÉRITO,False,,2595
1037974-05.2022.8.11.0001,2022,TJMT,,PESSOA FÍSICA,BANCO ITAUCARD,Banco e financeira,IMPROCEDENTE,False,,5439
1040197-28.2022.8.11.0001,2022,TJMT,,PESSOA FÍSICA,BANCO PAN,Banco e financeira,EXTINTO SEM MÉRITO,False,,4765
1040552-72.2021.8.11.0001,2021,TJMT,,PESSOA FÍSICA,,,IMPROCEDENTE,False,10000.0,44034
1041518-35.2021.8.11.0001,2021,TJMT,,PESSOA FÍSICA,NORSA REFRIGERANTES S.A E OUTROS,Outros,EXTINTO SEM MÉRITO,False,,2582
1042805-73.2022.8.26.0100,2022,TJSP,São Paulo,PESSOA FÍSICA,AMAZON.COM - AMAZON SERVIÇOS DE VAREJO DO BRASIL,Outros,IMPROCEDENTE,False,,7339
1043220-61.2019.8.26.0100,2019,TJSP,São Paulo,PESSOA FÍSICA,BOA VISTA SERVICOS,Bureau de crédito,IMPROCEDENTE,False,,15599
1043361-96.2023.8.26.0114,2023,TJSP,Campinas,PESSOA FÍSICA,TAM LINHAS AEREAS S/A (LATAM AIRLINES BRASIL),Transporte aéreo,PROCEDENTE,True,10000.0,15935
1045591-90.2022.8.11.0041,2022,TJMT,,,,,ACORDO HOMOLOGADO,,,1207
1046578-86.2021.8.11.0001,2021,TJMT,,PESSOA FÍSICA,PRIVALIA SERVICOS DE INFORMACAO,Outros,ACORDO HOMOLOGADO,,,1251
1046766-16.2020.8.11.0001,2020,TJMT,,PESSOA FÍSICA,BANCO BMG,Banco e financeira,ACORDO HOMOLOGADO,,,2019
1047963-69.2021.8.11.0001,2021,TJMT,,PESSOA FÍSICA,HOEPERS RECUPERADORA DE CREDITO,Banco e financeira,IMPROCEDENTE,False,,13763
1048237-78.2019.8.26.0100,2019,TJSP,São Paulo,PESSOA FÍSICA,TELEFONICA BRASIL,Telecomunicações,EXTINTO SEM MÉRITO,False,,1364
1048950-71.2022.8.11.0001,2022,TJMT,,PESSOA FÍSICA,SOROCRED - CREDITO,Banco e financeira,PARCIALMENTE PROCEDENTE,True,,4740
1049261-33.2020.8.11.0001,2020,TJMT,,PESSOA FÍSICA,COOPERATIVA DE CREDITO DE LIVRE ADMISSAO UNIAO E NEGOCIOS - SICOOB INTEGRACAO,Banco e financeira,IMPROCEDENTE,False,,4565
1051684-92.2022.8.11.0001,2022,TJMT,,PESSOA FÍSICA,TELEFONICA BRASIL,Telecomunicações,EXTINTO SEM MÉRITO,False,,2733
1052244-50.2018.8.26.0100,2018,TJSP,São Paulo,PESSOA JURÍDICA,GOOGLE BRASIL INTERNET,Outros,EXTINTO SEM MÉRITO,False,,1185
1057815-91.2017.8.26.0114,2017,TJSP,Taubaté,PESSOA FÍSICA,TELEFONICA BRASIL,Telecomunicações,ACORDO HOMOLOGADO,,,21799
1059343-55.2022.8.11.0001,2022,TJMT,,PESSOA FÍSICA,IBERIA LINEAS AEREAS DE ESPANA,Transporte aéreo,ACORDO HOMOLOGADO,,4000.0,10567
1066558-34.2024.8.26.0506,2024,TJSP,Ribeirão Preto,PESSOA FÍSICA,SUL AMÉRICA SEGUROS DE PESSOAS E PREVIDÊNCIA S.A. E OUTRO,Seguros,EXTINTO SEM MÉRITO,False,,1247
1071170-69.2024.8.26.0100,2024,TJSP,São Paulo,PESSOA FÍSICA,FACEBOOK SERVICOS ONLINE DO BRASIL,Outros,PARCIALMENTE PROCEDENTE,True,,7841
1084144-80.2020.8.26.0100,2020,TJSP,São Paulo,PESSOA FÍSICA,,,EXTINTO SEM MÉRITO,False,,3279
1090872-69.2022.8.26.0100,2022,TJSP,São Paulo,PESSOA FÍSICA,,,IMPROCEDENTE,False,30000.0,19999
3000004-88.2022.8.06.0125,2022,TJCE,Missão Velha,PESSOA FÍSICA,COMPANHIA DE SEGUROS PREVIDENCIA DO SUL,Seguros,ACORDO HOMOLOGADO,,,1818
3000009-72.2021.8.06.0052,2021,TJCE,Brejo Santo,,,,EXTINTO SEM MÉRITO,False,,1321
3000014-38.2023.8.06.0145,2023,TJCE,Pereiro,PESSOA FÍSICA,SEBRASEG CLUBE DE BENEFICIOS,Outros,ACORDO HOMOLOGADO,,,1357
3000015-57.2024.8.06.0090,2024,TJCE,Icó,PESSOA FÍSICA,,,EXTINTO SEM MÉRITO,False,,3380
3000016-09.2020.8.06.0114,2020,TJCE,,PESSOA FÍSICA,VIAÇÃO ITAPEMIRIM,Outros,IMPROCEDENTE,False,,10188
3000021-74.2022.8.06.0174,2022,TJCE,Viçosa do Ceará,,,,EXTINTO SEM MÉRITO,False,,4434
3000022-46.2024.8.06.0091,2024,TJCE,Iguatu,PESSOA FÍSICA,GOL LINHAS AEREAS,Transporte aéreo,IMPROCEDENTE,False,,9120
3000022-52.2021.8.06.0220,2021,TJCE,Outras Sanções Previstas Em Lei,PESSOA FÍSICA,HAPVIDA ASSISTENCIA MEDICA,Plano de saúde,IMPROCEDENTE,False,4606.24,6883
3000027-30.2023.8.06.0018,2023,TJCE,Fortaleza,PESSOA FÍSICA,,,IMPROCEDENTE,False,,5135
3000027-31.2024.8.06.0168,2024,TJCE,Solonópole,PESSOA FÍSICA,CORREA BACK MOVEIS E ELETRODOMESTICOS,Energia,EXTINTO SEM MÉRITO,False,,2504
3000035-55.2022.8.06.0175,2022,TJCE,Trairi,PESSOA FÍSICA,BANCO DO BRASIL,Banco e financeira,EXTINTO SEM MÉRITO,False,,2473
3000037-45.2024.8.06.0081,2024,TJCE,Granja,PESSOA FÍSICA,,,ACORDO HOMOLOGADO,,,2699
3000038-34.2024.8.06.0112,2024,TJCE,Juazeiro do Norte,PESSOA FÍSICA,,,,,,2293
3000045-90.2022.8.06.0081,2022,TJCE,Granja,PESSOA FÍSICA,BANCO PAN,Banco e financeira,IMPROCEDENTE,False,,7528
3000048-25.2021.8.06.0099,2021,TJCE,Itaitinga,,,,PROCEDENTE,True,4000.0,14232
3000050-73.2023.8.06.0018,2023,TJCE,Fortaleza,PESSOA FÍSICA,FORTACAP,Outros,IMPROCEDENTE,False,,4143
3000056-52.2024.8.06.0113,2024,TJCE,,PESSOA FÍSICA,L E A ENERGIAS RENOVAVEIS E ENGENHARIA,Energia,PROCEDENTE,True,5978.11,14943
3000061-13.2022.8.06.0156,2022,TJCE,Redenção,PESSOA FÍSICA,BANCO ITAU BMG CONSIGNADO,Banco e financeira,EXTINTO SEM MÉRITO,False,,2471
3000065-74.2025.8.06.0114,2025,TJCE,Lavras da Mangabeira,PESSOA FÍSICA,,,ACORDO HOMOLOGADO,,,2486
3000069-83.2024.8.06.0070,2024,TJCE,Crateús,,,,IMPROCEDENTE,False,,8272
3000074-85.2022.8.06.0164,2022,TJCE,São Gonçalo do Amarante,PESSOA FÍSICA,BANCO BRADESCO,Banco e financeira,EXTINTO SEM MÉRITO,False,,11044
3000090-96.2024.8.06.0090,2024,TJCE,Icó,PESSOA FÍSICA,,,ACORDO HOMOLOGADO,,,1834
3000091-91.2025.8.06.0043,2025,TJCE,Barbalha,,,,ACORDO HOMOLOGADO,,,1445
3000098-89.2022.8.06.0172,2022,TJCE,Tauá,PESSOA FÍSICA,,,EXTINTO SEM MÉRITO,False,,3253
3000099-76.2017.8.06.0131,2017,TJCE,,,,,ACORDO HOMOLOGADO,,,2925
3000107-10.2024.8.06.0163,2024,TJCE,São Benedito,,,,ACORDO HOMOLOGADO,,,879
3000107-73.2022.8.06.0100,2022,TJCE,Itapajé,PESSOA FÍSICA,BANCO PAN,Banco e financeira,IMPROCEDENTE,False,,9195
3000109-72.2023.8.06.0176,2023,TJCE,Ubajara,PESSOA FÍSICA,BINCLUB SERVICOS DE ADMINISTRACAO E DE PROGRAMAS DE FIDELIDADE,Outros,ACORDO HOMOLOGADO,,,2102
3000119-89.2025.8.06.0130,2025,TJCE,Mucambo,PESSOA FÍSICA,,,EXTINTO SEM MÉRITO,False,,1399
3000120-84.2023.8.06.0020,2023,TJCE,Fortaleza,PESSOA FÍSICA,BANCO BRADESCO,Banco e financeira,EXTINTO SEM MÉRITO,False,,5912
3000123-07.2024.8.06.0181,2024,TJCE,Várzea Alegre,PESSOA FÍSICA,BANCO SANTANDER,Banco e financeira,ACORDO HOMOLOGADO,,,4385
3000123-29.2025.8.06.0130,2025,TJCE,Mucambo,PESSOA FÍSICA,,,EXTINTO SEM MÉRITO,False,,1366
3000127-12.2023.8.06.0106,2023,TJCE,,PESSOA FÍSICA,BANCO ITAU BMG CONSIGNADO,Banco e financeira,ACORDO HOMOLOGADO,,,4393
3000128-45.2023.8.06.0090,2023,TJCE,Icó,PESSOA FÍSICA,,,IMPROCEDENTE,False,,9026
3000136-67.2023.8.06.0075,2023,TJCE,Eusébio,,,,ACORDO HOMOLOGADO,,,4462
3000143-91.2023.8.06.0032,2023,TJCE,Amontada,PESSOA FÍSICA,,,ACORDO HOMOLOGADO,,,8660
3000144-75.2021.8.06.0152,2021,TJCE,Quixadá,PESSOA FÍSICA,BANCO ITAÚ CONSIGNADO S/A E OUTROS,Banco e financeira,IMPROCEDENTE,False,,43254
3000146-21.2024.8.06.0029,2024,TJCE,,,,,IMPROCEDENTE,False,,7277
3000152-38.2022.8.06.0113,2022,TJCE,Juazeiro do Norte,PESSOA FÍSICA,,,ACORDO HOMOLOGADO,,,7470
3000152-70.2024.8.06.0015,2024,TJCE,,,,,IMPROCEDENTE,False,,10163
3000161-98.2022.8.06.0145,2022,TJCE,Pereiro,PESSOA FÍSICA,BANCO SANTANDER (BRASIL),Banco e financeira,IMPROCEDENTE,False,,4462
3000163-68.2022.8.06.0145,2022,TJCE,Pereiro,PESSOA FÍSICA,BANCO OLÉ BONSUCESSO CONSIGNADO,Banco e financeira,IMPROCEDENTE,False,,4301
3000166-88.2021.8.06.0167,2021,TJCE,Sobral,PESSOA FÍSICA,,,ACORDO HOMOLOGADO,,,2729
3000180-59.2023.8.06.0181,2023,TJCE,Várzea Alegre,PESSOA FÍSICA,BANCO CETELEM,Banco e financeira,IMPROCEDENTE,False,,16361
3000183-48.2024.8.06.0029,2024,TJCE,,PESSOA FÍSICA,REU: BANCO BRADESCO FINANCIAMENTOS,Banco e financeira,EXTINTO SEM MÉRITO,False,,1411
3000191-79.2023.8.06.0087,2023,TJCE,Ibiapina,PESSOA FÍSICA,,,EXTINTO SEM MÉRITO,False,,1361
3000192-51.2022.8.06.0038,2022,TJCE,Araripe,,,,ACORDO HOMOLOGADO,,,1944
3000193-80.2023.8.06.0109,2023,TJCE,Jardim,PESSOA FÍSICA,BANCO DO BRASIL,Banco e financeira,IMPROCEDENTE,False,,9816
3000200-33.2022.8.06.0004,2022,TJCE,Fortaleza,PESSOA FÍSICA,BANCO MERCANTIL DO BRASIL,Banco e financeira,ACORDO HOMOLOGADO,,,8566
3000207-07.2023.8.06.0031,2023,TJCE,Alto Santo,,,,ACORDO HOMOLOGADO,,,2140
3000207-76.2024.8.06.0126,2024,TJCE,Mombaça,,,,ACORDO HOMOLOGADO,,,1819
3000209-25.2021.8.06.0167,2021,TJCE,Sobral,PESSOA FÍSICA,,,ACORDO HOMOLOGADO,,,1444
3000213-96.2025.8.06.0175,2025,TJCE,Trairi,PESSOA FÍSICA,,,EXTINTO SEM MÉRITO,False,,1691
3000216-19.2025.8.06.0121,2025,TJCE,,,,,IMPROCEDENTE,False,,9755
3000220-04.2025.8.06.0009,2025,TJCE,,PESSOA FÍSICA,,,PARCIALMENTE PROCEDENTE,True,1858.8,8449
3000222-10.2023.8.06.0052,2023,TJCE,Brejo Santo,,,,EXTINTO SEM MÉRITO,False,,2831
3000228-60.2024.8.06.0091,2024,TJCE,Iguatu,PESSOA FÍSICA,BANCO DO BRASIL,Banco e financeira,EXTINTO SEM MÉRITO,False,,3383
3000233-71.2023.8.06.0300,2023,TJCE,Jucás,PESSOA FÍSICA,BANCO ITAU CONSIGNADO,Banco e financeira,EXTINTO SEM MÉRITO,False,,1901
3000234-93.2023.8.06.0029,2023,TJCE,,PESSOA FÍSICA,BANCO BRADESCO,Banco e financeira,IMPROCEDENTE,False,,6763
3000236-37.2024.8.06.0091,2024,TJCE,Iguatu,,,,EXTINTO SEM MÉRITO,False,,2089
3000238-16.2020.8.06.0004,2020,TJCE,Fortaleza,PESSOA FÍSICA,,,EXTINTO SEM MÉRITO,False,,1325
3000241-97.2025.8.06.0067,2025,TJCE,,,,,IMPROCEDENTE,False,,10498
3000249-53.2023.8.06.0032,2023,TJCE,Amontada,PESSOA FÍSICA,BANCO BMG,Banco e financeira,IMPROCEDENTE,False,,4297
3000251-26.2023.8.06.0031,2023,TJCE,Alto Santo,,,,EXTINTO SEM MÉRITO,False,,2773
3000251-87.2024.8.06.0161,2024,TJCE,Santana do Acaraú,,,,EXTINTO SEM MÉRITO,False,,3118
3000252-11.2023.8.06.0031,2023,TJCE,Alto Santo,,,,EXTINTO SEM MÉRITO,False,,6823
3000266-08.2021.8.06.0114,2021,TJCE,,PESSOA FÍSICA,COMPANHIA ENERGÉTICA DO CEARÁ,Energia,IMPROCEDENTE,False,,6055
3000273-82.2025.8.06.0009,2025,TJCE,,PESSOA FÍSICA,PRAVALER,Outros,EXTINTO SEM MÉRITO,False,,1719
3000275-26.2022.8.06.0181,2022,TJCE,Várzea Alegre,PESSOA FÍSICA,BANCO BMG,Banco e financeira,IMPROCEDENTE,False,917.22,19835
3000277-45.2025.8.06.0066,2025,TJCE,Cedro,PESSOA FÍSICA,,,EXTINTO SEM MÉRITO,False,,1899
3000281-59.2025.8.06.0009,2025,TJCE,,,,,PROCEDENTE,True,1000.0,12450
3000282-31.2021.8.06.0091,2021,TJCE,,,,,ACORDO HOMOLOGADO,,,1564
3000291-65.2024.8.06.0130,2024,TJCE,Mucambo,PESSOA FÍSICA,,,IMPROCEDENTE,False,,7074
3000291-85.2023.8.06.0070,2023,TJCE,Crateús,PESSOA FÍSICA,RÉU: TELEFONICA BRASIL,Telecomunicações,IMPROCEDENTE,False,,8369
3000294-60.2023.8.06.0031,2023,TJCE,Alto Santo,,,,ACORDO HOMOLOGADO,,,2120
3000312-98.2023.8.06.0090,2023,TJCE,Icó,PESSOA FÍSICA,,,IMPROCEDENTE,False,,8961
3000320-25.2024.8.06.0160,2024,TJCE,Santa Quitéria,PESSOA FÍSICA,ACOLHER - ASSOCIACAO DE PROTECAO E DEFESA DOS DIREITOS DOS APOSENTADOS E PENSIONISTAS,Outros,ACORDO HOMOLOGADO,,,2933
3000324-91.2021.8.06.0152,2021,TJCE,Quixadá,PESSOA FÍSICA,BANCO BRADESCO,Banco e financeira,EXTINTO SEM MÉRITO,False,,4428
3000331-43.2024.8.06.0002,2024,TJCE,Fortaleza,PESSOA FÍSICA,C.B.FORTALEZA - COMÉRCIO DE PEÇAS E PNEUS,Outros,ACORDO HOMOLOGADO,,,3066
3000335-33.2023.8.06.0029,2023,TJCE,,PESSOA FÍSICA,BANCO BRADESCO,Banco e financeira,IMPROCEDENTE,False,,6653
3000336-15.2019.8.06.0043,2019,TJCE,Barbalha,,,,EXTINTO SEM MÉRITO,False,,3249
3000363-52.2024.8.06.0130,2024,TJCE,Mucambo,PESSOA FÍSICA,,,EXTINTO SEM MÉRITO,False,,1377
3000365-33.2025.8.06.0018,2025,TJCE,Fortaleza,PESSOA FÍSICA,UNIVERSO ONLINE,Outros,IMPROCEDENTE,False,,9435
3000372-08.2024.8.06.0035,2024,TJCE,,,,,IMPROCEDENTE,False,,15953
3000376-87.2021.8.06.0152,2021,TJCE,Quixadá,PESSOA FÍSICA,,,EXTINTO SEM MÉRITO,False,,2857
3000378-61.2024.8.06.0246,2024,TJCE,Juazeiro do Norte,PESSOA FÍSICA,AZUL LINHAS AEREAS BRASILEIRAS,Transporte aéreo,PARCIALMENTE PROCEDENTE,True,2000.0,9242
3000391-35.2024.8.06.0028,2024,TJCE,,,,,IMPROCEDENTE,False,,3206
3000396-27.2023.8.06.0114,2023,TJCE,,,,,EXTINTO SEM MÉRITO,False,,8365
3000400-05.2024.8.06.0090,2024,TJCE,Icó,PESSOA FÍSICA,,,ACORDO HOMOLOGADO,,,1847
3000402-61.2024.8.06.0029,2024,TJCE,,PESSOA FÍSICA,REU: BANCO PAN,Banco e financeira,IMPROCEDENTE,False,,3251
3000415-76.2021.8.06.0090,2021,TJCE,Icó,,,,IMPROCEDENTE,False,,19942
3000418-89.2024.8.06.0069,2024,TJCE,,,,,EXTINTO SEM MÉRITO,False,,4782
3000424-56.2025.8.06.0071,2025,TJCE,Crato,PESSOA FÍSICA,,,IMPROCEDENTE,False,,6554
3000441-23.2023.8.06.0246,2023,TJCE,Juazeiro do Norte,,,,EXTINTO SEM MÉRITO,False,2666.42,6353
3000441-78.2025.8.06.0011,2025,TJCE,,PESSOA FÍSICA,,,PROCEDENTE,True,29391.28,11958
3000444-83.2023.8.06.0114,2023,TJCE,,,,,EXTINTO SEM MÉRITO,False,,8349
3000452-79.2025.8.06.0182,2025,TJCE,,PESSOA FÍSICA,BANCO PAN,Banco e financeira,IMPROCEDENTE,False,,13733
3000460-84.2023.8.06.0163,2023,TJCE,São Benedito,,,,PROCEDENTE,True,5000.0,6692
3000469-85.2024.8.06.0171,2024,TJCE,Tauá,PESSOA FÍSICA,,,ACORDO HOMOLOGADO,,,2845
3000471-74.2025.8.06.0121,2025,TJCE,Massapê,PESSOA FÍSICA,BANCO BRADESCO,Banco e financeira,IMPROCEDENTE,False,,8537
3000487-30.2024.8.06.0067,2024,TJCE,Chaval,PESSOA FÍSICA,REU: ACOLHER - ASSOCIACAO DE PROTECAO E DEFESA DOS DIREITOS DOS APOSENTADOS E PENSIONISTAS,Outros,EXTINTO SEM MÉRITO,False,,8277
3000497-30.2024.8.06.0017,2024,TJCE,,PESSOA FÍSICA,WMS SUPERMERCADOS DO BRASIL,Varejo e serviços,PARCIALMENTE PROCEDENTE,True,5000.0,10184
3000518-64.2023.8.06.0009,2023,TJCE,,PESSOA FÍSICA,TELEFONICA BRASIL,Telecomunicações,EXTINTO SEM MÉRITO,False,,3266
3000523-45.2022.8.06.0034,2022,TJCE,,,,,PARCIALMENTE PROCEDENTE,True,,11993
3000526-29.2023.8.06.0013,2023,TJCE,Fortaleza,,,,EXTINTO SEM MÉRITO,False,,5363
3000534-74.2024.8.06.0173,2024,TJCE,,PESSOA FÍSICA,,,IMPROCEDENTE,False,,15548
3000539-64.2022.8.06.0174,2022,TJCE,,,,,ACORDO HOMOLOGADO,,,1268
3000554-48.2024.8.06.0114,2024,TJCE,Lavras da Mangabeira,PESSOA FÍSICA,BANCO ITAU CONSIGNADO,Banco e financeira,IMPROCEDENTE,False,,16085
3000555-74.2022.8.06.0220,2022,TJCE,Fortaleza,PESSOA FÍSICA,,,IMPROCEDENTE,False,,10937
3000560-16.2023.8.06.0300,2023,TJCE,Jucás,PESSOA FÍSICA,BANCO DAYCOVAL,Banco e financeira,EXTINTO SEM MÉRITO,False,,2379
3000563-77.2019.8.06.0019,2019,TJCE,,PESSOA FÍSICA,BANCO DO NORDESTE DO BRASIL,Banco e financeira,PROCEDENTE,True,7000.0,17174
3000581-09.2025.8.06.0013,2025,TJCE,Fortaleza,,,,EXTINTO SEM MÉRITO,False,,1881
3000595-67.2023.8.06.0011,2023,TJCE,,PESSOA FÍSICA,,,IMPROCEDENTE,False,,22191
3000595-69.2025.8.06.0020,2025,TJCE,Fortaleza,PESSOA FÍSICA,UBER DO BRASIL TECNOLOGIA,Outros,IMPROCEDENTE,False,,13507
3000608-85.2022.8.06.0113,2022,TJCE,,PESSOA FÍSICA,SUDRI PARTICIPACOES,Outros,ACORDO HOMOLOGADO,,,5414
3000618-30.2024.8.06.0091,2024,TJCE,Iguatu,PESSOA FÍSICA,,,IMPROCEDENTE,False,,5095
3000623-44.2024.8.06.0029,2024,TJCE,,PESSOA FÍSICA,REU: BANCO PAN,Banco e financeira,EXTINTO SEM MÉRITO,False,,2293
3000624-40.2024.8.06.0090,2024,TJCE,Icó,PESSOA FÍSICA,,,ACORDO HOMOLOGADO,,,5143
3000633-35.2021.8.06.0016,2021,TJCE,Fortaleza,,,,EXTINTO SEM MÉRITO,False,,3437
3000649-33.2019.8.06.0024,2019,TJCE,Fortaleza,PESSOA FÍSICA,CONDOMÍNIO EDIFÍCIO CRUZEIRO DO SUL,Outros,IMPROCEDENTE,False,,3856
3000651-17.2025.8.06.0113,2025,TJCE,,PESSOA FÍSICA,EMPREENDIMENTOS PAGUE MENOS,Outros,IMPROCEDENTE,False,,6045
3000653-55.2023.8.06.0016,2023,TJCE,Fortaleza,,,,EXTINTO SEM MÉRITO,False,,1696
3000658-49.2023.8.06.0090,2023,TJCE,,PESSOA FÍSICA,,,IMPROCEDENTE,False,,7066
3000660-71.2024.8.06.0029,2024,TJCE,,PESSOA FÍSICA,RÉU: BANCO BRADESCO,Banco e financeira,EXTINTO SEM MÉRITO,False,,2243
3000673-92.2022.8.06.0012,2022,TJCE,,PESSOA FÍSICA,CVC BRASIL OPERADORA E AGÊNCIA DE VIAGENS,Outros,ACORDO HOMOLOGADO,,,1868
3000678-40.2023.8.06.0090,2023,TJCE,,PESSOA FÍSICA,BANCO PAN,Banco e financeira,IMPROCEDENTE,False,,6259
3000682-05.2023.8.06.0017,2023,TJCE,,PESSOA FÍSICA,AZUL LINHAS AEREAS BRASILEIRAS,Transporte aéreo,IMPROCEDENTE,False,,3254
3000704-98.2025.8.06.0015,2025,TJCE,Fortaleza,PESSOA FÍSICA,CLOUD WALK MEIOS DE PAGAMENTOS E SERVICOS,Outros,IMPROCEDENTE,False,,14785
3000712-78.2023.8.06.0069,2023,TJCE,,,,,PARCIALMENTE PROCEDENTE,True,,7280
3000715-32.2022.8.06.0016,2022,TJCE,Fortaleza,PESSOA FÍSICA,CERVEJARIA TURATTI,Outros,EXTINTO SEM MÉRITO,False,,4309
3000733-77.2022.8.06.0008,2022,TJCE,Fortaleza,,,,ACORDO HOMOLOGADO,,,1397
3000758-72.2020.8.06.0166,2020,TJCE,,,,,IMPROCEDENTE,False,,3154
3000759-76.2023.8.06.0158,2023,TJCE,Russas,PESSOA FÍSICA,,,ACORDO HOMOLOGADO,,,3347
3000761-78.2022.8.06.0094,2022,TJCE,,,,,IMPROCEDENTE,False,,11484
3000769-61.2023.8.06.0113,2023,TJCE,Compensação de Valores Ao Longo das Faturas,PESSOA FÍSICA,,,PARCIALMENTE PROCEDENTE,True,,13567
3000779-48.2020.8.06.0166,2020,TJCE,,,,,IMPROCEDENTE,False,,3863
3000784-20.2020.8.06.0118,2020,TJCE,,,,,IMPROCEDENTE,False,,5175
3000784-24.2023.8.06.0018,2023,TJCE,Fortaleza,PESSOA FÍSICA,,,EXTINTO SEM MÉRITO,False,,2293
3000785-15.2023.8.06.0113,2023,TJCE,,PESSOA FÍSICA,CARAJAS MATERIAL DE CONSTRUCAO,Outros,IMPROCEDENTE,False,,9443
3000792-31.2024.8.06.0029,2024,TJCE,Acopiara,PESSOA FÍSICA,REU: BANCO ITAÚ CONSIGNADO,Banco e financeira,IMPROCEDENTE,False,,6461
3000799-05.2021.8.06.0166,2021,TJCE,,,,,IMPROCEDENTE,False,,2977
3000816-35.2023.8.06.0113,2023,TJCE,,PESSOA FÍSICA,JOSE SOARES NASCIMENTO PINTO,Outros,IMPROCEDENTE,False,,7548
3000839-97.2022.8.06.0118,2022,TJCE,,,,,EXTINTO SEM MÉRITO,False,,6350
3000841-80.2024.8.06.0091,2024,TJCE,Iguatu,PESSOA FÍSICA,BANCO ITAU CONSIGNADO,Banco e financeira,ACORDO HOMOLOGADO,,,2316
3000849-59.2022.8.06.0113,2022,TJCE,,PESSOA FÍSICA,,,IMPROCEDENTE,False,,7805
3000849-60.2021.8.06.0221,2021,TJCE,Fortaleza,PESSOA FÍSICA,,,IMPROCEDENTE,False,,4893
3000861-03.2023.8.06.0222,2023,TJCE,,,,,EXTINTO SEM MÉRITO,False,,1760
3000866-12.2021.8.06.0152,2021,TJCE,Quixadá,PESSOA FÍSICA,BANCO PAN,Banco e financeira,ACORDO HOMOLOGADO,,,4824
3000871-50.2025.8.06.0166,2025,TJCE,,,,,IMPROCEDENTE,False,,7524
3000883-95.2022.8.06.0222,2022,TJCE,,PESSOA FÍSICA,DELL COMPUTADORES DO BRASIL,Outros,IMPROCEDENTE,False,,5013
3000884-85.2023.8.06.0015,2023,TJCE,,,,,EXTINTO SEM MÉRITO,False,,7803
3000885-39.2023.8.06.0090,2023,TJCE,Icó,PESSOA FÍSICA,BANCO BRADESCO,Banco e financeira,IMPROCEDENTE,False,,7455
3000886-24.2023.8.06.0090,2023,TJCE,,,,,EXTINTO SEM MÉRITO,False,,1658
3000890-60.2021.8.06.0016,2021,TJCE,,,,,,,,147
3000915-93.2024.8.06.0137,2024,TJCE,Pacatuba,,,,IMPROCEDENTE,False,,8846
3000923-78.2025.8.06.0220,2025,TJCE,Fortaleza,PESSOA JURÍDICA,ABSA AEROLINHAS BRASILEIRAS,Outros,PARCIALMENTE PROCEDENTE,True,3059.47,19565
3000933-42.2020.8.06.0174,2020,TJCE,São José do Rio Preto,PESSOA FÍSICA,,,PARCIALMENTE PROCEDENTE,True,,10551
3000938-20.2023.8.06.0090,2023,TJCE,Certeza,PESSOA FÍSICA,BANCO BMG,Banco e financeira,ACORDO HOMOLOGADO,,,5471
3000938-82.2022.8.06.0113,2022,TJCE,,PESSOA FÍSICA,IREP SOCIEDADE DE ENSINO SUPERIOR,Ensino,ACORDO HOMOLOGADO,,,4628
3000961-09.2019.8.06.0024,2019,TJCE,,PESSOA FÍSICA,M A P ABREU RODRIGUES - ME E OUTRA,Outros,IMPROCEDENTE,False,,4490
3000967-07.2022.8.06.0090,2022,TJCE,Icó,PESSOA FÍSICA,,,PROCEDENTE,True,5000.0,10140
3000970-79.2020.8.06.0009,2020,TJCE,Posterior Execução Em Caso de Descumprimento,PESSOA FÍSICA,,,ACORDO HOMOLOGADO,,,863
3000981-47.2021.8.06.0018,2021,TJCE,Fortaleza,PESSOA FÍSICA,,,IMPROCEDENTE,False,,4659
3000985-62.2021.8.06.0090,2021,TJCE,,PESSOA FÍSICA,BANCO ITAU BMG CONSIGNADO,Banco e financeira,EXTINTO SEM MÉRITO,False,,1568
3000987-43.2022.8.06.0172,2022,TJCE,Tauá,PESSOA FÍSICA,,,PARCIALMENTE PROCEDENTE,True,,10845
3000988-45.2021.8.06.0016,2021,TJCE,Fortaleza,PESSOA FÍSICA,,,,,,3990
3000999-39.2024.8.06.0220,2024,TJCE,Fortaleza,PESSOA JURÍDICA,UNIMED DE FORTALEZA COOPERATIVA DE TRABALHO,Plano de saúde,ACORDO HOMOLOGADO,,,5282
3001002-89.2020.8.06.0072,2020,TJCE,Crato,PESSOA FÍSICA,BANCO BMG,Banco e financeira,ACORDO HOMOLOGADO,,,3057
3001003-93.2025.8.06.0009,2025,TJCE,,PESSOA FÍSICA,BANCO HONDA S/A. E OUTROS,Banco e financeira,EXTINTO SEM MÉRITO,False,,9990
3001008-94.2025.8.06.0113,2025,TJCE,,PESSOA FÍSICA,HELOANNE COMERCIO DE FOLHEADOS,Outros,IMPROCEDENTE,False,,7710
3001023-84.2023.8.06.0064,2023,TJCE,Caucaia,PESSOA FÍSICA,,,ACORDO HOMOLOGADO,,,3070
3001026-40.2024.8.06.0020,2024,TJCE,Fortaleza,PESSOA FÍSICA,,,EXTINTO SEM MÉRITO,False,,4543
3001031-80.2023.8.06.0090,2023,TJCE,,,,,EXTINTO SEM MÉRITO,False,,5030
3001046-29.2025.8.06.0171,2025,TJCE,Tauá,PESSOA FÍSICA,,,ACORDO HOMOLOGADO,,,1702
3001055-74.2024.8.06.0090,2024,TJCE,Icó,PESSOA FÍSICA,,,IMPROCEDENTE,False,,4087
3001064-36.2024.8.06.0090,2024,TJCE,Icó,PESSOA FÍSICA,,,ACORDO HOMOLOGADO,,,1856
3001082-86.2025.8.06.0069,2025,TJCE,,PESSOA FÍSICA,BANCO MERCANTIL DO BRASIL,Banco e financeira,ACORDO HOMOLOGADO,,,3922
3001109-52.2025.8.06.0010,2025,TJCE,Fortaleza,,,,EXTINTO SEM MÉRITO,False,,14698
3001118-65.2025.8.06.0090,2025,TJCE,Icó,PESSOA FÍSICA,,,EXTINTO SEM MÉRITO,False,,1633
3001127-75.2022.8.06.0011,2022,TJCE,,,,,IMPROCEDENTE,False,,7365
3001131-35.2023.8.06.0090,2023,TJCE,Icó,,,,IMPROCEDENTE,False,,6165
3001133-34.2024.8.06.0069,2024,TJCE,,,,,IMPROCEDENTE,False,,6043
3001133-50.2025.8.06.0020,2025,TJCE,Fortaleza,PESSOA FÍSICA,BANCO BRADESCO,Banco e financeira,ACORDO HOMOLOGADO,,,7785
3001143-49.2023.8.06.0090,2023,TJCE,Icó,PESSOA FÍSICA,BANCO BRADESCO,Banco e financeira,EXTINTO SEM MÉRITO,False,,4019
3001159-40.2025.8.06.0055,2025,TJCE,Canindé,PESSOA FÍSICA,UNIMED CLUBE DE SEGUROS,Plano de saúde,ACORDO HOMOLOGADO,,,2293
3001162-64.2024.8.06.0011,2024,TJCE,,PESSOA FÍSICA,BANCO BRADESCO FINANCIAMENTOS,Banco e financeira,EXTINTO SEM MÉRITO,False,,6611
3001164-14.2023.8.06.0029,2023,TJCE,Acopiara,PESSOA FÍSICA,REU: BANCO SANTANDER (BRASIL),Banco e financeira,IMPROCEDENTE,False,,7660
3001174-23.2025.8.06.0115,2025,TJCE,Limoeiro do Norte,PESSOA FÍSICA,BANCO AGIBANK,Banco e financeira,ACORDO HOMOLOGADO,,,2110
3001186-74.2024.8.06.0017,2024,TJCE,,PESSOA FÍSICA,LIBERTY SEGUROS,Seguros,IMPROCEDENTE,False,,3504
3001187-22.2025.8.06.0018,2025,TJCE,Fortaleza,PESSOA FÍSICA,,,IMPROCEDENTE,False,,8007
3001194-20.2023.8.06.0071,2023,TJCE,Crato,PESSOA FÍSICA,RADIO FLAGRA MAGAZINE,Varejo e serviços,EXTINTO SEM MÉRITO,False,,1998
3001199-48.2023.8.06.0069,2023,TJCE,,,,,IMPROCEDENTE,False,,3754
3001200-96.2025.8.06.0090,2025,TJCE,Icó,PESSOA FÍSICA,BANCO BMG,Banco e financeira,IMPROCEDENTE,False,,20453
3001213-09.2023.8.06.0012,2023,TJCE,Fortaleza,PESSOA FÍSICA,,,PARCIALMENTE PROCEDENTE,True,,5772
3001215-70.2022.8.06.0090,2022,TJCE,Icó,PESSOA FÍSICA,,,IMPROCEDENTE,False,,12962
3001228-66.2023.8.06.0015,2023,TJCE,,,,,ACORDO HOMOLOGADO,,,2116
3001234-03.2019.8.06.0019,2019,TJCE,,PESSOA FÍSICA,COMPANHIA ENERGÉTICA DO CEARÁ - ENEL,Energia,IMPROCEDENTE,False,,13646
3001249-56.2023.8.06.0075,2023,TJCE,,PESSOA FÍSICA,,,EXTINTO SEM MÉRITO,False,,2425
3001273-39.2023.8.06.0090,2023,TJCE,Icó,PESSOA FÍSICA,BANCO BRADESCO,Banco e financeira,IMPROCEDENTE,False,,7035
3001276-25.2022.8.06.0091,2022,TJCE,,PESSOA FÍSICA,,,EXTINTO SEM MÉRITO,False,,1808
3001288-92.2021.8.06.0020,2021,TJCE,Fortaleza,PESSOA FÍSICA,CONDOMÍNIO MORADA DOS BOSQUES,Outros,IMPROCEDENTE,False,,10829
3001327-38.2025.8.06.0121,2025,TJCE,Massapê,PESSOA FÍSICA,,,EXTINTO SEM MÉRITO,False,,4704
3001352-47.2024.8.06.0069,2024,TJCE,Coreaú,PESSOA FÍSICA,,,EXTINTO SEM MÉRITO,False,,5076
3001356-55.2023.8.06.0090,2023,TJCE,,,,,IMPROCEDENTE,False,,6455
3001359-73.2024.8.06.0090,2024,TJCE,Icó,,,,ACORDO HOMOLOGADO,,,2691
3001362-31.2020.8.06.0102,2020,TJCE,Itapipoca,PESSOA FÍSICA,BANCO MERCANTIL DO BRASIL,Banco e financeira,IMPROCEDENTE,False,,3766
3001373-93.2021.8.06.0015,2021,TJCE,,,,,EXTINTO SEM MÉRITO,False,,6368
3001374-76.2023.8.06.0090,2023,TJCE,,,,,EXTINTO SEM MÉRITO,False,,4265
3001376-61.2024.8.06.0009,2024,TJCE,Fortaleza,PESSOA FÍSICA,,,PROCEDENTE,True,445.0,7079
3001383-38.2023.8.06.0090,2023,TJCE,,,,,EXTINTO SEM MÉRITO,False,,4665
3001400-51.2022.8.06.0012,2022,TJCE,Fortaleza,PESSOA FÍSICA,,,IMPROCEDENTE,False,,7615
3001403-29.2023.8.06.0090,2023,TJCE,Icó,PESSOA FÍSICA,BANCO ITAU CONSIGNADO,Banco e financeira,PARCIALMENTE PROCEDENTE,True,,19313
3001411-10.2023.8.06.0024,2023,TJCE,,PESSOA JURÍDICA,FACEBOOK SERVICOS ONLINE DO BRASIL,Outros,EXTINTO SEM MÉRITO,False,,1561
3001415-62.2023.8.06.0019,2023,TJCE,,PESSOA FÍSICA,UBER DO BRASIL TECNOLOGIA LTDA E OUTRA,Outros,IMPROCEDENTE,False,,8466
3001416-02.2025.8.06.0173,2025,TJCE,Tianguá,PESSOA FÍSICA,BANCO SANTANDER (BRASIL),Banco e financeira,EXTINTO SEM MÉRITO,False,,32915
3001418-97.2020.8.06.0091,2020,TJCE,Iguatu,PESSOA FÍSICA,,,IMPROCEDENTE,False,,11950
3001428-10.2021.8.06.0091,2021,TJCE,Iguatu,,,,EXTINTO SEM MÉRITO,False,,1432
3001431-39.2023.8.06.0173,2023,TJCE,,PESSOA FÍSICA,BANCO BRADESCO,Banco e financeira,ACORDO HOMOLOGADO,,,7277
3001445-60.2024.8.06.0020,2024,TJCE,Fortaleza,PESSOA FÍSICA,BANCO J. SAFRA,Banco e financeira,IMPROCEDENTE,False,,8891
3001453-86.2022.8.06.0091,2022,TJCE,Iguatu,PESSOA FÍSICA,UNIMED DO CE FED DAS COOP DE TRAB MED DO EST DO CE,Plano de saúde,ACORDO HOMOLOGADO,,,5375
3001470-20.2024.8.06.0070,2024,TJCE,Crateús,,,,IMPROCEDENTE,False,,13023
3001476-80.2024.8.06.0020,2024,TJCE,Fortaleza,PESSOA FÍSICA,,,IMPROCEDENTE,False,,11370
3001482-37.2024.8.06.0069,2024,TJCE,Coreaú,PESSOA FÍSICA,RÉU: BANCO BRADESCO,Banco e financeira,IMPROCEDENTE,False,,7906
3001494-38.2023.8.06.0020,2023,TJCE,Fortaleza,PESSOA FÍSICA,,,EXTINTO SEM MÉRITO,False,,7331
3001508-39.2025.8.06.0024,2025,TJCE,Fortaleza,,,,EXTINTO SEM MÉRITO,False,,4253
3001515-32.2022.8.06.0090,2022,TJCE,Icó,PESSOA FÍSICA,,,PROCEDENTE,True,3500.0,17752
3001538-30.2023.8.06.0029,2023,TJCE,Acopiara,PESSOA FÍSICA,REU: BANCO DAYCOVAL,Banco e financeira,IMPROCEDENTE,False,,7574
3001540-08.2023.8.06.0091,2023,TJCE,Iguatu,PESSOA FÍSICA,4 X 4 STORE BRASIL COMERCIO E IMPORTACAO DE PECAS PNEUS E ACESSORIOS,Outros,IMPROCEDENTE,False,,10046
3001541-90.2023.8.06.0091,2023,TJCE,Iguatu,PESSOA FÍSICA,4 X 4 STORE BRASIL COMERCIO E IMPORTACAO DE PECAS PNEUS E ACESSORIOS,Outros,IMPROCEDENTE,False,,10050
3001576-82.2024.8.06.0069,2024,TJCE,,,,,IMPROCEDENTE,False,,7997
3001585-15.2023.8.06.0090,2023,TJCE,Icó,PESSOA FÍSICA,,,IMPROCEDENTE,False,,15285
3001586-47.2024.8.06.0160,2024,TJCE,Santa Quitéria,PESSOA FÍSICA,EAGLE CORRETORA DE SEGUROS LTDA E OUTROS,Seguros,EXTINTO SEM MÉRITO,False,,1538
3001614-31.2023.8.06.0069,2023,TJCE,Coreaú,,,,EXTINTO SEM MÉRITO,False,,5032
3001645-03.2024.8.06.0009,2024,TJCE,,PESSOA FÍSICA,,,EXTINTO SEM MÉRITO,False,,3571
3001647-59.2023.8.06.0024,2023,TJCE,Posterior Desarquivamento,,,,IMPROCEDENTE,False,,5962
3001649-56.2022.8.06.0091,2022,TJCE,Iguatu,PESSOA FÍSICA,,,IMPROCEDENTE,False,,7212
3001659-32.2025.8.06.0112,2025,TJCE,Juazeiro do Norte,PESSOA FÍSICA,MUNICIPIO DE JUAZEIRO DO NORTE,Poder público,IMPROCEDENTE,False,,26029
3001664-22.2023.8.06.0113,2023,TJCE,,PESSOA FÍSICA,BANCO BRADESCO,Banco e financeira,PARCIALMENTE PROCEDENTE,True,2000.0,14958
3001727-34.2024.8.06.0009,2024,TJCE,,PESSOA FÍSICA,KOIN ADMINISTRADORA DE CARTOES E MEIOS DE PAGAMENTO SA E DANIEL FERELLI PEREIRA SILVA,Outros,EXTINTO SEM MÉRITO,False,,4961
3001744-23.2020.8.06.0167,2020,TJCE,Sobral,PESSOA FÍSICA,,,IMPROCEDENTE,False,,8952
3001754-02.2023.8.06.0090,2023,TJCE,Icó,PESSOA FÍSICA,BANCO BRADESCO,Banco e financeira,ACORDO HOMOLOGADO,,,1662
3001845-05.2025.8.06.0064,2025,TJCE,,PESSOA FÍSICA,ALGAR TELECOM,Telecomunicações,IMPROCEDENTE,False,,12946
3001849-61.2024.8.06.0069,2024,TJCE,,,,,EXTINTO SEM MÉRITO,False,,1268
3001859-76.2023.8.06.0090,2023,TJCE,Icó,,,,IMPROCEDENTE,False,,2957
3001860-61.2023.8.06.0090,2023,TJCE,Coreaú,,,,IMPROCEDENTE,False,,5662
3001863-16.2023.8.06.0090,2023,TJCE,Icó,PESSOA FÍSICA,,,IMPROCEDENTE,False,,12895
3001877-18.2025.8.06.0029,2025,TJCE,,,,,EXTINTO SEM MÉRITO,False,,1793
3001888-92.2024.8.06.0090,2024,TJCE,Icó,PESSOA FÍSICA,,,EXTINTO SEM MÉRITO,False,,1628
3001898-96.2022.8.06.0029,2022,TJCE,,,,,IMPROCEDENTE,False,,3136
3001924-51.2025.8.06.0171,2025,TJCE,Tauá,PESSOA FÍSICA,,,EXTINTO SEM MÉRITO,False,,2639
3001950-14.2023.8.06.0173,2023,TJCE,,,,,EXTINTO SEM MÉRITO,False,,2283
3001970-15.2024.8.06.0029,2024,TJCE,Acopiara,PESSOA FÍSICA,BANCO DO BRASIL,Banco e financeira,PARCIALMENTE PROCEDENTE,True,3000.0,29726
3001977-85.2025.8.06.0121,2025,TJCE,,PESSOA FÍSICA,BANCO BRADESCO,Banco e financeira,ACORDO HOMOLOGADO,,,5505
3002011-60.2024.8.06.0003,2024,TJCE,,PESSOA FÍSICA,,,ACORDO HOMOLOGADO,,,771
3002028-29.2024.8.06.0090,2024,TJCE,Icó,PESSOA FÍSICA,,,EXTINTO SEM MÉRITO,False,,4444
3002078-60.2021.8.06.0090,2021,TJCE,Icó,PESSOA FÍSICA,,,IMPROCEDENTE,False,,7927
3002086-61.2025.8.06.0069,2025,TJCE,,PESSOA FÍSICA,BANCO BRADESCO,Banco e financeira,PARCIALMENTE PROCEDENTE,True,,10150
3002158-86.2025.8.06.0121,2025,TJCE,,PESSOA FÍSICA,BANCO ITAU CONSIGNADO,Banco e financeira,ACORDO HOMOLOGADO,,,7809
3002161-08.2023.8.06.0090,2023,TJCE,,,,,IMPROCEDENTE,False,,3970
3002176-74.2023.8.06.0090,2023,TJCE,Icó,,,,EXTINTO SEM MÉRITO,False,,1561
3002188-88.2023.8.06.0090,2023,TJCE,,,,,IMPROCEDENTE,False,,4026
3002270-85.2024.8.06.0090,2024,TJCE,Icó,PESSOA FÍSICA,,,EXTINTO SEM MÉRITO,False,,3680
3002291-90.2025.8.06.0069,2025,TJCE,,PESSOA FÍSICA,BANCO BRADESCO,Banco e financeira,PARCIALMENTE PROCEDENTE,True,,21632
3002328-25.2023.8.06.0090,2023,TJCE,Certeza,PESSOA FÍSICA,BANCO DO BRASIL,Banco e financeira,ACORDO HOMOLOGADO,,,3617
3002364-33.2023.8.06.0069,2023,TJCE,Disposto No Art,PESSOA FÍSICA,SERASA,Bureau de crédito,IMPROCEDENTE,False,,11013
3002380-55.2022.8.06.0090,2022,TJCE,Icó,PESSOA FÍSICA,,,ACORDO HOMOLOGADO,,,7076
3002397-61.2022.8.06.0003,2022,TJCE,,,,,IMPROCEDENTE,False,,4754
3002402-79.2023.8.06.0090,2023,TJCE,Icó,PESSOA FÍSICA,,,EXTINTO SEM MÉRITO,False,,3379
3002464-22.2023.8.06.0090,2023,TJCE,Icó,PESSOA FÍSICA,,,EXTINTO SEM MÉRITO,False,,3361
3002518-62.2024.8.06.0151,2024,TJCE,Quixadá,PESSOA FÍSICA,BANCO BRADESCO FINANCIAMENTOS,Banco e financeira,ACORDO HOMOLOGADO,,,5165
3002550-82.2025.8.06.0070,2025,TJCE,Crateús,PESSOA FÍSICA,NOME: BANCO BMG,Banco e financeira,EXTINTO SEM MÉRITO,False,,4036
3002556-31.2022.8.06.0091,2022,TJCE,Iguatu,PESSOA FÍSICA,UNIMED DE FORTALEZA COOPERATIVA DE TRABALHO,Plano de saúde,EXTINTO SEM MÉRITO,False,,2421
3002567-62.2025.8.06.0121,2025,TJCE,,PESSOA FÍSICA,BANCO BRADESCO,Banco e financeira,ACORDO HOMOLOGADO,,,6125
3002572-82.2022.8.06.0091,2022,TJCE,Iguatu,PESSOA FÍSICA,BANCO DO BRADESCO,Banco e financeira,IMPROCEDENTE,False,,9350
3002678-13.2023.8.06.0090,2023,TJCE,Icó,PESSOA FÍSICA,,,EXTINTO SEM MÉRITO,False,,1633
3002721-44.2023.8.06.0091,2023,TJCE,Iguatu,PESSOA FÍSICA,BANCO OLÉ BONSUCESSO CONSIGNADO,Banco e financeira,ACORDO HOMOLOGADO,,,2304
3002750-94.2023.8.06.0091,2023,TJCE,Iguatu,PESSOA FÍSICA,BANCO BRADESCO,Banco e financeira,IMPROCEDENTE,False,,7712
3002757-06.2024.8.06.0171,2024,TJCE,Tauá,PESSOA FÍSICA,,,,,,2308
3002760-58.2024.8.06.0171,2024,TJCE,Tauá,PESSOA FÍSICA,,,ACORDO HOMOLOGADO,,,1960
3002766-51.2023.8.06.0090,2023,TJCE,Icó,PESSOA FÍSICA,,,ACORDO HOMOLOGADO,,,5133
3002773-43.2023.8.06.0090,2023,TJCE,Icó,PESSOA FÍSICA,,,IMPROCEDENTE,False,,5121
3002944-26.2024.8.06.0167,2024,TJCE,,PESSOA FÍSICA,,,EXTINTO SEM MÉRITO,False,,2901
3003008-10.2023.8.06.0090,2023,TJCE,Icó,PESSOA FÍSICA,BANCO BRADESCO,Banco e financeira,IMPROCEDENTE,False,,12685
3003026-31.2023.8.06.0090,2023,TJCE,Icó,PESSOA FÍSICA,,,ACORDO HOMOLOGADO,,,5144
3003098-95.2025.8.06.0171,2025,TJCE,Tauá,PESSOA FÍSICA,,,IMPROCEDENTE,False,,10059
3003352-70.2024.8.06.0117,2024,TJCE,,PESSOA FÍSICA,,,EXTINTO SEM MÉRITO,False,,6898
3003668-05.2022.8.06.0004,2022,TJCE,Fortaleza,PESSOA FÍSICA,,,IMPROCEDENTE,False,,13152
3005268-07.2024.8.06.0064,2024,TJCE,Estado de Hipossuficiência,PESSOA FÍSICA,,,ACORDO HOMOLOGADO,,,10259
3013887-18.2024.8.06.0001,2024,TJCE,Fortaleza,PESSOA FÍSICA,BANCO ITAUCARD S.A. E OUTROS,Banco e financeira,EXTINTO SEM MÉRITO,False,,2697
3017449-35.2024.8.06.0001,2024,TJCE,Fortaleza,PESSOA FÍSICA,REU: FACTA FINANCEIRA S.A. CREDITO,Banco e financeira,EXTINTO SEM MÉRITO,False,,2830
3020239-26.2023.8.06.0001,2023,TJCE,São Paulo,PESSOA FÍSICA,99 TECNOLOGIA,Outros,PARCIALMENTE PROCEDENTE,True,2000.0,11089
3034150-37.2025.8.06.0001,2025,TJCE,Fortaleza,,,,PARCIALMENTE PROCEDENTE,True,21772.74,21386
3068028-50.2025.8.06.0001,2025,TJCE,Fortaleza,PESSOA FÍSICA,INDIANA SEGUROS,Seguros,IMPROCEDENTE,False,,16218
3073865-86.2025.8.06.0001,2025,TJCE,Fortaleza,PESSOA FÍSICA,FACEBOOK SERVICOS ONLINE DO BRASIL,Outros,ACORDO HOMOLOGADO,,,1849
4000011-60.2025.8.26.0300,2025,TJSP,Jardinópolis,PESSOA FÍSICA,CREDSYSTEM SOCIEDADE DE CREDITO DIRETO,Banco e financeira,IMPROCEDENTE,False,,9991
4000564-62.2025.8.26.0024,2025,TJSP,Andradina,PESSOA FÍSICA,CLARO,Telecomunicações,PARCIALMENTE PROCEDENTE,True,,3823
4000857-91.2025.8.26.0457,2025,TJSP,Pirassununga,PESSOA FÍSICA,BANCO DAYCOVAL,Banco e financeira,PROCEDENTE,True,10000.0,15686
4001533-87.2025.8.26.0344,2025,TJSP,Marília,PESSOA FÍSICA,S M EMPREENDIMENTOS E PARTICIPACOES,Outros,PARCIALMENTE PROCEDENTE,True,4000.0,12721
4001548-28.2025.8.26.0224,2025,TJSP,Guarulhos,PESSOA FÍSICA,EDP SAO PAULO DISTRIBUICAO DE ENERGIA,Energia,IMPROCEDENTE,False,,8910
4001930-02.2025.8.26.0004,2025,TJSP,,PESSOA FÍSICA,COMPANHIA PIRATININGA DE FORCA E LUZ,Outros,IMPROCEDENTE,False,,8857
4002070-29.2025.8.26.0071,2025,TJSP,Bauru,PESSOA FÍSICA,TELEFONICA BRASIL,Telecomunicações,PROCEDENTE,True,,6670
4002287-23.2025.8.26.0637,2025,TJSP,Tupã,PESSOA FÍSICA,TELEFONICA BRASIL,Telecomunicações,PARCIALMENTE PROCEDENTE,True,,9708
4002604-71.2025.8.26.0006,2025,TJSP,Santos,PESSOA FÍSICA,LALAMOVE TECNOLOGIA (BRASIL),Outros,PARCIALMENTE PROCEDENTE,True,3000.0,5175
4002729-44.2025.8.26.0554,2025,TJSP,Santo André,PESSOA FÍSICA,,,IMPROCEDENTE,False,,12593
4002756-55.2025.8.26.0577,2025,TJSP,São José dos Campos,,EMPLANEJ PLANEJAMENTO CONSTRUTORA E INCORPORADORA LTDA E OUTROS,Outros,PROCEDENTE,True,,24718
4003407-21.2025.8.26.0114,2025,TJSP,Campinas,PESSOA FÍSICA,AZUL LINHAS AEREAS BRASILEIRAS,Transporte aéreo,PROCEDENTE,True,5000.0,18509
4004973-38.2025.8.26.0006,2025,TJSP,,PESSOA FÍSICA,AZUL LINHAS AEREAS BRASILEIRAS,Transporte aéreo,PARCIALMENTE PROCEDENTE,True,8000.0,11996
4005265-20.2025.8.26.0007,2025,TJSP,Sustento Próprio Ou da Família,PESSOA FÍSICA,BANCO SANTANDER (BRASIL),Banco e financeira,IMPROCEDENTE,False,,8911
4005324-23.2025.8.26.0002,2025,TJSP,Seu Sustento Próprio Ou de Sua Família,PESSOA FÍSICA,BANCO PAN,Banco e financeira,PROCEDENTE,True,3013.44,15922
4006235-26.2025.8.26.0005,2025,TJSP,,PESSOA FÍSICA,CONDOMINIO CONJUNTO HABITACIONAL PARATIBE,Outros,IMPROCEDENTE,False,,7549
4007750-60.2025.8.26.0114,2025,TJSP,Campinas,PESSOA FÍSICA,DOCTORALIA BRASIL SERVICOS ONLINE E SOFTWARE,Outros,PROCEDENTE,True,3000.0,16044
4010062-09.2025.8.26.0114,2025,TJSP,Campinas,PESSOA FÍSICA,CRIART COMERCIO DE PEDRAS,Outros,PARCIALMENTE PROCEDENTE,True,3000.0,14776
4010887-50.2025.8.26.0114,2025,TJSP,Campinas,PESSOA FÍSICA,,,PARCIALMENTE PROCEDENTE,True,,13555
4011546-07.2025.8.26.0002,2025,TJSP,,PESSOA FÍSICA,ELETROPAULO METROPOLITANA ELETRICIDADE DE SAO PAULO,Energia,PROCEDENTE,True,5000.0,5850
4012494-46.2025.8.26.0002,2025,TJSP,,PESSOA FÍSICA,BANCO BRADESCARD,Banco e financeira,IMPROCEDENTE,False,,7054
4016043-22.2025.8.26.0016,2025,TJSP,,PESSOA FÍSICA,,,PROCEDENTE,True,,11053
4023567-12.2025.8.26.0100,2025,TJSP,Barueri,PESSOA FÍSICA,COMPRA E VENDA DE VEICULOS NOVOS E SEMINOVOS,Outros,IMPROCEDENTE,False,,7476
5000001-73.2023.8.21.0052,2023,TJRS,Barra do Ribeiro,PESSOA FÍSICA,MUNICÍPIO DE MARIANA PIMENTEL / RS,Poder público,PARCIALMENTE PROCEDENTE,True,5000.0,14281
5000002-08.2021.8.13.0034,2021,TJMG,Araçuaí,PESSOA JURÍDICA,,,EXTINTO SEM MÉRITO,False,,14273
5000008-65.2023.8.13.0512,2023,TJMG,Pirapora,PESSOA FÍSICA,,,EXTINTO SEM MÉRITO,False,,1465
5000016-74.2019.8.08.0042,2019,TJES,Rio Novo do Sul,PESSOA FÍSICA,,,IMPROCEDENTE,False,,1896
5000017-61.2025.8.08.0038,2025,TJES,Nova Venécia,,,,ACORDO HOMOLOGADO,,,1272
5000026-85.2024.8.13.0016,2024,TJMG,Alfenas,PESSOA FÍSICA,AZUL LINHAS AÉREAS BRASILEIRAS S/A CPF: 09.296.295/0001-60,Transporte aéreo,PARCIALMENTE PROCEDENTE,True,5000.0,10702
5000027-23.2025.8.08.0033,2025,TJES,Montanha,PESSOA FÍSICA,,,PARCIALMENTE PROCEDENTE,True,4000.0,15278
5000028-06.2017.8.13.0338,2017,TJMG,Itaúna,PESSOA FÍSICA,MAGAZINE LUIZA,Varejo e serviços,PARCIALMENTE PROCEDENTE,True,8000.0,11980
5000028-68.2023.8.08.0068,2023,TJES,Água Doce do Norte,PESSOA FÍSICA,LOJAS SIMONETTI,Varejo e serviços,IMPROCEDENTE,False,,5827
5000029-73.2023.8.21.0106,2023,TJRS,Iraí,PESSOA FÍSICA,RGE SUL DISTRIBUIDORA DE ENERGIA,Energia,ACORDO HOMOLOGADO,,,2403
5000032-32.2025.8.13.0348,2025,TJMG,Jacuí,PESSOA JURÍDICA,BANCO BRADESCO S.A. CPF: 60.746.948/0001-12,Banco e financeira,EXTINTO SEM MÉRITO,False,,1947
5000039-09.2022.8.08.0044,2022,TJES,Santa Teresa,PESSOA FÍSICA,BANCO BMG,Banco e financeira,ACORDO HOMOLOGADO,,,2089
5000039-42.2021.8.13.0452,2021,TJMG,Nova Serrana,PESSOA JURÍDICA,OI MOVEL,Telecomunicações,EXTINTO SEM MÉRITO,False,,626
5000042-18.2022.8.08.0026,2022,TJES,,,,,ACORDO HOMOLOGADO,,,3739
5000042-98.2023.8.21.0065,2023,TJRS,Santo Antônio da Patrulha,PESSOA FÍSICA,DREBES & CIA,Outros,ACORDO HOMOLOGADO,,,1587
5000048-86.2021.8.13.0166,2021,TJMG,Cláudio,PESSOA FÍSICA,,,ACORDO HOMOLOGADO,,,4272
5000049-35.2025.8.24.0163,2025,TJSC,Rio do Campo,PESSOA FÍSICA,BANCO PAN,Banco e financeira,PARCIALMENTE PROCEDENTE,True,5000.0,21260
5000049-39.2022.8.13.0133,2022,TJMG,Carangola,,,,EXTINTO SEM MÉRITO,False,,1733
5000064-38.2025.8.24.0087,2025,TJSC,Lauro Müller,PESSOA FÍSICA,DECORA FESTAS,Outros,PROCEDENTE,True,10000.0,8773
5000070-12.2025.8.08.0048,2025,TJES,Vitória,PESSOA FÍSICA,ASSOCIACAO EVANGELICA BENEFICENTE ESPIRITO-SANTENSE - AEBES,Outros,ACORDO HOMOLOGADO,,,1901
5000073-77.2021.8.24.0139,2021,TJSC,Porto Belo,PESSOA JURÍDICA,PONTO CHINES COMIDA ORIENTAL,Outros,EXTINTO SEM MÉRITO,False,,2036
5000076-59.2021.8.13.0035,2021,TJMG,Araguari,PESSOA JURÍDICA,,,IMPROCEDENTE,False,,3238
5000076-73.2023.8.21.0065,2023,TJRS,Santo Antônio da Patrulha,PESSOA FÍSICA,COMPANHIA ESTADUAL DE DISTRIBUIÇÃO DE ENERGIA ELÉTRICA - CEEE-D,Energia,EXTINTO SEM MÉRITO,False,,2420
5000083-65.2025.8.24.0080,2025,TJSC,Xanxerê,PESSOA FÍSICA,,,EXTINTO SEM MÉRITO,False,,2044
5000084-32.2020.8.08.0028,2020,TJES,Iúna,PESSOA FÍSICA,TELEFONICA BRASIL,Telecomunicações,ACORDO HOMOLOGADO,,,2812
5000089-53.2024.8.24.0033,2024,TJSC,Itajaí,PESSOA FÍSICA,,,PROCEDENTE,True,50000.0,13500
5000097-84.2024.8.24.0015,2024,TJSC,Canoinhas,PESSOA FÍSICA,MUNICÍPIO DE CANOINHAS/,Poder público,IMPROCEDENTE,False,,7518
5000099-42.2019.8.21.0135,2019,TJRS,Tapejara,PESSOA FÍSICA,ITAPEVA VII MULTICARTEIRA FUNDO DE INVESTIMENTO EM DIREITOS CREDITORIOS NAO-PADRONIZADOS,Banco e financeira,PROCEDENTE,True,3000.0,14384
5000103-79.2024.8.13.0021,2024,TJMG,Alto Rio Doce,PESSOA JURÍDICA,BANCO PAN S.A. CPF: 59.285.411/0001-13,Banco e financeira,PROCEDENTE,True,11127.36,13445
5000104-56.2023.8.13.0520,2023,TJMG,Pompéu,PESSOA JURÍDICA,,,IMPROCEDENTE,False,,5439
5000106-05.2022.8.24.0019,2022,TJSC,Concórdia,PESSOA FÍSICA,NOVA TRANSPORTES,Outros,EXTINTO SEM MÉRITO,False,,2337
5000107-62.2023.8.08.0063,2023,TJES,Laranja da Terra,,,,EXTINTO SEM MÉRITO,False,,1106
5000108-47.2021.8.13.0461,2021,TJMG,Ouro Preto,,,,EXTINTO SEM MÉRITO,False,,2677
5000111-82.2024.8.24.0075,2024,TJSC,Tubarão,PESSOA JURÍDICA,LUCIANO GOULART CRUZ,Outros,IMPROCEDENTE,False,,17753
5000113-88.2020.8.24.0076,2020,TJSC,Turvo,PESSOA FÍSICA,BANCO CETELEM,Banco e financeira,PROCEDENTE,True,15000.0,16939
5000122-89.2021.8.13.0474,2021,TJMG,Paraopeba,PESSOA JURÍDICA,,,IMPROCEDENTE,False,,6722
5000139-84.2022.8.13.0153,2022,TJMG,Cataguases,PESSOA FÍSICA,,,IMPROCEDENTE,False,,7316
5000140-58.2021.8.13.0556,2021,TJMG,Rio Pardo de Minas,PESSOA FÍSICA,,,PARCIALMENTE PROCEDENTE,True,,10194
5000141-46.2023.8.13.0694,2023,TJMG,Três Pontas,PESSOA JURÍDICA,BANCO INTER S.A E OUTROS,Banco e financeira,PROCEDENTE,True,6000.0,10284
5000144-37.2021.8.08.0006,2021,TJES,Aracruz,PESSOA FÍSICA,CBL ARACRUZ XII EMPREENDIMENTOS,Outros,IMPROCEDENTE,False,,7482
5000156-70.2021.8.24.0082,2021,TJSC,Florianópolis,PESSOA FÍSICA,,,EXTINTO SEM MÉRITO,False,,2226
5000162-65.2023.8.13.0324,2023,TJMG,Itajubá,PESSOA JURÍDICA,,,ACORDO HOMOLOGADO,,,1030
5000167-52.2023.8.08.0025,2023,TJES,Itaguaçu,PESSOA FÍSICA,TELEFONICA BRASIL,Telecomunicações,ACORDO HOMOLOGADO,,,2200
5000169-16.2022.8.13.0543,2022,TJMG,Resplendor,PESSOA JURÍDICA,TELEMAR NORTE LESTE,Telecomunicações,EXTINTO SEM MÉRITO,False,,1542
5000187-30.2022.8.13.0319,2022,TJMG,Itabirito,PESSOA JURÍDICA,GOL LINHAS AEREAS,Transporte aéreo,EXTINTO SEM MÉRITO,False,,1142
5000199-98.2025.8.08.0021,2025,TJES,Vitória,PESSOA FÍSICA,AIRBNB PLATAFORMA DIGITAL,Outros,EXTINTO SEM MÉRITO,False,,1480
5000203-60.2020.8.13.0090,2020,TJMG,Ibirité,PESSOA JURÍDICA,VALE S/A CPF: 33.592.510/0001-54,Outros,IMPROCEDENTE,False,,11507
5000204-06.2023.8.08.0017,2023,TJES,Domingos Martins,PESSOA FÍSICA,PAGSEGURO INTERNET,Outros,,,,2491
5000206-44.2021.8.13.0554,2021,TJMG,Rio Novo,PESSOA JURÍDICA,,,PROCEDENTE,True,10000.0,19834
5000209-96.2023.8.08.0059,2023,TJES,Vitória,PESSOA FÍSICA,SBF COMERCIO DE PRODUTOS ESPORTIVOS,Varejo e serviços,PROCEDENTE,True,1000.0,9333
5000215-21.2025.8.21.0076,2025,TJRS,Tupanciretã,PESSOA FÍSICA,MERCADOLIVRE.COM ATIVIDADES DE INTERNET,Varejo e serviços,ACORDO HOMOLOGADO,,,2767
5000217-24.2025.8.13.0428,2025,TJMG,Monte Alegre de Minas,PESSOA FÍSICA,SOUSA DE OLIVEIRA CONSULTORIA FINANCEIRA E APOIO ADMINISTRATIVO EIRELI CPF: 30.385.424/000,Banco e financeira,EXTINTO SEM MÉRITO,False,,1261
5000219-44.2022.8.13.0704,2022,TJMG,Unaí,,,,EXTINTO SEM MÉRITO,False,,1807
5000221-84.2024.8.08.0024,2024,TJES,Vitória,PESSOA JURÍDICA,BRASPRESS TRANSPORTES URGENTES,Outros,IMPROCEDENTE,False,,9936
5000223-58.2023.8.13.0086,2023,TJMG,Brasília de Minas,PESSOA JURÍDICA,BANCO PAN S.A. CPF: 59.285.411/0001-13,Banco e financeira,IMPROCEDENTE,False,,15913
5000223-89.2021.8.08.0014,2021,TJES,Colatina,PESSOA FÍSICA,TELEFONICA BRASIL,Telecomunicações,IMPROCEDENTE,False,2000.0,13151
5000229-63.2022.8.08.0046,2022,TJES,São José do Calçado,PESSOA FÍSICA,,,EXTINTO SEM MÉRITO,False,,1988
5000233-47.2019.8.13.0473,2019,TJMG,Paraisópolis,PESSOA FÍSICA,,,EXTINTO SEM MÉRITO,False,,1683
5000236-11.2023.8.21.0094,2023,TJRS,Crissiumal,PESSOA FÍSICA,,,EXTINTO SEM MÉRITO,False,,3677
5000240-50.2021.8.08.0039,2021,TJES,Pancas,PESSOA FÍSICA,TELEFONICA BRASIL,Telecomunicações,IMPROCEDENTE,False,,5706
5000247-21.2022.8.13.0313,2022,TJMG,Ipatinga,PESSOA JURÍDICA,,,PROCEDENTE,True,10000.0,9471
5000250-12.2025.8.08.0021,2025,TJES,Vitória,PESSOA FÍSICA,SOROCRED - CREDITO,Banco e financeira,IMPROCEDENTE,False,,4318
5000251-73.2025.8.13.0177,2025,TJMG,Conceição do Rio Verde,PESSOA JURÍDICA,BANCO SANTANDER (BRASIL) S.A. CPF: 90.400.888/0001-42,Banco e financeira,PARCIALMENTE PROCEDENTE,True,,6290
5000263-83.2022.8.08.0031,2022,TJES,Mantenópolis,PESSOA FÍSICA,INSTITUTO BIBLICO DAS ASSEMBLEIAS DE DEUS,Outros,IMPROCEDENTE,False,,3933
5000265-61.2021.8.24.0025,2021,TJSC,Gaspar,PESSOA FÍSICA,OI MOVEL,Telecomunicações,ACORDO HOMOLOGADO,,,9197
5000266-52.2021.8.13.0607,2021,TJMG,Santos Dumont,PESSOA JURÍDICA,BANCO BMG S.A CPF: 61.186.680/0001-74,Banco e financeira,IMPROCEDENTE,False,5000.0,10359
5000270-30.2025.8.08.0012,2025,TJES,Vitória,PESSOA FÍSICA,C&A MODAS,Outros,IMPROCEDENTE,False,,3888
5000273-06.2022.8.24.0089,2022,TJSC,Penha,PESSOA FÍSICA,LABET EXAMES TOXICOLOGICOS,Outros,IMPROCEDENTE,False,,6170
5000277-17.2022.8.13.0520,2022,TJMG,Pompéu,PESSOA JURÍDICA,,,EXTINTO SEM MÉRITO,False,,3547
5000279-07.2025.8.13.0738,2025,TJMG,Jaíba,PESSOA JURÍDICA,BANCO DO BRASIL SA CPF: 00.000.000/0001-91,Banco e financeira,PROCEDENTE,True,,17216
5000279-30.2025.8.24.0017,2025,TJSC,Dionísio Cerqueira,PESSOA FÍSICA,CARMINATTI CEREAIS,Outros,IMPROCEDENTE,False,,7161
5000291-52.2023.8.21.0064,2023,TJRS,Santiago,PESSOA FÍSICA,BANCO DAYCOVAL,Banco e financeira,EXTINTO SEM MÉRITO,False,,2823
5000293-35.2022.8.13.0434,2022,TJMG,Monte Sião,PESSOA FÍSICA,,,ACORDO HOMOLOGADO,,,1074
5000300-31.2024.8.08.0067,2024,TJES,João Neiva,PESSOA FÍSICA,ARRAIAL DAJUDA ECO PARQUE,Outros,IMPROCEDENTE,False,,5225
5000302-93.2025.8.13.0271,2025,TJMG,Frutal,PESSOA JURÍDICA,PEFISA SA CREDITO FINANCIAMENTO E INVESTIMENTO CPF: 43.180.355/0001-12,Banco e financeira,PROCEDENTE,True,,7837
5000322-16.2024.8.13.0499,2024,TJMG,Perdões,PESSOA JURÍDICA,PROCURADORIA - BANCO BRADESCO S.A SENTENÇA 1 - RELATÓRIO TRATA-SE DE AÇÃO DE REPARAÇÃO,Banco e financeira,IMPROCEDENTE,False,,7772
5000324-16.2022.8.08.0007,2022,TJES,Baixo Guandu,PESSOA FÍSICA,BANCO LOSANGO,Banco e financeira,EXTINTO SEM MÉRITO,False,5000.0,16452
5000326-85.2021.8.13.0393,2021,TJMG,Manga,PESSOA JURÍDICA,,,IMPROCEDENTE,False,,9930
5000331-04.2022.8.24.0026,2022,TJSC,Guaramirim,PESSOA FÍSICA,BANCO DO BRASIL,Banco e financeira,EXTINTO SEM MÉRITO,False,,3245
5000331-48.2023.8.21.0124,2023,TJRS,Santo Cristo,PESSOA FÍSICA,RGE SUL DISTRIBUIDORA DE ENERGIA,Energia,EXTINTO SEM MÉRITO,False,,1424
5000335-96.2022.8.13.0236,2022,TJMG,Elói Mendes,PESSOA JURÍDICA,,,ACORDO HOMOLOGADO,,,1230
5000337-06.2025.8.13.0707,2025,TJMG,Varginha,PESSOA FÍSICA,,,IMPROCEDENTE,False,,5965
5000340-18.2023.8.24.0159,2023,TJSC,Armazém,PESSOA FÍSICA,BANCO BRADESCO,Banco e financeira,IMPROCEDENTE,False,,8259
5000341-21.2022.8.13.0522,2022,TJMG,Porteirinha,PESSOA JURÍDICA,,,PARCIALMENTE PROCEDENTE,True,10000.0,10716
5000342-52.2023.8.13.0657,2023,TJMG,Senador Firmino,PESSOA FÍSICA,,,ACORDO HOMOLOGADO,,,1372
5000343-58.2021.8.13.0414,2021,TJMG,Medina,PESSOA JURÍDICA,,,IMPROCEDENTE,False,3500.0,22342
5000344-63.2022.8.13.0105,2022,TJMG,Governador Valadares,PESSOA JURÍDICA,,,IMPROCEDENTE,False,,3957
5000346-47.2021.8.24.0045,2021,TJSC,Palhoça,PESSOA FÍSICA,FEIRAO DE MOVEIS,Outros,PROCEDENTE,True,2000.0,8679
5000348-94.2021.8.13.0183,2021,TJMG,Conselheiro Lafaiete,PESSOA JURÍDICA,,,ACORDO HOMOLOGADO,,,2083
5000351-91.2022.8.13.0481,2022,TJMG,Patrocínio,PESSOA JURÍDICA,TELEFONICA BRASIL,Telecomunicações,EXTINTO SEM MÉRITO,False,,1343
5000352-96.2022.8.13.0054,2022,TJMG,Barão de Cocais,PESSOA JURÍDICA,,,IMPROCEDENTE,False,,8435
5000358-63.2025.8.13.0680,2025,TJMG,Taiobeiras,PESSOA JURÍDICA,TRUSTHUB SECURITIZADORA S.A. CPF: 02.211.906/0001-80 E OUTROS,Outros,ACORDO HOMOLOGADO,,,4039
5000362-32.2024.8.13.0520,2024,TJMG,Pompéu,PESSOA JURÍDICA,AZUL LINHAS AÉREAS BRASILEIRAS S/A CPF: 09.296.295/0001-60,Transporte aéreo,,,,7538
5000366-45.2023.8.13.0313,2023,TJMG,Ipatinga,,,,PROCEDENTE,True,10000.0,13656
5000368-39.2022.8.13.0284,2022,TJMG,Guarani,PESSOA FÍSICA,,,ACORDO HOMOLOGADO,,,1353
5000369-71.2022.8.24.0040,2022,TJSC,Laguna,PESSOA FÍSICA,,,ACORDO HOMOLOGADO,,,2149
5000370-48.2021.8.13.0153,2021,TJMG,Cataguases,PESSOA JURÍDICA,,,IMPROCEDENTE,False,15000.0,6364
5000374-48.2020.8.13.0209,2020,TJMG,Curvelo,PESSOA JURÍDICA,,,EXTINTO SEM MÉRITO,False,,1187
5000374-83.2023.8.13.0422,2023,TJMG,Miraí,PESSOA JURÍDICA,,,IMPROCEDENTE,False,,9187
5000379-88.2022.8.13.0342,2022,TJMG,Ituiutaba,PESSOA JURÍDICA,,,PROCEDENTE,True,3799.0,7801
5000380-05.2022.8.24.0007,2022,TJSC,Biguaçu,PESSOA FÍSICA,CLINICA DE ESTETICA VIRTUOSA BIGUACU,Outros,EXTINTO SEM MÉRITO,False,,2811
5000403-66.2023.8.24.0119,2023,TJSC,Garuva,PESSOA FÍSICA,BANCO BRADESCO FINANCIAMENTOS,Banco e financeira,EXTINTO SEM MÉRITO,False,1200.0,3824
5000406-86.2023.8.21.0092,2023,TJRS,Constantina,PESSOA FÍSICA,RGE SUL DISTRIBUIDORA DE ENERGIA,Energia,EXTINTO SEM MÉRITO,False,,1518
5000439-40.2022.8.13.0446,2022,TJMG,Nepomuceno,PESSOA JURÍDICA,,,ACORDO HOMOLOGADO,,,941
5000439-59.2024.8.24.0027,2024,TJSC,Ibirama,PESSOA FÍSICA,UBER DO BRASIL TECNOLOGIA,Outros,IMPROCEDENTE,False,,8923
5000440-12.2022.8.13.0515,2022,TJMG,Piumhi,PESSOA JURÍDICA,COOPERATIVA DE CREDITO DE LIVRE ADMISSAO DO ALTO SAO FRANCISCO LTDA CPF: 41.805.003/0001-8,Banco e financeira,IMPROCEDENTE,False,,6577
5000442-62.2021.8.13.0144,2021,TJMG,Carmo do Rio Claro,PESSOA JURÍDICA,BOA VISTA SERVICOS S.A. CPF: 11.725.176/0001-27,Bureau de crédito,IMPROCEDENTE,False,,4746
5000448-05.2024.8.13.0778,2024,TJMG,Arinos,PESSOA FÍSICA,,,EXTINTO SEM MÉRITO,False,,5142
5000448-28.2025.8.08.0028,2025,TJES,Iúna,PESSOA FÍSICA,MERCADOLIVRE.COM ATIVIDADES DE INTERNET,Varejo e serviços,PARCIALMENTE PROCEDENTE,True,328.99,15092
5000451-92.2024.8.13.0249,2024,TJMG,Eugenópolis,PESSOA JURÍDICA,TELEFONICA BRASIL S.A. CPF: 02.558.157/0001-62,Telecomunicações,EXTINTO SEM MÉRITO,False,,1187
5000455-86.2023.8.21.0041,2023,TJRS,Canela,PESSOA FÍSICA,,,IMPROCEDENTE,False,,10279
5000460-59.2024.8.13.0021,2024,TJMG,Alto Rio Doce,PESSOA JURÍDICA,CLUBE CONECTAR DE SEGUROS E BENEFICIOS LTDA. CPF: 49.013.819/0001-82,Seguros,EXTINTO SEM MÉRITO,False,,2237
5000467-52.2025.8.13.0074,2025,TJMG,Bom Despacho,PESSOA JURÍDICA,GRUPO CASAS BAHIA S.A CPF: 33.041.260/0652-90,Varejo e serviços,PARCIALMENTE PROCEDENTE,True,,8015
5000475-02.2025.8.13.0568,2025,TJMG,Sabinópolis,PESSOA JURÍDICA,BANCO INBURSA S.A CPF: 04.866.275/0001-63,Banco e financeira,,,5000.0,18265
5000476-73.2025.8.13.0701,2025,TJMG,Uberaba,PESSOA FÍSICA,AZUL LINHAS AÉREAS BRASILEIRAS S/A CPF: 09.296.295/0001-60,Transporte aéreo,EXTINTO SEM MÉRITO,False,,9783
5000489-97.2021.8.08.0007,2021,TJES,Baixo Guandu,PESSOA FÍSICA,BANCO SANTANDER BRASIL,Banco e financeira,ACORDO HOMOLOGADO,,,1969
5000490-14.2025.8.21.0126,2025,TJRS,São José do Norte,PESSOA FÍSICA,COMPANHIA ESTADUAL DE DISTRIBUIÇÃO DE ENERGIA ELÉTRICA - CEEE-D,Energia,ACORDO HOMOLOGADO,,,1708
5000495-12.2022.8.13.0628,2022,TJMG,São João Evangelista,PESSOA JURÍDICA,,,IMPROCEDENTE,False,,7693
5000502-93.2022.8.24.0079,2022,TJSC,Videira,PESSOA FÍSICA,,,EXTINTO SEM MÉRITO,False,,2270
5000509-08.2021.8.24.0019,2021,TJSC,Concórdia,PESSOA FÍSICA,ESTADO DE SANTA CATARINA,Poder público,IMPROCEDENTE,False,,15139
5000511-53.2025.8.08.0028,2025,TJES,Iúna,PESSOA FÍSICA,COOPERATIVA DE CREDITO SUL-SERRANA DO ESPIRITO SANTO - SICOOB SUL-SERRANO,Banco e financeira,IMPROCEDENTE,False,,12137
5000513-06.2021.8.13.0422,2021,TJMG,Miraí,PESSOA JURÍDICA,,,EXTINTO SEM MÉRITO,False,,7100
5000518-53.2019.8.13.0210,2019,TJMG,Pedro Leopoldo,PESSOA JURÍDICA,TELEFONICA BRASIL S.A. E OUTROS,Telecomunicações,IMPROCEDENTE,False,,2924
5000518-61.2020.8.08.0047,2020,TJES,São Mateus,PESSOA FÍSICA,TELEFONICA BRASIL,Telecomunicações,EXTINTO SEM MÉRITO,False,,2593
5000522-29.2024.8.13.0303,2024,TJMG,Iguatama,,,,IMPROCEDENTE,False,,9878
5000527-11.2024.8.24.0282,2024,TJSC,Jaguaruna,PESSOA FÍSICA,SERASA,Bureau de crédito,IMPROCEDENTE,False,,13344
5000531-91.2025.8.24.0030,2025,TJSC,Imbituba,PESSOA FÍSICA,BANCO ITAU CONSIGNADO,Banco e financeira,EXTINTO SEM MÉRITO,False,,8564
5000536-90.2019.8.13.0334,2019,TJMG,Itapagipe,PESSOA JURÍDICA,,,IMPROCEDENTE,False,,9245
5000537-29.2024.8.13.0034,2024,TJMG,Araçuaí,PESSOA JURÍDICA,TAM LINHAS AEREAS S/A. CPF: 02.012.862/0001-60,Transporte aéreo,EXTINTO SEM MÉRITO,False,,1582
5000537-41.2024.8.21.0055,2024,TJRS,Jaguarão,PESSOA FÍSICA,SAO JOAO TRASPORTES RAZZERA,Outros,PARCIALMENTE PROCEDENTE,True,40000.0,17772
5000542-39.2023.8.21.0042,2023,TJRS,Canguçu,PESSOA FÍSICA,NILSON MOTO PECAS,Outros,EXTINTO SEM MÉRITO,False,,1713
5000543-87.2021.8.13.0439,2021,TJMG,Muriaé,PESSOA JURÍDICA,,,ACORDO HOMOLOGADO,,,1229
5000544-61.2021.8.08.0035,2021,TJES,Vitória,PESSOA FÍSICA,VIA VAREJO,Varejo e serviços,ACORDO HOMOLOGADO,,2000.0,8925
5000555-34.2024.8.24.0005,2024,TJSC,Balneário Camboriú,PESSOA FÍSICA,,,EXTINTO SEM MÉRITO,False,,6159
5000558-55.2022.8.24.0135,2022,TJSC,Navegantes,PESSOA FÍSICA,KOCH HIPERMERCADO,Outros,,,,13589
5000565-68.2021.8.13.0303,2021,TJMG,Iguatama,PESSOA JURÍDICA,BANCO BRADESCO CARTOES,Banco e financeira,EXTINTO SEM MÉRITO,False,,3494
5000569-30.2021.8.24.0035,2021,TJSC,Ituporanga,PESSOA FÍSICA,HDI SEGUROS,Seguros,IMPROCEDENTE,False,10000.0,11786
5000574-83.2023.8.08.0049,2023,TJES,Venda Nova do Imigrante,PESSOA FÍSICA,,,PARCIALMENTE PROCEDENTE,True,150.0,3870
5000575-41.2019.8.21.0051,2019,TJRS,Garibaldi,PESSOA FÍSICA,,,EXTINTO SEM MÉRITO,False,,1747
5000577-33.2020.8.13.0557,2020,TJMG,Rio Piracicaba,PESSOA JURÍDICA,TELEMAR NORTE LESTE,Telecomunicações,IMPROCEDENTE,False,,6630
5000578-95.2025.8.21.0047,2025,TJRS,Estrela,PESSOA FÍSICA,RGE SUL DISTRIBUIDORA DE ENERGIA,Energia,EXTINTO SEM MÉRITO,False,,2010
5000581-32.2024.8.13.0686,2024,TJMG,,,,,EXTINTO SEM MÉRITO,False,,375
5000583-24.2022.8.13.0378,2022,TJMG,Lambari,PESSOA FÍSICA,,,ACORDO HOMOLOGADO,,,950
5000586-85.2024.8.13.0611,2024,TJMG,São Francisco,PESSOA JURÍDICA,APDAP PREV-ASSOCIACAO DE PROTECAO E DEFESA DOS DIREITOS DOS APOSENTADOS E PENSIONISTAS CPF,Outros,PROCEDENTE,True,5000.0,8933
5000590-05.2021.8.08.0050,2021,TJES,Vitória,PESSOA FÍSICA,BANCO PAN,Banco e financeira,EXTINTO SEM MÉRITO,False,,7385
5000593-91.2021.8.24.0024,2021,TJSC,Fraiburgo,PESSOA FÍSICA,O ESTADO DE SANTA CATARINA,Poder público,,,50000.0,25977
5000595-82.2023.8.13.0352,2023,TJMG,Januária,PESSOA FÍSICA,,,IMPROCEDENTE,False,,11439
5000611-06.2020.8.13.0687,2020,TJMG,Timóteo,PESSOA FÍSICA,,,PARCIALMENTE PROCEDENTE,True,,10849
5000620-39.2022.8.13.0188,2022,TJMG,Nova Lima,PESSOA JURÍDICA,,,PARCIALMENTE PROCEDENTE,True,,7461
5000626-31.2021.8.24.0073,2021,TJSC,Timbó,PESSOA FÍSICA,BANCO BNP PARIBAS BRASIL,Banco e financeira,ACORDO HOMOLOGADO,,,2012
5000626-79.2024.8.21.0147,2024,TJRS,Restinga Seca,PESSOA FÍSICA,BANCO PAN,Banco e financeira,EXTINTO SEM MÉRITO,False,,1416
5000627-88.2022.8.24.0167,2022,TJSC,Araranguá,PESSOA FÍSICA,ESTADO DE SANTA CATARINA,Poder público,IMPROCEDENTE,False,,3412
5000631-83.2022.8.13.0474,2022,TJMG,Paraopeba,PESSOA JURÍDICA,CICLIC CORRETORA DE SEGUROS S.A. CPF: 29.032.677/0001-93 E OUTROS,Seguros,PARCIALMENTE PROCEDENTE,True,,8451
5000636-26.2021.8.13.0447,2021,TJMG,Nova Era,PESSOA JURÍDICA,,,,,,5319
5000647-77.2025.8.08.0019,2025,TJES,Ecoporanga,PESSOA FÍSICA,EDP ESPIRITO SANTO DISTRIBUIDORA DE ENERGIA,Energia,IMPROCEDENTE,False,,7886
5000649-18.2020.8.13.0105,2020,TJMG,Governador Valadares,PESSOA JURÍDICA,AZUL LINHAS AEREAS BRASILEIRAS,Transporte aéreo,PARCIALMENTE PROCEDENTE,True,,8550
5000664-42.2022.8.24.0159,2022,TJSC,Armazém,PESSOA FÍSICA,,,EXTINTO SEM MÉRITO,False,,1673
5000665-41.2021.8.13.0103,2021,TJMG,,,,,EXTINTO SEM MÉRITO,False,,844
5000668-28.2025.8.24.0045,2025,TJSC,Palhoça,PESSOA FÍSICA,,,PARCIALMENTE PROCEDENTE,True,2500.0,5137
5000668-66.2023.8.13.0348,2023,TJMG,Jacuí,PESSOA JURÍDICA,BANCO BNP PARIBAS BRASIL S.A. CPF: 01.522.368/0001-82,Banco e financeira,PROCEDENTE,True,9000.0,29128
5000672-67.2024.8.21.0115,2024,TJRS,Pedro Osório,PESSOA FÍSICA,COMPANHIA ESTADUAL DE DISTRIBUIÇÃO DE ENERGIA ELÉTRICA - CEEE-D,Energia,PROCEDENTE,True,5000.0,15174
5000673-41.2022.8.08.0032,2022,TJES,Mimoso do Sul,PESSOA FÍSICA,,,EXTINTO SEM MÉRITO,False,,4231
5000682-48.2023.8.24.0282,2023,TJSC,Jaguaruna,PESSOA FÍSICA,BANCO BRADESCO,Banco e financeira,PARCIALMENTE PROCEDENTE,True,3000.0,12047
5000693-92.2025.8.09.0163,2025,TJGO,Valparaíso de Goiás,PESSOA FÍSICA,LATAM AIRLINES GROUP,Transporte aéreo,IMPROCEDENTE,False,,6589
5000707-42.2022.8.24.0041,2022,TJSC,Mafra,PESSOA FÍSICA,,,EXTINTO SEM MÉRITO,False,,9290
5000713-55.2024.8.24.0081,2024,TJSC,Xaxim,PESSOA FÍSICA,ESTADO DE SANTA CATARINA,Poder público,IMPROCEDENTE,False,,14736
5000715-87.2022.8.13.0570,2022,TJMG,Salinas,PESSOA JURÍDICA,,,ACORDO HOMOLOGADO,,,1226
5000720-05.2021.8.13.0422,2021,TJMG,Miraí,PESSOA JURÍDICA,,,PARCIALMENTE PROCEDENTE,True,602.0,19148
5000722-57.2023.8.21.0106,2023,TJRS,Iraí,PESSOA FÍSICA,RGE SUL DISTRIBUIDORA DE ENERGIA,Energia,ACORDO HOMOLOGADO,,,1651
5000723-52.2022.8.13.0477,2022,TJMG,Passa Tempo,PESSOA JURÍDICA,,,IMPROCEDENTE,False,,8872
5000727-51.2023.8.24.0056,2023,TJSC,Santa Cecília,PESSOA FÍSICA,SPREAD FOMENTO COMERCIAL,Outros,EXTINTO SEM MÉRITO,False,,3222
5000728-88.2021.8.24.0029,2021,TJSC,Imaruí,PESSOA FÍSICA,CELESC DISTRIBUIÇÃO,Energia,PROCEDENTE,True,,9769
5000733-62.2020.8.13.0317,2020,TJMG,Itabira,PESSOA JURÍDICA,BANCO BRADESCO,Banco e financeira,EXTINTO SEM MÉRITO,False,,1006
5000738-20.2021.8.13.0521,2021,TJMG,Ponte Nova,PESSOA JURÍDICA,BANCO C6 CONSIGNADO,Banco e financeira,,,,614
5000740-58.2024.8.13.0529,2024,TJMG,Pratápolis,PESSOA JURÍDICA,,,ACORDO HOMOLOGADO,,,1365
5000749-82.2023.8.24.0065,2023,TJSC,São José do Cedro,PESSOA FÍSICA,BANCO BRADESCO,Banco e financeira,EXTINTO SEM MÉRITO,False,,2834
5000752-71.2024.8.13.0303,2024,TJMG,Iguatama,,,,EXTINTO SEM MÉRITO,False,,2606
5000752-84.2023.8.24.0017,2023,TJSC,Anchieta,PESSOA FÍSICA,ADICAR COMÉRCIO DE PEÇAS E ACESSÓRIOS,Outros,EXTINTO SEM MÉRITO,False,,3081
5000757-28.2021.8.08.0048,2021,TJES,Vitória,PESSOA FÍSICA,DMA DISTRIBUIDORA,Outros,ACORDO HOMOLOGADO,,,1001
5000763-87.2023.8.13.0642,2023,TJMG,São Romão,PESSOA FÍSICA,,,EXTINTO SEM MÉRITO,False,,6860
5000768-47.2018.8.13.0687,2018,TJMG,Timóteo,PESSOA FÍSICA,TELEMAR NORTE LESTE,Telecomunicações,,,9000.0,20699
5000769-56.2024.8.24.0027,2024,TJSC,Ibirama,PESSOA FÍSICA,,,IMPROCEDENTE,False,,8185
5000779-21.2021.8.24.0055,2021,TJSC,Rio Negrinho,PESSOA FÍSICA,BANCO DO BRASIL,Banco e financeira,PROCEDENTE,True,8000.0,12785
5000781-46.2024.8.13.0522,2024,TJMG,Porteirinha,PESSOA JURÍDICA,BANCO DAYCOVAL S.A. CPF: 62.232.889/0001-90 E OUTROS,Banco e financeira,IMPROCEDENTE,False,,9301
5000797-84.2022.8.13.0452,2022,TJMG,Nova Serrana,PESSOA JURÍDICA,,,IMPROCEDENTE,False,,5087
5000802-54.2021.8.13.0028,2021,TJMG,Andrelândia,PESSOA FÍSICA,,,IMPROCEDENTE,False,,22632
5000805-91.2020.8.13.0303,2020,TJMG,Iguatama,PESSOA JURÍDICA,BANCO BRADESCO CARTOES,Banco e financeira,PROCEDENTE,True,4000.0,11715
5000808-43.2024.8.13.0194,2024,TJMG,Coronel Fabriciano,PESSOA FÍSICA,,,EXTINTO SEM MÉRITO,False,,2519
5000813-17.2022.8.13.0071,2022,TJMG,Boa Esperança,PESSOA JURÍDICA,,,IMPROCEDENTE,False,,2323
5000813-40.2023.8.24.0050,2023,TJSC,Pomerode,PESSOA FÍSICA,COOPERATIVA DE CREDITO VALE DO ITAJAI VIACREDI,Banco e financeira,IMPROCEDENTE,False,,10673
5000813-67.2022.8.24.0020,2022,TJSC,Criciúma,PESSOA FÍSICA,,,EXTINTO SEM MÉRITO,False,,2347
5000816-79.2022.8.13.0003,2022,TJMG,Abre Campo,PESSOA JURÍDICA,,,IMPROCEDENTE,False,,8580
5000820-22.2025.8.08.0013,2025,TJES,Castelo,PESSOA FÍSICA,BANCO PAN,Banco e financeira,PARCIALMENTE PROCEDENTE,True,,9330
5000821-54.2022.8.13.0439,2022,TJMG,Muriaé,PESSOA JURÍDICA,,,EXTINTO SEM MÉRITO,False,,3369
5000838-61.2023.8.13.0114,2023,TJMG,Ibirité,PESSOA JURÍDICA,,,EXTINTO SEM MÉRITO,False,,9259
5000843-68.2023.8.08.0067,2023,TJES,João Neiva,PESSOA FÍSICA,FUNDO DE INVESTIMENTO EM DIREITOS CREDITORIOS NAO PADRONIZADOS NPL II,Banco e financeira,ACORDO HOMOLOGADO,,,1567
5000844-39.2025.8.21.0029,2025,TJRS,Santo Ângelo,PESSOA FÍSICA,ASSOCIACAO DOS APOSENTADOS DO BRASIL - AAB,Outros,PARCIALMENTE PROCEDENTE,True,3000.0,26156
5000846-40.2023.8.21.0106,2023,TJRS,Iraí,PESSOA FÍSICA,RGE SUL DISTRIBUIDORA DE ENERGIA,Energia,EXTINTO SEM MÉRITO,False,,1359
5000847-18.2023.8.13.0342,2023,TJMG,Ituiutaba,PESSOA JURÍDICA,,,EXTINTO SEM MÉRITO,False,,2444
5000848-42.2022.8.13.0114,2022,TJMG,Ibirité,PESSOA JURÍDICA,VALE S/A CPF: 33.592.510/0001-54,Outros,IMPROCEDENTE,False,,8711
5000850-41.2024.8.13.0696,2024,TJMG,Penápolis,PESSOA FÍSICA,,,IMPROCEDENTE,False,5562.0,586142
5000850-62.2022.8.08.0013,2022,TJES,Castelo,PESSOA FÍSICA,BANCO OURINVEST,Banco e financeira,EXTINTO SEM MÉRITO,False,,4079
5000850-77.2023.8.21.0106,2023,TJRS,Iraí,PESSOA FÍSICA,RGE SUL DISTRIBUIDORA DE ENERGIA,Energia,PROCEDENTE,True,3000.0,10966
5000853-84.2024.8.21.0045,2024,TJRS,Encruzilhada do Sul,PESSOA FÍSICA,BANCO ITAU CONSIGNADO,Banco e financeira,ACORDO HOMOLOGADO,,,1445
5000854-80.2025.8.08.0050,2025,TJES,Vitória,PESSOA FÍSICA,FUNDO DE INVESTIMENTO EM DIREITOS CREDITORIOS MULTSEGMENTOS NPL IPANEMA VI - NAO PADRONIZA,Banco e financeira,PROCEDENTE,True,5000.0,15099
5000856-14.2016.8.13.0313,2016,TJMG,Ipatinga,PESSOA FÍSICA,LOJAS RENNER,Varejo e serviços,IMPROCEDENTE,False,,10886
5000858-91.2025.8.13.0240,2025,TJMG,Ervália,PESSOA JURÍDICA,BANCO CETELEM S.A. CPF: 00.558.456/0001-71,Banco e financeira,ACORDO HOMOLOGADO,,,1182
5000861-81.2023.8.24.0055,2023,TJSC,Rio Negrinho,PESSOA FÍSICA,BRS IDIOMAS,Outros,PROCEDENTE,True,5000.0,15790
5000867-81.2021.8.08.0030,2021,TJES,Linhares,PESSOA FÍSICA,EDP ESPIRITO SANTO DISTRIBUIDORA DE ENERGIA,Energia,IMPROCEDENTE,False,,5217
5000869-61.2023.8.24.0054,2023,TJSC,Rio do Sul,PESSOA FÍSICA,BP PROMOTORA DE VENDAS,Outros,PARCIALMENTE PROCEDENTE,True,4000.0,15858
5000879-51.2023.8.21.0002,2023,TJRS,Alegrete,PESSOA FÍSICA,J B LUCROS E FINANCAS E ATIVIDADES DE CONSULTORIA,Outros,EXTINTO SEM MÉRITO,False,,1634
5000882-45.2024.8.08.0030,2024,TJES,Linhares,PESSOA FÍSICA,CASA DE SAUDE SAO BERNARDO,Outros,PARCIALMENTE PROCEDENTE,True,2000.0,13478
5000882-70.2023.8.21.0110,2023,TJRS,Marcelino Ramos,PESSOA FÍSICA,COMPANHIA RIOGRANDENSE DE SANEAMENTO CORSAN,Saneamento,EXTINTO SEM MÉRITO,False,,1590
5000888-24.2025.8.24.0078,2025,TJSC,Urussanga,PESSOA FÍSICA,COBUCCIO SOCIEDADE DE CRÉDITO DIRETO,Banco e financeira,ACORDO HOMOLOGADO,,,1830
5000888-87.2023.8.21.0042,2023,TJRS,Canguçu,PESSOA FÍSICA,COMPANHIA ESTADUAL DE DISTRIBUIÇÃO DE ENERGIA ELÉTRICA - CEEE-D,Energia,EXTINTO SEM MÉRITO,False,,1919
5000889-71.2024.8.13.0394,2024,TJMG,Manhuaçu,PESSOA JURÍDICA,,,EXTINTO SEM MÉRITO,False,,1335
5000891-62.2023.8.21.0100,2023,TJRS,Giruá,PESSOA FÍSICA,RGE SUL DISTRIBUIDORA DE ENERGIA,Energia,IMPROCEDENTE,False,,14359
5000895-57.2021.8.24.0045,2021,TJSC,Palhoça,PESSOA FÍSICA,EVG RESTAURANTE,Outros,IMPROCEDENTE,False,,16869
5000897-93.2022.8.24.0044,2022,TJSC,Lauro Müller,PESSOA FÍSICA,BANCO BMG,Banco e financeira,IMPROCEDENTE,False,,15692
5000901-75.2025.8.21.0120,2025,TJRS,Sananduva,PESSOA FÍSICA,AZUL LINHAS AEREAS BRASILEIRAS,Transporte aéreo,PROCEDENTE,True,1225.3,7836
5000907-59.2024.8.13.0017,2024,TJMG,Almenara,PESSOA JURÍDICA,,,EXTINTO SEM MÉRITO,False,,4482
5000908-07.2024.8.08.0042,2024,TJES,Rio Novo do Sul,PESSOA FÍSICA,UNIVERSO ASSOCIACAO DOS APOSENTADOS E PENSIONISTAS DOS REGIMES GERAL DA PREVIDENCIA SOCIAL,Outros,ACORDO HOMOLOGADO,,,1618
5000911-89.2024.8.13.0084,2024,TJMG,Botelhos,,,,IMPROCEDENTE,False,,10510
5000912-30.2025.8.24.0053,2025,TJSC,Quilombo,PESSOA FÍSICA,BANCO PAN,Banco e financeira,EXTINTO SEM MÉRITO,False,,2914
5000916-98.2023.8.21.0157,2023,TJRS,Parobé,PESSOA FÍSICA,BANCO PAN,Banco e financeira,EXTINTO SEM MÉRITO,False,,1412
5000924-86.2021.8.13.0054,2021,TJMG,Barão de Cocais,PESSOA JURÍDICA,,,IMPROCEDENTE,False,,10419
5000926-37.2021.8.13.0319,2021,TJMG,Itabirito,PESSOA FÍSICA,,,PARCIALMENTE PROCEDENTE,True,197.71,2872
5000932-14.2024.8.21.0126,2024,TJRS,São José do Norte,PESSOA FÍSICA,EQUATORIAL ENERGIA,Energia,PROCEDENTE,True,20000.0,11533
5000940-45.2021.8.13.0699,2021,TJMG,Ubá,PESSOA JURÍDICA,IRESOLVE COMPANHIA SECURITIZADORA DE CREDITOS FINANCEIROS S.A. E OUTROS,Banco e financeira,ACORDO HOMOLOGADO,,,1045
5000942-80.2024.8.13.0223,2024,TJMG,Divinópolis,PESSOA JURÍDICA,,,,,,533
5000947-30.2021.8.13.0572,2021,TJMG,Santa Bárbara,PESSOA FÍSICA,,,PROCEDENTE,True,10000.0,6323
5000948-81.2022.8.13.0086,2022,TJMG,Brasília de Minas,PESSOA JURÍDICA,,,,,,3281
5000958-58.2024.8.21.0143,2024,TJRS,Arroio do Tigre,PESSOA FÍSICA,RBS - ZERO HORA EDITORA JORNALISTICA,Outros,ACORDO HOMOLOGADO,,,3040
5000979-46.2021.8.13.0439,2021,TJMG,Muriaé,PESSOA JURÍDICA,,,,,,2128
5000983-15.2023.8.24.0049,2023,TJSC,Pinhalzinho,PESSOA FÍSICA,RECOVERY DO BRASIL CONSULTORIA,Outros,IMPROCEDENTE,False,,8344
5000983-61.2023.8.24.0163,2023,TJSC,Capivari de Baixo,PESSOA FÍSICA,,,IMPROCEDENTE,False,,8567
5000987-36.2020.8.13.0543,2020,TJMG,Resplendor,PESSOA JURÍDICA,VALE S/A E OUTROS (2),Outros,ACORDO HOMOLOGADO,,,2385
5000988-93.2023.8.13.0097,2023,TJMG,Cachoeira de Minas,PESSOA JURÍDICA,,,IMPROCEDENTE,False,,9935
5000990-66.2022.8.24.0073,2022,TJSC,Timbó,PESSOA FÍSICA,BANCO BRADESCO,Banco e financeira,EXTINTO SEM MÉRITO,False,,4845
5000991-64.2024.8.24.0046,2024,TJSC,Palmitos,PESSOA FÍSICA,JARA PNEUS,Outros,PROCEDENTE,True,390.0,19250
5000992-61.2022.8.08.0047,2022,TJES,São Mateus,PESSOA FÍSICA,,,PROCEDENTE,True,3020.0,2026
5000992-78.2024.8.13.0394,2024,TJMG,Manhuaçu,,,,EXTINTO SEM MÉRITO,False,,983
5000994-10.2020.8.24.0256,2020,TJSC,Modelo,PESSOA FÍSICA,,,PROCEDENTE,True,10000.0,6870
5000997-45.2021.8.24.0218,2021,TJSC,Catanduvas,PESSOA FÍSICA,ASBAPI-ASSOCIACAO BRASILEIRA DE APOSENTADOS,Outros,PROCEDENTE,True,8000.0,12662
5001003-90.2021.8.08.0026,2021,TJES,,,,,PARCIALMENTE PROCEDENTE,True,146.0,6793
5001008-80.2021.8.13.0024,2021,TJMG,Belo Horizonte,PESSOA JURÍDICA,,,IMPROCEDENTE,False,,10195
5001025-56.2023.8.21.0014,2023,TJRS,Esteio,PESSOA FÍSICA,MUNICÍPIO DE ESTEIO / RS,Poder público,EXTINTO SEM MÉRITO,False,,1551
5001030-35.2022.8.13.0629,2022,TJMG,São João Nepomuceno,PESSOA JURÍDICA,,,PROCEDENTE,True,,14958
5001037-85.2023.8.21.0106,2023,TJRS,Iraí,PESSOA FÍSICA,RGE SUL DISTRIBUIDORA DE ENERGIA,Energia,ACORDO HOMOLOGADO,,,2396
5001038-85.2025.8.13.0118,2025,TJMG,Canápolis,PESSOA JURÍDICA,FACEBOOK SERVICOS ONLINE DO BRASIL LTDA CPF: 13.347.016/0001-17,Outros,PROCEDENTE,True,7000.0,7666
5001040-52.2021.8.13.0132,2021,TJMG,Carandaí,PESSOA JURÍDICA,,,PARCIALMENTE PROCEDENTE,True,8000.0,11750
5001043-87.2023.8.21.0043,2023,TJRS,Cerro Largo,PESSOA FÍSICA,COMPANHIA RIOGRANDENSE DE SANEAMENTO CORSAN,Saneamento,EXTINTO SEM MÉRITO,False,,1443
5001048-98.2021.8.13.0303,2021,TJMG,Iguatama,PESSOA FÍSICA,,,EXTINTO SEM MÉRITO,False,,3473
5001059-07.2022.8.13.0073,2022,TJMG,Bocaiúva,PESSOA FÍSICA,,,EXTINTO SEM MÉRITO,False,,1928
5001064-69.2021.8.24.0166,2021,TJSC,Forquilhinha,PESSOA FÍSICA,MUNICÍPIO DE FORQUILHINHA/,Poder público,EXTINTO SEM MÉRITO,False,,2085
5001065-03.2023.8.13.0324,2023,TJMG,Itajubá,PESSOA JURÍDICA,BANCO C6 CONSIGNADO S.A. CPF: 61.348.538/0001-86,Banco e financeira,PROCEDENTE,True,3299.76,36286
5001067-27.2022.8.13.0479,2022,TJMG,Passos,PESSOA FÍSICA,,,,,,6620
5001067-54.2019.8.13.0407,2019,TJMG,Juatuba,PESSOA JURÍDICA,,,IMPROCEDENTE,False,,15467
5001071-41.2020.8.24.0087,2020,TJSC,Lauro Müller,PESSOA JURÍDICA,BANCO BRADESCO,Banco e financeira,PARCIALMENTE PROCEDENTE,True,,23142
5001072-26.2023.8.13.0637,2023,TJMG,São Lourenço,PESSOA FÍSICA,,,EXTINTO SEM MÉRITO,False,,2396
5001075-16.2021.8.08.0014,2021,TJES,Colatina,PESSOA FÍSICA,SAMARCO MINERACAO,Outros,PARCIALMENTE PROCEDENTE,True,,14868
5001075-81.2024.8.24.0073,2024,TJSC,Timbó,PESSOA FÍSICA,BANCO MERCANTIL DO BRASIL,Banco e financeira,EXTINTO SEM MÉRITO,False,,3284
5001079-76.2024.8.13.0283,2024,TJMG,Guaranésia,PESSOA FÍSICA,,,IMPROCEDENTE,False,195.23,13356
5001081-38.2025.8.13.0242,2025,TJMG,Espera Feliz,PESSOA FÍSICA,DEPARTAMENTO ESTADUAL DE TRANSITO DO ESTADO DE SÃO PAULO CPF: 15.519.361/0001-16,Poder público,EXTINTO SEM MÉRITO,False,,4027
5001091-17.2022.8.24.0037,2022,TJSC,Joaçaba,PESSOA FÍSICA,BANCO BMG,Banco e financeira,EXTINTO SEM MÉRITO,False,,2110
5001092-29.2021.8.24.0104,2021,TJSC,Ascurra,PESSOA FÍSICA,GLOBO COMUNICAÇÃO E PARTICIPAÇÕES,Outros,PARCIALMENTE PROCEDENTE,True,10000.0,17638
5001096-60.2020.8.08.0035,2020,TJES,Vitória,PESSOA FÍSICA,SERASA,Bureau de crédito,IMPROCEDENTE,False,,6127
5001105-51.2020.8.13.0433,2020,TJMG,Montes Claros,PESSOA FÍSICA,,,IMPROCEDENTE,False,,4466
5001111-48.2020.8.13.0598,2020,TJMG,Santa Vitória,PESSOA JURÍDICA,BANCO PAN,Banco e financeira,EXTINTO SEM MÉRITO,False,,1626
5001118-56.2023.8.21.0131,2023,TJRS,São Vicente do Sul,PESSOA FÍSICA,GOL LINHAS AEREAS,Transporte aéreo,PARCIALMENTE PROCEDENTE,True,352.92,17667
5001120-54.2021.8.08.0035,2021,TJES,Vitória,PESSOA FÍSICA,RIOT GAMES SERVICOS,Outros,IMPROCEDENTE,False,,9564
5001132-81.2022.8.24.0037,2022,TJSC,Joaçaba,PESSOA FÍSICA,IMPERIAL SUPERMERCADOS,Varejo e serviços,PROCEDENTE,True,20000.0,17401
5001145-89.2022.8.13.0521,2022,TJMG,Ponte Nova,PESSOA JURÍDICA,,,ACORDO HOMOLOGADO,,,1052
5001164-64.2018.8.13.0027,2018,TJMG,Betim,PESSOA JURÍDICA,CLARO,Telecomunicações,IMPROCEDENTE,False,799.92,2953
5001166-70.2021.8.24.0076,2021,TJSC,Turvo,PESSOA FÍSICA,BANCO C6 CONSIGNADO,Banco e financeira,PARCIALMENTE PROCEDENTE,True,,16298
5001169-45.2023.8.21.0106,2023,TJRS,Iraí,PESSOA FÍSICA,RGE SUL DISTRIBUIDORA DE ENERGIA,Energia,PROCEDENTE,True,3000.0,12745
5001170-09.2025.8.24.0031,2025,TJSC,Indaial,PESSOA FÍSICA,AZUL LINHAS AEREAS BRASILEIRAS,Transporte aéreo,PARCIALMENTE PROCEDENTE,True,5000.0,8652
5001185-66.2023.8.21.0116,2023,TJRS,Planalto,PESSOA FÍSICA,,,ACORDO HOMOLOGADO,,,2463
5001187-66.2023.8.21.0106,2023,TJRS,Iraí,PESSOA FÍSICA,RGE SUL DISTRIBUIDORA DE ENERGIA,Energia,ACORDO HOMOLOGADO,,,2403
5001195-67.2024.8.21.0119,2024,TJRS,Porto Xavier,PESSOA FÍSICA,SINDICATO NACIONAL DOS APOSENTADOS,Outros,PARCIALMENTE PROCEDENTE,True,5000.0,19045
5001199-66.2022.8.08.0045,2022,TJES,São Gabriel da Palha,PESSOA FÍSICA,LOJAS SIMONETTI,Varejo e serviços,PARCIALMENTE PROCEDENTE,True,3000.0,5393
5001206-91.2023.8.21.0035,2023,TJRS,Sapucaia do Sul,PESSOA FÍSICA,UBER DO BRASIL TECNOLOGIA,Outros,ACORDO HOMOLOGADO,,,1768
5001211-17.2023.8.13.0042,2023,TJMG,Arcos,PESSOA JURÍDICA,,,EXTINTO SEM MÉRITO,False,,1786
5001211-60.2025.8.24.0003,2025,TJSC,Anita Garibaldi,PESSOA FÍSICA,C&A MODAS,Outros,PARCIALMENTE PROCEDENTE,True,,8528
5001213-86.2025.8.13.0342,2025,TJMG,Ituiutaba,PESSOA FÍSICA,,,ACORDO HOMOLOGADO,,,1350
5001221-17.2023.8.08.0037,2023,TJES,Muniz Freire,PESSOA FÍSICA,VINHEDOS TRANSPORTES,Outros,IMPROCEDENTE,False,,4217
5001221-49.2021.8.13.0392,2021,TJMG,Malacacheta,PESSOA JURÍDICA,,,IMPROCEDENTE,False,,8165
5001226-82.2023.8.21.0132,2023,TJRS,Sapiranga,PESSOA FÍSICA,FUGINI ALIMENTOS,Outros,IMPROCEDENTE,False,,11346
5001227-86.2022.8.13.0694,2022,TJMG,Três Pontas,PESSOA FÍSICA,,,EXTINTO SEM MÉRITO,False,,4227
5001230-59.2023.8.24.0028,2023,TJSC,Içara,PESSOA FÍSICA,UBER DO BRASIL TECNOLOGIA,Outros,EXTINTO SEM MÉRITO,False,,2054
5001241-65.2020.8.13.0686,2020,TJMG,,,,,ACORDO HOMOLOGADO,,,536
5001243-16.2018.8.21.2001,2018,TJRS,Porto Alegre,PESSOA FÍSICA,BANCO BMG,Banco e financeira,IMPROCEDENTE,False,,5127
5001247-89.2022.8.08.0056,2022,TJES,Santa Maria de Jetibá,PESSOA FÍSICA,BANCO SAFRA,Banco e financeira,ACORDO HOMOLOGADO,,,2030
5001247-93.2022.8.24.0040,2022,TJSC,Laguna,PESSOA FÍSICA,BANCO CETELEM,Banco e financeira,EXTINTO SEM MÉRITO,False,,1641
5001248-81.2024.8.13.0180,2024,TJMG,Congonhas,,,,ACORDO HOMOLOGADO,,,1585
5001249-61.2022.8.13.0657,2022,TJMG,Senador Firmino,PESSOA FÍSICA,,,PARCIALMENTE PROCEDENTE,True,1500.0,8016
5001255-83.2023.8.24.0089,2023,TJSC,Penha,PESSOA FÍSICA,GOL LINHAS AEREAS,Transporte aéreo,PARCIALMENTE PROCEDENTE,True,8000.0,12155
5001258-16.2025.8.21.0036,2025,TJRS,Soledade,PESSOA FÍSICA,LATICINIO FRIOLACK,Outros,EXTINTO SEM MÉRITO,False,,1416
5001258-67.2024.8.24.0068,2024,TJSC,Seara,PESSOA FÍSICA,SEMP TCL INDUSTRIA E COMERCIO DE ELETROELETRONICOS,Energia,PARCIALMENTE PROCEDENTE,True,2709.9,12055
5001264-40.2024.8.24.0047,2024,TJSC,Papanduva,PESSOA FÍSICA,CENTRAIS ELÉTRICAS DE SANTA CATARINA S/A - CELESC,Energia,IMPROCEDENTE,False,,7937
5001265-91.2023.8.21.1001,2023,TJRS,Porto Alegre,PESSOA FÍSICA,PRUDENTIAL DO BRASIL SEGUROS DE VIDA,Seguros,ACORDO HOMOLOGADO,,,2065
5001268-84.2022.8.13.0522,2022,TJMG,Porteirinha,,,,ACORDO HOMOLOGADO,,,1877
5001274-20.2024.8.24.0036,2024,TJSC,Jaraguá do Sul,PESSOA FÍSICA,BANCO J. SAFRA,Banco e financeira,PROCEDENTE,True,5000.0,16857
5001274-49.2021.8.13.0515,2021,TJMG,Piumhi,PESSOA JURÍDICA,BANCO BMG S.A CPF: 61.186.680/0001-74,Banco e financeira,EXTINTO SEM MÉRITO,False,,3363
5001280-14.2024.8.24.0008,2024,TJSC,Blumenau,PESSOA FÍSICA,COMPANHIA ULTRAGAZ,Outros,IMPROCEDENTE,False,,11921
5001283-62.2022.8.13.0034,2022,TJMG,Araçuaí,PESSOA FÍSICA,,,IMPROCEDENTE,False,,7028
5001293-82.2025.8.13.0687,2025,TJMG,Timóteo,PESSOA JURÍDICA,GOOGLE BRASIL INTERNET LTDA CPF: 06.990.590/0001-23,Outros,IMPROCEDENTE,False,,8809
5001297-80.2019.8.21.0017,2019,TJRS,Lajeado,PESSOA FÍSICA,EDITORA GAZETA SANTA CRUZ,Outros,IMPROCEDENTE,False,,16389
5001305-23.2022.8.13.0034,2022,TJMG,Araçuaí,PESSOA JURÍDICA,,,EXTINTO SEM MÉRITO,False,,8426
5001317-56.2023.8.21.0106,2023,TJRS,Iraí,PESSOA FÍSICA,RGE SUL DISTRIBUIDORA DE ENERGIA,Energia,ACORDO HOMOLOGADO,,,2398
5001321-10.2023.8.24.0042,2023,TJSC,Maravilha,PESSOA FÍSICA,BANCO MERCANTIL DO BRASIL,Banco e financeira,EXTINTO SEM MÉRITO,False,,1548
5001322-50.2023.8.24.0056,2023,TJSC,Santa Cecília,PESSOA FÍSICA,BANCO DO BRASIL,Banco e financeira,IMPROCEDENTE,False,,15189
5001326-54.2024.8.21.0115,2024,TJRS,Pelotas,PESSOA FÍSICA,COMPANHIA ESTADUAL DE DISTRIBUIÇÃO DE ENERGIA ELÉTRICA - CEEE-D,Energia,PROCEDENTE,True,8000.0,14035
5001338-69.2025.8.24.0044,2025,TJSC,Orleans,PESSOA FÍSICA,CARREFOUR COMERCIO E INDUSTRIA,Outros,PARCIALMENTE PROCEDENTE,True,10000.0,21276
5001342-21.2021.8.13.0540,2021,TJMG,Rio Casca,PESSOA JURÍDICA,,,ACORDO HOMOLOGADO,,,2208
5001344-68.2022.8.24.0016,2022,TJSC,Capinzal,PESSOA FÍSICA,ESTADO DE SANTA CATARINA,Poder público,PROCEDENTE,True,15000.0,12778
5001350-19.2018.8.13.0567,2018,TJMG,Sabará,PESSOA FÍSICA,BANCO BRADESCO CARTOES,Banco e financeira,ACORDO HOMOLOGADO,,,1029
5001365-19.2022.8.21.0116,2022,TJRS,Planalto,PESSOA FÍSICA,AVON COSMETICOS,Outros,ACORDO HOMOLOGADO,,,1397
5001365-37.2024.8.24.0028,2024,TJSC,Içara,PESSOA FÍSICA,SAMSUNG SDS LATIN AMERICA TECNOLOGIA E LOGISTICA,Outros,IMPROCEDENTE,False,,5458
5001365-61.2024.8.21.0047,2024,TJRS,Estrela,PESSOA FÍSICA,RGE SUL DISTRIBUIDORA DE ENERGIA,Energia,PARCIALMENTE PROCEDENTE,True,5000.0,11553
5001370-04.2024.8.21.0138,2024,TJRS,Tenente Portela,PESSOA FÍSICA,A ASSOCIACAO NO BRASIL DE APOSENTADOS E PENSIONISTAS DA PREVIDENCIA SOCIAL - AP BRASIL,Outros,ACORDO HOMOLOGADO,,,1520
5001372-93.2019.8.21.0058,2019,TJRS,Nova Prata,PESSOA FÍSICA,OMNI S/A CREDITO FINANCIAMENTO E INVESTIMENTO,Banco e financeira,IMPROCEDENTE,False,,4940
5001378-42.2024.8.24.0026,2024,TJSC,Guaramirim,PESSOA FÍSICA,BANCO BRADESCO,Banco e financeira,PARCIALMENTE PROCEDENTE,True,,10307
5001384-33.2024.8.21.0026,2024,TJRS,Santa Cruz do Sul,PESSOA FÍSICA,ASSOCIACAO BRASILEIRA DE CONSELHEIROS BIBLICOS,Outros,PARCIALMENTE PROCEDENTE,True,10000.0,24662
5001391-54.2022.8.13.0499,2022,TJMG,Perdões,,,,EXTINTO SEM MÉRITO,False,,4512
5001406-61.2024.8.21.0036,2024,TJRS,Soledade,PESSOA FÍSICA,SERASA,Bureau de crédito,IMPROCEDENTE,False,,13310
5001410-25.2022.8.24.0056,2022,TJSC,Curitibanos,PESSOA FÍSICA,BANCO DAYCOVAL,Banco e financeira,,,10000.0,5356
5001411-02.2022.8.13.0481,2022,TJMG,Patrocínio,PESSOA JURÍDICA,,,ACORDO HOMOLOGADO,,,1365
5001413-96.2024.8.21.0054,2024,TJRS,Itaqui,,,,,,,2221
5001418-15.2023.8.21.0035,2023,TJRS,Sapucaia do Sul,,,,PROCEDENTE,True,8000.0,9335
5001421-89.2021.8.13.0284,2021,TJMG,Guarani,PESSOA JURÍDICA,,,EXTINTO SEM MÉRITO,False,,953
5001422-07.2024.8.13.0434,2024,TJMG,Monte Sião,PESSOA JURÍDICA,BANCO C6 S/A CPF: 31.872.495/0001-72,Banco e financeira,PROCEDENTE,True,3000.0,2906
5001427-02.2021.8.24.0087,2021,TJSC,Lauro Müller,PESSOA FÍSICA,BP PROMOTORA DE VENDAS,Outros,ACORDO HOMOLOGADO,,,3300
5001438-51.2024.8.13.0598,2024,TJMG,Santa Vitória,PESSOA JURÍDICA,UNIAO NACIONAL DOS APOSENTADOS E PENSIONISTAS DO BRASIL- UNABRASIL CPF: 00.215.187/0001-40,Poder público,PARCIALMENTE PROCEDENTE,True,20000.0,10388
5001442-44.2023.8.21.0067,2023,TJRS,São Lourenço do Sul,PESSOA FÍSICA,MOVISTAR OPERACOES LOGISTICAS,Outros,ACORDO HOMOLOGADO,,,1568
5001442-86.2019.8.13.0720,2019,TJMG,Visconde do Rio Branco,PESSOA JURÍDICA,,,EXTINTO SEM MÉRITO,False,,1058
5001443-75.2023.8.21.6001,2023,TJRS,Porto Alegre,PESSOA FÍSICA,GOL LINHAS AEREAS,Transporte aéreo,ACORDO HOMOLOGADO,,,1445
5001452-94.2023.8.13.0428,2023,TJMG,Monte Alegre de Minas,PESSOA JURÍDICA,ZEMA ADMINISTRADORA DE CONSORCIO LTDA CPF: 23.367.634/0001-82,Outros,IMPROCEDENTE,False,,5712
5001458-77.2024.8.24.0067,2024,TJSC,São Miguel do Oeste,PESSOA FÍSICA,TAM LINHAS AEREAS,Transporte aéreo,IMPROCEDENTE,False,2000.0,29133
5001459-23.2022.8.13.0137,2022,TJMG,Carlos Chagas Praça,PESSOA FÍSICA,,,PARCIALMENTE PROCEDENTE,True,,6043
5001460-80.2023.8.24.0035,2023,TJSC,Ituporanga,PESSOA FÍSICA,,,PARCIALMENTE PROCEDENTE,True,,7765
5001462-83.2022.8.21.0127,2022,TJRS,São José do Ouro,PESSOA FÍSICA,EUSEBIO PREDEBON E CIA,Outros,EXTINTO SEM MÉRITO,False,,1645
5001466-79.2025.8.13.0114,2025,TJMG,Ibirité,PESSOA JURÍDICA,BANCO SANTANDER (BRASIL) S.A. CPF: 90.400.888/0001-42,Banco e financeira,IMPROCEDENTE,False,20000.0,23374
5001473-34.2024.8.13.0267,2024,TJMG,Francisco Sá,PESSOA JURÍDICA,AZUL LINHAS AÉREAS BRASILEIRAS S/A CPF: 09.296.295/0001-60,Transporte aéreo,IMPROCEDENTE,False,,9614
5001473-69.2020.8.13.0624,2020,TJMG,São João da Ponte,PESSOA JURÍDICA,BANCO ITAU CONSIGNADO S.A. CPF: 33.885.724/0001-19,Banco e financeira,ACORDO HOMOLOGADO,,,1580
5001474-59.2023.8.21.0096,2023,TJRS,Faxinal do Soturno,PESSOA FÍSICA,,,ACORDO HOMOLOGADO,,,1535
5001478-68.2022.8.13.0027,2022,TJMG,Betim,PESSOA JURÍDICA,VALE S/A CPF: 33.592.510/0001-54,Outros,IMPROCEDENTE,False,,12978
5001487-18.2024.8.21.0098,2024,TJRS,Gaurama,PESSOA FÍSICA,CLINICA DE ESTETICA ERECHIM,Outros,PARCIALMENTE PROCEDENTE,True,,6253
5001491-92.2023.8.13.0363,2023,TJMG,João Pinheiro,PESSOA JURÍDICA,,,IMPROCEDENTE,False,,11640
5001494-17.2021.8.13.0040,2021,TJMG,Araxá,PESSOA FÍSICA,,,PARCIALMENTE PROCEDENTE,True,,14700
5001510-49.2025.8.21.0026,2025,TJRS,Santa Cruz do Sul,PESSOA FÍSICA,,,EXTINTO SEM MÉRITO,False,,1538
5001514-84.2024.8.21.0135,2024,TJRS,Tapejara,PESSOA FÍSICA,CALCARD ADMINISTRADORA DE CARTOES,Outros,EXTINTO SEM MÉRITO,False,,1829
5001523-21.2022.8.24.0139,2022,TJSC,Porto Belo,PESSOA FÍSICA,BANCO BRADESCARD,Banco e financeira,PROCEDENTE,True,7000.0,13072
5001527-92.2024.8.24.0008,2024,TJSC,Blumenau,PESSOA FÍSICA,BP PROMOTORA DE VENDAS,Outros,EXTINTO SEM MÉRITO,False,,1810
5001532-92.2022.8.24.0038,2022,TJSC,Joinville,PESSOA FÍSICA,BANCO C6 CONSIGNADO,Banco e financeira,PROCEDENTE,True,,19391
5001536-32.2022.8.13.0525,2022,TJMG,Pouso Alegre,PESSOA FÍSICA,,,IMPROCEDENTE,False,,10550
5001542-18.2021.8.13.0123,2021,TJMG,Capelinha,,,,ACORDO HOMOLOGADO,,,8736
5001547-65.2024.8.13.0016,2024,TJMG,Alfenas,PESSOA JURÍDICA,,,EXTINTO SEM MÉRITO,False,,2987
5001547-88.2024.8.24.0071,2024,TJSC,Tangará,PESSOA FÍSICA,BANCO BRADESCO,Banco e financeira,PROCEDENTE,True,5000.0,13688
5001548-49.2022.8.21.0161,2022,TJRS,Salto do Jacuí,PESSOA FÍSICA,BANCO DO BRASIL,Banco e financeira,ACORDO HOMOLOGADO,,,1466
5001550-78.2024.8.24.0027,2024,TJSC,Ibirama,PESSOA FÍSICA,COOPERATIVA DE CREDITO DE LIVRE ADMISSAO DO ALTO VALE DO ITAJAI - VIACREDI ALTO VALE,Banco e financeira,ACORDO HOMOLOGADO,,,2199
5001562-07.2024.8.13.0704,2024,TJMG,Unaí,PESSOA JURÍDICA,CAIXETA CLINICA ODONTOLOGICA LTDA CPF: 34.770.837/0001-31,Plano de saúde,IMPROCEDENTE,False,,8023
5001574-37.2021.8.13.0086,2021,TJMG,Brasília de Minas,PESSOA JURÍDICA,,,IMPROCEDENTE,False,,5578
5001575-26.2021.8.24.0018,2021,TJSC,Chapecó,PESSOA FÍSICA,,,ACORDO HOMOLOGADO,,,8458
5001576-79.2022.8.13.0471,2022,TJMG,Pará de Minas,PESSOA FÍSICA,,,PARCIALMENTE PROCEDENTE,True,,3047
5001578-11.2022.8.13.0710,2022,TJMG,Vazante,PESSOA JURÍDICA,,,IMPROCEDENTE,False,,10568
5001585-68.2024.8.24.0017,2024,TJSC,Campo Belo do Sul,PESSOA FÍSICA,,,PROCEDENTE,True,,14695
5001586-18.2023.8.13.0236,2023,TJMG,Elói Mendes,PESSOA FÍSICA,HURB TECHNOLOGIES S.A. CPF: 12.954.744/0001-24,Outros,PARCIALMENTE PROCEDENTE,True,1109.57,6426
5001602-50.2019.8.21.5001,2019,TJRS,Porto Alegre,PESSOA FÍSICA,BANCO CETELEM,Banco e financeira,ACORDO HOMOLOGADO,,,1453
5001608-59.2025.8.13.0607,2025,TJMG,Santos Dumont,PESSOA FÍSICA,,,EXTINTO SEM MÉRITO,False,,2419
5001610-63.2023.8.21.0029,2023,TJRS,Santo Ângelo,PESSOA FÍSICA,,,ACORDO HOMOLOGADO,,,1501
5001613-90.2024.8.13.0486,2024,TJMG,Peçanha,PESSOA JURÍDICA,SERASA S.A. CPF: 62.173.620/0001-80,Bureau de crédito,IMPROCEDENTE,False,,5463
5001614-15.2023.8.08.0045,2023,TJES,São Gabriel da Palha,PESSOA FÍSICA,,,PROCEDENTE,True,3000.0,14975
5001630-02.2023.8.21.0111,2023,TJRS,Mostardas,PESSOA FÍSICA,ITAU UNIBANCO,Banco e financeira,PROCEDENTE,True,,17536
5001639-64.2022.8.24.0159,2022,TJSC,Armazém,PESSOA FÍSICA,MLKL COMUNICACOES DIGTAIS,Outros,ACORDO HOMOLOGADO,,,2404
5001653-89.2022.8.24.0113,2022,TJSC,Camboriú,PESSOA FÍSICA,UNIMED VERTENTE DO CAPARAO COOP TRAB MEDICO,Plano de saúde,EXTINTO SEM MÉRITO,False,,3094
5001654-78.2021.8.21.0053,2021,TJRS,Guaporé,PESSOA FÍSICA,,,ACORDO HOMOLOGADO,,,1834
5001664-88.2022.8.24.0026,2022,TJSC,Guaramirim,PESSOA FÍSICA,TERRA NETWORKS BRASIL,Outros,EXTINTO SEM MÉRITO,False,,3296
5001688-86.2023.8.21.6001,2023,TJRS,Porto Alegre,PESSOA FÍSICA,ATIVOS S.A. SECURITIZADORA DE CREDITOS FINANCEIROS,Banco e financeira,IMPROCEDENTE,False,,8920
5001690-28.2021.8.13.0382,2021,TJMG,Lavras,PESSOA FÍSICA,,,EXTINTO SEM MÉRITO,False,,1874
5001693-78.2023.8.13.0069,2023,TJMG,Bicas,PESSOA JURÍDICA,SP GESTAO DE NEGOCIOS LTDA CPF: 40.007.642/0001-37,Outros,IMPROCEDENTE,False,,10677
5001697-06.2021.8.24.0126,2021,TJSC,Itapoá,PESSOA JURÍDICA,OI MOVEL,Telecomunicações,PROCEDENTE,True,15000.0,9356
5001712-39.2022.8.08.0011,2022,TJES,Cachoeiro de Itapemirim,PESSOA FÍSICA,BANCO PAN,Banco e financeira,IMPROCEDENTE,False,,5667
5001718-50.2023.8.21.0140,2023,TJRS,Barra do Ribeiro,PESSOA FÍSICA,COMPANHIA PAULISTA DE FORCA E LUZ,Outros,ACORDO HOMOLOGADO,,,1540
5001721-47.2022.8.13.0080,2022,TJMG,Bom Sucesso,PESSOA JURÍDICA,BANCO DO BRASIL SA CPF: 00.000.000/0001-91,Banco e financeira,PARCIALMENTE PROCEDENTE,True,,10200
5001730-71.2022.8.13.0027,2022,TJMG,Betim,,,,PROCEDENTE,True,,12219
5001731-51.2023.8.21.0010,2023,TJRS,Caxias,,,,,,,2491
5001734-37.2023.8.13.0686,2023,TJMG,,PESSOA FÍSICA,,,PARCIALMENTE PROCEDENTE,True,,7303
5001738-30.2023.8.08.0002,2023,TJES,Alegre,PESSOA FÍSICA,CLIMERES - SERVICOS MEDICOS E DIAGNOSTICO POR IMAGEM,Outros,PARCIALMENTE PROCEDENTE,True,10000.0,12042
5001738-35.2024.8.21.0163,2024,TJRS,Terra de Areia,PESSOA FÍSICA,COMPANHIA ESTADUAL DE DISTRIBUIÇÃO DE ENERGIA ELÉTRICA - CEEE-D,Energia,ACORDO HOMOLOGADO,,,1507
5001739-74.2020.8.13.0521,2020,TJMG,Ponte Nova,PESSOA JURÍDICA,SKY BANDA LARGA E SERVIÇOS,Telecomunicações,EXTINTO SEM MÉRITO,False,,796
5001749-17.2024.8.24.0087,2024,TJSC,Lauro Müller,PESSOA FÍSICA,BANCO MASTER,Banco e financeira,EXTINTO SEM MÉRITO,False,,1806
5001758-03.2023.8.24.0058,2023,TJSC,São Bento do Sul,PESSOA JURÍDICA,TECIDOS E ARMARINHOS MIGUEL BARTOLOMEU,Outros,ACORDO HOMOLOGADO,,,2221
5001759-37.2025.8.24.0019,2025,TJSC,Concórdia,PESSOA FÍSICA,JL MULTIMARCAS COMERCIO DE VEICULOS,Outros,ACORDO HOMOLOGADO,,,2096
5001760-29.2023.8.24.0007,2023,TJSC,Biguaçu,PESSOA FÍSICA,GOL LINHAS AEREAS,Transporte aéreo,IMPROCEDENTE,False,,3126
5001761-17.2023.8.13.0105,2023,TJMG,Governador Valadares,PESSOA FÍSICA,,,EXTINTO SEM MÉRITO,False,,2014
5001762-51.2019.8.13.0231,2019,TJMG,Ribeirão das Neves Rua Vera Lúcia de Oliveira,PESSOA FÍSICA,VIA VAREJO,Varejo e serviços,ACORDO HOMOLOGADO,,,920
5001788-35.2019.8.13.0074,2019,TJMG,Bom Despacho,PESSOA FÍSICA,,,IMPROCEDENTE,False,,6597
5001800-32.2022.8.08.0026,2022,TJES,,,,,IMPROCEDENTE,False,,5073
5001804-40.2025.8.13.0086,2025,TJMG,Brasília de Minas,PESSOA JURÍDICA,APOSTA GANHA LOTERIAS LTDA CPF: 56.001.749/0001-08,Outros,PROCEDENTE,True,975.0,5714
5001805-81.2023.8.21.0018,2023,TJRS,Montenegro,PESSOA FÍSICA,,,ACORDO HOMOLOGADO,,,2126
5001806-49.2024.8.13.0440,2024,TJMG,Mutum,PESSOA FÍSICA,,,ACORDO HOMOLOGADO,,,1637
5001808-93.2021.8.13.0708,2021,TJMG,Várzea da Palma,PESSOA FÍSICA,,,IMPROCEDENTE,False,,3115
5001810-57.2024.8.13.0191,2024,TJMG,Corinto,PESSOA FÍSICA,,,IMPROCEDENTE,False,,5939
5001828-77.2022.8.13.0699,2022,TJMG,Ubá,PESSOA JURÍDICA,,,EXTINTO SEM MÉRITO,False,,1352
5001833-60.2023.8.08.0002,2023,TJES,Alegre,PESSOA FÍSICA,FACEBOOK SERVICOS ONLINE DO BRASIL,Outros,ACORDO HOMOLOGADO,,,1564
5001835-43.2023.8.08.0030,2023,TJES,Linhares,PESSOA FÍSICA,LAGUNA MOTOS - COMERCIO DE MOTOS,Outros,ACORDO HOMOLOGADO,,,2323
5001838-30.2021.8.24.0189,2021,TJSC,Santa Rosa do Sul,PESSOA FÍSICA,CONSIGNUM - PROGRAMA DE CONTROLE E GERENCIAMENTO DE MARGEM,Outros,EXTINTO SEM MÉRITO,False,,1894
5001840-46.2021.8.21.0039,2021,TJRS,Viamão,PESSOA FÍSICA,CREDIGY SOLUCOES FINANCEIRAS,Banco e financeira,ACORDO HOMOLOGADO,,,1441
5001851-92.2021.8.08.0021,2021,TJES,Vitória,PESSOA FÍSICA,,,ACORDO HOMOLOGADO,,,1611
5001851-92.2025.8.08.0008,2025,TJES,Barra de São Francisco,PESSOA FÍSICA,W. SILVA VEICULOS E MOTOS,Outros,PARCIALMENTE PROCEDENTE,True,,15281
5001852-17.2021.8.24.0091,2021,TJSC,Florianópolis,PESSOA FÍSICA,BANCO DO BRASIL,Banco e financeira,EXTINTO SEM MÉRITO,False,,1699
5001856-50.2023.8.21.0032,2023,TJRS,São Jerônimo,PESSOA FÍSICA,,,PARCIALMENTE PROCEDENTE,True,8000.0,15173
5001870-32.2022.8.21.0044,2022,TJRS,Encantado,PESSOA FÍSICA,AILTON DIAS DE LIMA SERVICOS DE COMUNICACAO E JORNALISMO,Outros,ACORDO HOMOLOGADO,,,1857
5001871-07.2021.8.24.0064,2021,TJSC,São José,PESSOA FÍSICA,CMPAC AUTOS,Outros,PROCEDENTE,True,5000.0,16376
5001872-06.2021.8.21.5001,2021,TJRS,Porto Alegre,PESSOA FÍSICA,,,IMPROCEDENTE,False,10500.0,13383
5001872-22.2023.8.13.0680,2023,TJMG,Taiobeiras,PESSOA JURÍDICA,FACTA FINANCEIRA S.A. CREDITO,Banco e financeira,IMPROCEDENTE,False,,6706
5001872-86.2023.8.21.0037,2023,TJRS,Uruguaiana,PESSOA FÍSICA,OI MOVEL,Telecomunicações,IMPROCEDENTE,False,,13466
5001889-40.2024.8.13.0028,2024,TJMG,Andrelândia,PESSOA JURÍDICA,UNIVERSO ASSOCIACAO DOS APOSENTADOS E PENSIONISTAS DOS REGIMES GERAL DA PREVIDENCIA SOCIAL,Outros,PARCIALMENTE PROCEDENTE,True,,12871
5001890-55.2024.8.24.0113,2024,TJSC,Camboriú,PESSOA FÍSICA,SERASA,Bureau de crédito,IMPROCEDENTE,False,,4375
5001894-56.2021.8.24.0159,2021,TJSC,Armazém,PESSOA FÍSICA,BANCO C6 CONSIGNADO,Banco e financeira,ACORDO HOMOLOGADO,,,2152
5001894-82.2024.8.13.0086,2024,TJMG,Brasília de Minas,,,,EXTINTO SEM MÉRITO,False,,1893
5001904-18.2022.8.24.0078,2022,TJSC,Urussanga,PESSOA FÍSICA,BANCO SAFRA,Banco e financeira,PARCIALMENTE PROCEDENTE,True,,17049
5001916-41.2024.8.21.0144,2024,TJRS,Carlos Barbosa,PESSOA FÍSICA,,,ACORDO HOMOLOGADO,,,1380
5001955-24.2021.8.13.0481,2021,TJMG,Patrocínio,PESSOA JURÍDICA,ELETROSOM S/A CPF: 22.164.990/0009-93,Energia,EXTINTO SEM MÉRITO,False,,917
5001959-43.2023.8.24.0139,2023,TJSC,Porto Belo,PESSOA FÍSICA,,,PARCIALMENTE PROCEDENTE,True,,7318
5001971-56.2021.8.24.0065,2021,TJSC,São José do Cedro,,,,ACORDO HOMOLOGADO,,,3094
5001972-90.2023.8.21.0053,2023,TJRS,Guaporé,PESSOA FÍSICA,COMPANHIA RIOGRANDENSE DE SANEAMENTO - CORSAN,Saneamento,PROCEDENTE,True,2000.0,25935
5001980-39.2022.8.13.0372,2022,TJMG,Lagoa da Prata,PESSOA JURÍDICA,,,IMPROCEDENTE,False,,7240
5001980-52.2022.8.21.0134,2022,TJRS,Sobradinho,PESSOA FÍSICA,BANCO CETELEM,Banco e financeira,ACORDO HOMOLOGADO,,,1555
5001985-98.2024.8.24.0044,2024,TJSC,Orleans,PESSOA FÍSICA,TIM,Telecomunicações,ACORDO HOMOLOGADO,,,1611
5002000-94.2025.8.13.0543,2025,TJMG,Resplendor,PESSOA JURÍDICA,VALE S/A CPF: 33.592.510/0001-54 E OUTROS,Outros,EXTINTO SEM MÉRITO,False,,3544
5002005-72.2021.8.13.0312,2021,TJMG,Ipanema,PESSOA JURÍDICA,,,IMPROCEDENTE,False,,10358
5002009-26.2022.8.24.0003,2022,TJSC,Anita Garibaldi,PESSOA FÍSICA,,,PROCEDENTE,True,5000.0,13188
5002017-98.2022.8.21.0160,2022,TJRS,Vera Cruz,PESSOA FÍSICA,BANCO ITAU CONSIGNADO,Banco e financeira,ACORDO HOMOLOGADO,,,1355
5002020-07.2023.8.13.0236,2023,TJMG,Elói Mendes,PESSOA JURÍDICA,BANCO BRADESCO FINANCIAMENTOS S.A. CPF: 07.207.996/0001-50,Banco e financeira,PARCIALMENTE PROCEDENTE,True,6000.0,10684
5002027-22.2025.8.13.0335,2025,TJMG,Itapecerica,PESSOA FÍSICA,,,EXTINTO SEM MÉRITO,False,,10194
5002028-58.2023.8.08.0030,2023,TJES,Linhares,PESSOA FÍSICA,,,PARCIALMENTE PROCEDENTE,True,265.0,8190
5002031-49.2025.8.09.0051,2025,TJGO,Goiânia,PESSOA FÍSICA,BANCO SANTANDER (BRASIL),Banco e financeira,EXTINTO SEM MÉRITO,False,,5146
5002042-45.2023.8.21.0106,2023,TJRS,Iraí,PESSOA FÍSICA,RGE SUL DISTRIBUIDORA DE ENERGIA,Energia,ACORDO HOMOLOGADO,,,2392
5002047-08.2025.8.08.0026,2025,TJES,Itapemirim e Marataízes,PESSOA FÍSICA,MUNICIPIO DE ITAPEMIRIM,Poder público,PROCEDENTE,True,6000.0,10107
5002060-75.2022.8.21.0082,2022,TJRS,Arvorezinha,PESSOA FÍSICA,RGE SUL DISTRIBUIDORA DE ENERGIA,Energia,ACORDO HOMOLOGADO,,,1399
5002064-19.2023.8.24.0010,2023,TJSC,Braço do Norte,PESSOA FÍSICA,FC ASSESSORIA ADMINISTRATIVA,Outros,ACORDO HOMOLOGADO,,,1908
5002084-82.2022.8.24.0159,2022,TJSC,Armazém,PESSOA FÍSICA,ESTADO DE SANTA CATARINA,Poder público,IMPROCEDENTE,False,,9975
5002100-09.2024.8.13.0697,2024,TJMG,Turmalina,PESSOA JURÍDICA,BANCO BNP PARIBAS BRASIL S.A. CPF: 01.522.368/0001-82 E OUTROS,Banco e financeira,IMPROCEDENTE,False,,7483
5002101-62.2025.8.24.0079,2025,TJSC,,PESSOA FÍSICA,BANCO SANTANDER (BRASIL),Banco e financeira,ACORDO HOMOLOGADO,,,4474
5002102-28.2022.8.24.0087,2022,TJSC,Lauro Müller,PESSOA FÍSICA,BANCO PAN,Banco e financeira,PARCIALMENTE PROCEDENTE,True,8000.0,34573
5002102-72.2023.8.24.0061,2023,TJSC,São Francisco do Sul,PESSOA FÍSICA,ADM DO BRASIL,Outros,EXTINTO SEM MÉRITO,False,,2907
5002103-68.2021.8.08.0030,2021,TJES,,PESSOA FÍSICA,FUNDACAO RENOVA,Outros,IMPROCEDENTE,False,,23653
5002104-60.2025.8.13.0002,2025,TJMG,Abaeté,PESSOA FÍSICA,OI S.A. - EM RECUPERACAO JUDICIAL CPF: 76.535.764/0001-43,Telecomunicações,,,,12716
5002107-49.2019.8.13.0382,2019,TJMG,Lavras Rua Raul Soares,,,,PROCEDENTE,True,100.0,9944
5002111-14.2024.8.13.0414,2024,TJMG,Medina,PESSOA JURÍDICA,RAIA DROGASIL S/A CPF: 61.585.865/1623-05,Outros,IMPROCEDENTE,False,,8438
5002115-04.2023.8.21.0078,2023,TJRS,Veranópolis,PESSOA FÍSICA,OI MOVEL,Telecomunicações,ACORDO HOMOLOGADO,,,1490
5002121-98.2023.8.24.0022,2023,TJSC,Curitibanos,PESSOA FÍSICA,,,PROCEDENTE,True,5000.0,13860
5002124-19.2023.8.21.0125,2023,TJRS,São Francisco de Assis,PESSOA FÍSICA,BANCO BRADESCO,Banco e financeira,ACORDO HOMOLOGADO,,,1285
5002124-32.2020.8.24.0063,2020,TJSC,São Joaquim,PESSOA FÍSICA,BANCO C6 CONSIGNADO,Banco e financeira,IMPROCEDENTE,False,,13773
5002134-25.2020.8.08.0030,2020,TJES,Linhares,PESSOA FÍSICA,VIACAO JOANA D'ARC,Outros,PROCEDENTE,True,6.8,6469
5002150-44.2025.8.24.0034,2025,TJSC,Itapiranga,PESSOA FÍSICA,EDITORA E DISTRIBUIDORA EDUCACIONAL,Ensino,PARCIALMENTE PROCEDENTE,True,5000.0,14508
5002151-28.2025.8.21.0126,2025,TJRS,São José do Norte,PESSOA FÍSICA,COMPANHIA ESTADUAL DE DISTRIBUIÇÃO DE ENERGIA ELÉTRICA - CEEE-D,Energia,EXTINTO SEM MÉRITO,False,,1425
5002155-13.2025.8.13.0086,2025,TJMG,Brasília de Minas,PESSOA JURÍDICA,BANCO PAN S.A. CPF: 59.285.411/0001-13,Banco e financeira,EXTINTO SEM MÉRITO,False,,2435
5002155-98.2021.8.13.0394,2021,TJMG,Manhuaçu,PESSOA FÍSICA,,,EXTINTO SEM MÉRITO,False,,996
5002165-18.2021.8.13.0209,2021,TJMG,Curvelo,,,,EXTINTO SEM MÉRITO,False,,1570
5002168-62.2024.8.24.0014,2024,TJSC,Campos Novos,PESSOA FÍSICA,AYMORE CREDITO,Banco e financeira,ACORDO HOMOLOGADO,,,3011
5002193-77.2025.8.21.0126,2025,TJRS,São José do Norte,PESSOA FÍSICA,COMPANHIA ESTADUAL DE DISTRIBUIÇÃO DE ENERGIA ELÉTRICA - CEEE-D,Energia,EXTINTO SEM MÉRITO,False,,1428
5002194-84.2023.8.13.0472,2023,TJMG,Paraguaçu,PESSOA FÍSICA,,,EXTINTO SEM MÉRITO,False,,4937
5002196-49.2021.8.21.0004,2021,TJRS,Bagé,PESSOA FÍSICA,,,PROCEDENTE,True,,3349
5002207-37.2021.8.13.0607,2021,TJMG,Santos Dumont,PESSOA JURÍDICA,ESTADO DE MINAS GERAIS,Poder público,IMPROCEDENTE,False,,1916
5002223-41.2023.8.24.0113,2023,TJSC,Camboriú,PESSOA FÍSICA,BANCO BRADESCO,Banco e financeira,PROCEDENTE,True,10000.0,18402
5002225-78.2023.8.13.0028,2023,TJMG,Andrelândia,PESSOA FÍSICA,,,PARCIALMENTE PROCEDENTE,True,5000.0,8481
5002231-71.2024.8.13.0183,2024,TJMG,Conselheiro Lafaiete,PESSOA JURÍDICA,,,EXTINTO SEM MÉRITO,False,,1205
5002234-34.2024.8.13.0342,2024,TJMG,Ituiutaba,PESSOA JURÍDICA,MERCADO PAGO INSTITUICAO DE PAGAMENTO LTDA CPF: 10.573.521/0001-91,Outros,EXTINTO SEM MÉRITO,False,,1870
5002240-11.2023.8.24.0135,2023,TJSC,Navegantes,PESSOA FÍSICA,SDB COMERCIO DE ALIMENTOS,Outros,IMPROCEDENTE,False,,6952
5002245-58.2021.8.13.0216,2021,TJMG,Diamantina,PESSOA JURÍDICA,,,PARCIALMENTE PROCEDENTE,True,100.0,6235
5002254-51.2024.8.13.0301,2024,TJMG,Igarapé,,,,IMPROCEDENTE,False,,6978
5002270-17.2024.8.21.1001,2024,TJRS,Porto Alegre,PESSOA FÍSICA,UNIMED PORTO ALEGRE - COOPERATIVA MEDICA,Plano de saúde,EXTINTO SEM MÉRITO,False,,1512
5002303-75.2021.8.08.0030,2021,TJES,Linhares,PESSOA FÍSICA,FUNDACAO RENOVA,Outros,EXTINTO SEM MÉRITO,False,,8444
5002307-10.2023.8.13.0740,2023,TJMG,Juatuba,,,,,,,7062
5002310-82.2023.8.13.0604,2023,TJMG,Santo Antônio do Monte,PESSOA FÍSICA,,,PROCEDENTE,True,,6894
5002312-37.2021.8.08.0030,2021,TJES,,PESSOA FÍSICA,FUNDACAO RENOVA,Outros,IMPROCEDENTE,False,,23364
5002314-55.2021.8.08.0014,2021,TJES,Colatina,PESSOA FÍSICA,SAMARCO MINERACAO,Outros,ACORDO HOMOLOGADO,,,3310
5002317-26.2024.8.21.6001,2024,TJRS,Porto Alegre,PESSOA FÍSICA,ATLANTICO FUNDO DE INVESTIMENTO EM DIREITOS CREDITORIOS NAO PADRONIZADOS,Banco e financeira,IMPROCEDENTE,False,,10991
5002324-80.2025.8.24.0025,2025,TJSC,Gaspar,PESSOA FÍSICA,TOMIO IMOVEIS,Outros,IMPROCEDENTE,False,,15043
5002326-11.2024.8.21.0044,2024,TJRS,Encantado,PESSOA FÍSICA,LATAM AIRLINES GROUP,Transporte aéreo,ACORDO HOMOLOGADO,,,4923
5002334-16.2024.8.24.0040,2024,TJSC,Laguna,PESSOA FÍSICA,COMPANHIA CATARINENSE DE ÁGUAS E SANEAMENTO - CASAN,Saneamento,PROCEDENTE,True,7000.0,11919
5002351-37.2021.8.24.0079,2021,TJSC,Videira,PESSOA FÍSICA,GFX EMPREENDIMENTOS,Outros,ACORDO HOMOLOGADO,,,2384
5002355-17.2023.8.13.0142,2023,TJMG,Carmo do Cajuru,PESSOA JURÍDICA,MAGAZINE LUIZA S/A CPF: 47.960.950/0001-21,Varejo e serviços,IMPROCEDENTE,False,,6293
5002357-55.2023.8.21.0112,2023,TJRS,Não,PESSOA FÍSICA,CLARO,Telecomunicações,IMPROCEDENTE,False,,12871
5002359-81.2024.8.13.0251,2024,TJMG,Extrema,PESSOA FÍSICA,,,IMPROCEDENTE,False,,5040
5002393-29.2025.8.08.0035,2025,TJES,Vitória,PESSOA FÍSICA,POSTO ROSALEM,Outros,IMPROCEDENTE,False,,9735
5002405-63.2022.8.13.0567,2022,TJMG,Sabará,PESSOA JURÍDICA,,,IMPROCEDENTE,False,,6361
5002419-82.2022.8.24.0036,2022,TJSC,Jaraguá do Sul,PESSOA FÍSICA,JUVENAL ANGELO & CIA,Outros,PARCIALMENTE PROCEDENTE,True,2000.0,18310
5002432-30.2022.8.13.0443,2022,TJMG,Nanuque,PESSOA FÍSICA,,,ACORDO HOMOLOGADO,,,6734
5002440-87.2024.8.24.0036,2024,TJSC,Jaraguá do Sul,PESSOA FÍSICA,TRANSPORTES AEREOS PORTUGUESES,Outros,IMPROCEDENTE,False,,15788
5002458-28.2025.8.13.0312,2025,TJMG,Ipanema,PESSOA JURÍDICA,ASSOCIACAO DE APOSENTADOS MUTUALISTA PARA BENEFICIOS COLETIVOS - AMBEC CPF: 08.254.798/000,Outros,EXTINTO SEM MÉRITO,False,,4745
5002469-13.2022.8.21.0127,2022,TJRS,São José do Ouro,PESSOA FÍSICA,AZUL LINHAS AEREAS BRASILEIRAS,Transporte aéreo,PARCIALMENTE PROCEDENTE,True,2000.0,13218
5002473-90.2024.8.21.3001,2024,TJRS,Porto Alegre,PESSOA FÍSICA,CONSIGA MAIS COBRANCA E SERVICOS,Outros,ACORDO HOMOLOGADO,,,3185
5002479-60.2024.8.24.0044,2024,TJSC,Orleans,PESSOA FÍSICA,SERASA,Bureau de crédito,IMPROCEDENTE,False,10000.0,17952
5002487-36.2022.8.13.0069,2022,TJMG,Bicas,PESSOA JURÍDICA,ADCOS INDUSTRIA E COMERCIO LTDA CPF: 39.299.870/0001-49,Outros,IMPROCEDENTE,False,,13687
5002499-02.2023.8.13.0106,2023,TJMG,Cambuí,PESSOA JURÍDICA,,,ACORDO HOMOLOGADO,,,1314
5002499-41.2022.8.24.0167,2022,TJSC,Garopaba,PESSOA FÍSICA,,,EXTINTO SEM MÉRITO,False,,2201
5002507-68.2022.8.13.0411,2022,TJMG,Matozinhos,PESSOA JURÍDICA,,,PARCIALMENTE PROCEDENTE,True,4750.0,5921
5002509-94.2025.8.24.0033,2025,TJSC,Itajaí,PESSOA FÍSICA,INSTITUTO DAS PEQUENAS MISSIONARIAS DE MARIA IMACULADA,Outros,PROCEDENTE,True,8000.0,17184
5002516-52.2023.8.13.0069,2023,TJMG,Bicas,PESSOA JURÍDICA,,,EXTINTO SEM MÉRITO,False,,1991
5002521-14.2021.8.24.0045,2021,TJSC,Palhoça,PESSOA FÍSICA,OI MOVEL,Telecomunicações,PROCEDENTE,True,8000.0,9567
5002535-31.2023.8.21.0006,2023,TJRS,Cachoeira do Sul,PESSOA FÍSICA,,,ACORDO HOMOLOGADO,,,2588
5002535-57.2021.8.24.0090,2021,TJSC,,PESSOA FÍSICA,SKY BRASIL SERVICOS,Telecomunicações,EXTINTO SEM MÉRITO,False,,2243
5002535-64.2021.8.13.0704,2021,TJMG,Unaí,PESSOA FÍSICA,,,EXTINTO SEM MÉRITO,False,,9416
5002536-25.2020.8.24.0010,2020,TJSC,Braço do Norte,PESSOA FÍSICA,,,PROCEDENTE,True,7000.0,14266
5002536-86.2023.8.13.0572,2023,TJMG,Santa Bárbara,PESSOA FÍSICA,NEON FINANCEIRA - CREDITO,Banco e financeira,IMPROCEDENTE,False,,5314
5002537-43.2023.8.21.0089,2023,TJRS,Candelária,PESSOA FÍSICA,MGW ATIVOS - GESTAO E ADMINISTRACAO DE CREDITOS FINANCEIRO,Banco e financeira,ACORDO HOMOLOGADO,,,1415
5002546-33.2022.8.08.0014,2022,TJES,Colatina,PESSOA FÍSICA,BANCO BRADESCO,Banco e financeira,IMPROCEDENTE,False,200.0,9873
5002561-83.2024.8.24.0079,2024,TJSC,Videira,PESSOA FÍSICA,SURF TELECOM,Telecomunicações,IMPROCEDENTE,False,,9969
5002563-04.2021.8.13.0487,2021,TJMG,Pedra Azul,PESSOA JURÍDICA,,,,,,621
5002575-07.2019.8.13.0287,2019,TJMG,Guaxupé,PESSOA FÍSICA,BANCO BRADESCO,Banco e financeira,ACORDO HOMOLOGADO,,,920
5002578-45.2022.8.13.0290,2022,TJMG,Belo Horizonte,PESSOA FÍSICA,,,PARCIALMENTE PROCEDENTE,True,269.98,12782
5002582-07.2022.8.08.0069,2022,TJES,Marataízes,PESSOA FÍSICA,,,ACORDO HOMOLOGADO,,,966
5002594-65.2025.8.24.0038,2025,TJSC,Joinville,PESSOA FÍSICA,NIPPONFLEX INDUSTRIA E COMERCIO DE COLCHOES,Outros,EXTINTO SEM MÉRITO,False,,2946
5002602-21.2023.8.08.0050,2023,TJES,Vitória,PESSOA FÍSICA,BANCO DAYCOVAL,Banco e financeira,IMPROCEDENTE,False,,11363
5002621-09.2022.8.08.0035,2022,TJES,Vitória,PESSOA FÍSICA,,,PROCEDENTE,True,3000.0,11792
5002628-41.2024.8.24.0049,2024,TJSC,Pinhalzinho,PESSOA FÍSICA,RECOVERY DO BRASIL CONSULTORIA,Outros,ACORDO HOMOLOGADO,,,2486
5002630-52.2024.8.21.0127,2024,TJRS,São José do Ouro,PESSOA FÍSICA,BANCO DO BRASIL,Banco e financeira,IMPROCEDENTE,False,,17503
5002635-92.2025.8.13.0699,2025,TJMG,Ubá,PESSOA JURÍDICA,LOJA ELECTROLUX COMERCIO VIRTUAL DE ELETRODOMESTICOS LTDA. CPF: 13.986.197/0001-21,Energia,PARCIALMENTE PROCEDENTE,True,2000.0,7307
5002685-44.2025.8.21.0005,2025,TJRS,Bento Gonçalves,PESSOA JURÍDICA,INSTALADORA ELÉTRICA LIDER,Energia,EXTINTO SEM MÉRITO,False,,1718
5002688-18.2024.8.08.0030,2024,TJES,Linhares,PESSOA FÍSICA,LOJAS SIPOLATTI COMERCIO E SERVICOS,Varejo e serviços,PARCIALMENTE PROCEDENTE,True,8000.0,16607
5002691-06.2020.8.24.0082,2020,TJSC,Florianópolis,PESSOA FÍSICA,BANCO PAN,Banco e financeira,IMPROCEDENTE,False,,9535
5002696-56.2018.8.13.0647,2018,TJMG,São Sebastião do Paraíso,PESSOA JURÍDICA,,,EXTINTO SEM MÉRITO,False,,3834
5002703-27.2023.8.24.0078,2023,TJSC,Urussanga,PESSOA JURÍDICA,TELEFONICA BRASIL,Telecomunicações,ACORDO HOMOLOGADO,,,1628
5002715-63.2023.8.21.0130,2023,TJRS,São Sepé,PESSOA FÍSICA,RGE SUL DISTRIBUIDORA DE ENERGIA,Energia,IMPROCEDENTE,False,,14865
5002716-90.2024.8.21.0040,2024,TJRS,Caçapava do Sul,PESSOA FÍSICA,BANCO DO ESTADO DO RIO GRANDE DO SUL S/A - BANRISUL,Banco e financeira,EXTINTO SEM MÉRITO,False,,1394
5002730-47.2024.8.08.0069,2024,TJES,Marataízes,PESSOA FÍSICA,,,ACORDO HOMOLOGADO,,3000.0,7627
5002748-04.2025.8.21.0059,2025,TJRS,Osório,PESSOA FÍSICA,AELBRA EDUCACAO SUPERIOR - GRADUACAO E POS-GRADUACAO,Outros,ACORDO HOMOLOGADO,,,1498
5002748-26.2021.8.13.0363,2021,TJMG,João Pinheiro,PESSOA FÍSICA,,,PARCIALMENTE PROCEDENTE,True,5500.0,11375
5002757-65.2020.8.13.0090,2020,TJMG,Brumadinho,PESSOA JURÍDICA,,,IMPROCEDENTE,False,,8906
5002757-89.2021.8.21.1001,2021,TJRS,Porto Alegre,PESSOA FÍSICA,AYMORE CREDITO,Banco e financeira,PARCIALMENTE PROCEDENTE,True,8000.0,4813
5002772-70.2023.8.21.0069,2023,TJRS,Sarandi,PESSOA FÍSICA,SERASA,Bureau de crédito,ACORDO HOMOLOGADO,,,1537
5002788-36.2023.8.13.0525,2023,TJMG,Pouso Alegre,PESSOA JURÍDICA,,,PROCEDENTE,True,3000.0,6463
5002791-88.2023.8.24.0135,2023,TJSC,Navegantes,PESSOA FÍSICA,GOL LINHAS AEREAS,Transporte aéreo,PROCEDENTE,True,,5686
5002800-04.2019.8.13.0133,2019,TJMG,,PESSOA FÍSICA,,,IMPROCEDENTE,False,149.97,6835
5002811-72.2022.8.13.0183,2022,TJMG,Conselheiro Lafaiete,PESSOA JURÍDICA,,,IMPROCEDENTE,False,,13883
5002813-58.2024.8.13.0058,2024,TJMG,Três Marias,PESSOA JURÍDICA,BRASIL CARD INSTITUICAO DE PAGAMENTOS LTDA CPF: 03.130.170/0009-36,Outros,EXTINTO SEM MÉRITO,False,,3719
5002825-29.2025.8.13.0352,2025,TJMG,Januária,PESSOA FÍSICA,,,PROCEDENTE,True,7000.0,13633
5002836-30.2022.8.24.0167,2022,TJSC,Garopaba,PESSOA FÍSICA,SUPERMERCADO SILVEIRA,Varejo e serviços,IMPROCEDENTE,False,,7838
5002836-98.2023.8.21.0160,2023,TJRS,Vera Cruz,PESSOA FÍSICA,,,PROCEDENTE,True,5000.0,12858
5002840-53.2022.8.24.0010,2022,TJSC,Braço do Norte,PESSOA FÍSICA,BANCO BRADESCO,Banco e financeira,EXTINTO SEM MÉRITO,False,,2249
5002843-93.2024.8.13.0543,2024,TJMG,Resplendor,PESSOA JURÍDICA,COMPANHIA DE SANEAMENTO DE MINAS GERAIS COPASA MG CPF: 17.281.106/0001-03,Saneamento,EXTINTO SEM MÉRITO,False,,3536
5002850-49.2020.8.13.0180,2020,TJMG,Congonhas,PESSOA JURÍDICA,,,IMPROCEDENTE,False,,3811
5002854-71.2022.8.13.0324,2022,TJMG,Itajubá,,,,PROCEDENTE,True,1000.0,11642
5002857-71.2024.8.13.0351,2024,TJMG,Janaúba,PESSOA JURÍDICA,BANCO BRADESCO S.A. CPF: 60.746.948/0001-12,Banco e financeira,IMPROCEDENTE,False,20000.0,10688
5002857-90.2024.8.13.0280,2024,TJMG,Guanhães,PESSOA JURÍDICA,,,IMPROCEDENTE,False,,21035
5002858-60.2025.8.13.0015,2025,TJMG,Além Paraíba,PESSOA JURÍDICA,BANCO COOPERATIVO SICOOB S.A. CPF: 02.038.232/0001-64,Banco e financeira,EXTINTO SEM MÉRITO,False,,3332
5002863-52.2024.8.21.0126,2024,TJRS,São José do Norte,PESSOA FÍSICA,COMPANHIA ESTADUAL DE DISTRIBUIÇÃO DE ENERGIA ELÉTRICA - CEEE-D,Energia,ACORDO HOMOLOGADO,,,1452
5002866-56.2023.8.21.4001,2023,TJRS,Porto Alegre,PESSOA FÍSICA,BRADESCO SEGUROS,Banco e financeira,ACORDO HOMOLOGADO,,,1406
5002868-28.2025.8.13.0105,2025,TJMG,Governador Valadares,PESSOA FÍSICA,,,PARCIALMENTE PROCEDENTE,True,7000.0,8992
5002871-86.2021.8.24.0017,2021,TJSC,Dionísio Cerqueira,PESSOA FÍSICA,BANCO LOSANGO S.A. - BANCO MULTIPLO,Banco e financeira,PROCEDENTE,True,,13799
5002872-70.2022.8.24.0006,2022,TJSC,Barra Velha,PESSOA FÍSICA,CELESC DISTRIBUIÇÃO,Energia,EXTINTO SEM MÉRITO,False,,2197
5002888-40.2024.8.24.0075,2024,TJSC,Tubarão,PESSOA FÍSICA,KANSAI SUSHI CULINARIA JAPONESA,Outros,EXTINTO SEM MÉRITO,False,,5319
5002896-97.2024.8.24.0113,2024,TJSC,Camboriú,PESSOA FÍSICA,BANCO VOTORANTIM,Banco e financeira,ACORDO HOMOLOGADO,,,2267
5002899-55.2020.8.24.0028,2020,TJSC,Içara,PESSOA FÍSICA,,,PROCEDENTE,True,5000.0,8302
5002904-07.2023.8.24.0082,2023,TJSC,Florianópolis,PESSOA FÍSICA,BANCO C6,Banco e financeira,ACORDO HOMOLOGADO,,,1556
5002906-29.2025.8.13.0335,2025,TJMG,Itapecerica,PESSOA JURÍDICA,BANCO ITAU UNIBANCO S/A CPF: 60.701.190/0001-04,Banco e financeira,IMPROCEDENTE,False,,13026
5002932-16.2024.8.24.0057,2024,TJSC,Santo Amaro da Imperatriz,PESSOA FÍSICA,,,PARCIALMENTE PROCEDENTE,True,5000.0,14382
5002939-09.2023.8.21.0095,2023,TJRS,Estância Velha,PESSOA FÍSICA,TELEFONICA BRASIL,Telecomunicações,EXTINTO SEM MÉRITO,False,,2502
5002945-97.2022.8.24.0020,2022,TJSC,Criciúma,PESSOA FÍSICA,BANCO PAN,Banco e financeira,IMPROCEDENTE,False,,7750
5002956-55.2020.8.13.0133,2020,TJMG,Carangola,PESSOA JURÍDICA,BANCO ITAUCARD,Banco e financeira,IMPROCEDENTE,False,,12155
5002957-52.2025.8.13.0525,2025,TJMG,Pouso Alegre,PESSOA JURÍDICA,PAGBANK PARTICIPACOES LTDA CPF: 39.779.978/0001-39,Outros,IMPROCEDENTE,False,,8841
5002957-57.2024.8.08.0030,2024,TJES,Linhares,PESSOA FÍSICA,PAULISTA - SERVICOS DE RECEBIMENTOS E PAGAMENTOS,Outros,EXTINTO SEM MÉRITO,False,,3276
5002963-58.2023.8.24.0061,2023,TJSC,São Francisco do Sul,PESSOA FÍSICA,NESTLÉ BRASIL,Outros,PROCEDENTE,True,3000.0,8243
5002965-48.2022.8.24.0001,2022,TJSC,Cunha Porã,PESSOA FÍSICA,BANCO ITAU CONSIGNADO,Banco e financeira,PARCIALMENTE PROCEDENTE,True,,18796
5002975-31.2025.8.13.0151,2025,TJMG,Cássia,PESSOA JURÍDICA,ESTADO DE MINAS GERAIS CPF: 18.715.615/0001-60,Poder público,PARCIALMENTE PROCEDENTE,True,,12471
5002977-21.2024.8.13.0188,2024,TJMG,Nova Lima,,,,IMPROCEDENTE,False,,8711
5002993-58.2022.8.13.0183,2022,TJMG,Conselheiro Lafaiete,PESSOA JURÍDICA,,,EXTINTO SEM MÉRITO,False,,4721
5002995-59.2021.8.08.0035,2021,TJES,Vitória,PESSOA FÍSICA,SAMSUNG ELETRONICA DA AMAZONIA,Energia,ACORDO HOMOLOGADO,,3000.0,9267
5003002-66.2022.8.24.0004,2022,TJSC,Araranguá,PESSOA FÍSICA,BANCO PAN,Banco e financeira,EXTINTO SEM MÉRITO,False,,4411
5003005-22.2023.8.21.6001,2023,TJRS,Porto Alegre,PESSOA FÍSICA,,,ACORDO HOMOLOGADO,,,1460
5003007-82.2023.8.21.0054,2023,TJRS,Itaqui,PESSOA FÍSICA,GOL LINHAS AEREAS,Transporte aéreo,ACORDO HOMOLOGADO,,,1806
5003010-43.2021.8.08.0030,2021,TJES,Linhares,PESSOA FÍSICA,,,IMPROCEDENTE,False,,11087
5003019-64.2022.8.24.0049,2022,TJSC,Pinhalzinho,PESSOA FÍSICA,BANCO BRADESCO,Banco e financeira,ACORDO HOMOLOGADO,,,2685
5003031-79.2023.8.21.0032,2023,TJRS,São Jerônimo,PESSOA FÍSICA,,,IMPROCEDENTE,False,,8961
5003034-34.2023.8.21.0032,2023,TJRS,São Jerônimo,PESSOA FÍSICA,,,IMPROCEDENTE,False,,9274
5003035-97.2019.8.13.0382,2019,TJMG,Lavras Raul Soares,PESSOA FÍSICA,,,ACORDO HOMOLOGADO,,,1001
5003039-56.2023.8.21.0032,2023,TJRS,São Jerônimo,PESSOA FÍSICA,,,IMPROCEDENTE,False,,9272
5003043-23.2024.8.13.0116,2024,TJMG,Campos Gerais,PESSOA JURÍDICA,,,IMPROCEDENTE,False,,4807
5003046-56.2025.8.13.0693,2025,TJMG,Três Corações,PESSOA JURÍDICA,AAB-ASSOCIACAO DE AUTOPROTECAO E BENEFICIOS CPF: 32.020.806/0001-38,Outros,EXTINTO SEM MÉRITO,False,,2973
5003059-53.2021.8.13.0351,2021,TJMG,Janaúba,PESSOA FÍSICA,,,IMPROCEDENTE,False,,6986
5003061-43.2020.8.13.0194,2020,TJMG,Coronel Fabriciano,PESSOA FÍSICA,,,PARCIALMENTE PROCEDENTE,True,2000.0,11121
5003066-73.2022.8.13.0686,2022,TJMG,,,,,ACORDO HOMOLOGADO,,,536
5003072-89.2023.8.21.0050,2023,TJRS,Getúlio Vargas,PESSOA FÍSICA,INSTITUTO DE DESENVOLVIMENTO EDUCACIONAL DO ALTO URUGUAI,Ensino,EXTINTO SEM MÉRITO,False,,2578
5003083-02.2019.8.13.0400,2019,TJMG,Mariana Avenida,PESSOA FÍSICA,DACASA FINANCEIRA,Banco e financeira,,,,5235
5003083-56.2023.8.21.0006,2023,TJRS,Cachoeira do Sul,PESSOA FÍSICA,ITAU UNIBANCO,Banco e financeira,IMPROCEDENTE,False,,26943
5003098-34.2022.8.24.0052,2022,TJSC,Porto União,PESSOA FÍSICA,PEFISA SA CREDITO FINANCIAMENTO E INVESTIMENTO,Banco e financeira,PROCEDENTE,True,3000.0,7995
5003102-70.2022.8.21.0047,2022,TJRS,Estrela,PESSOA FÍSICA,NU FINANCEIRA S.A. - SOCIEDADE DE CREDITO,Banco e financeira,PROCEDENTE,True,3000.0,13518
5003111-59.2024.8.13.0443,2024,TJMG,Nanuque,,,,ACORDO HOMOLOGADO,,,1856
5003131-22.2021.8.24.0064,2021,TJSC,São José,PESSOA FÍSICA,,,ACORDO HOMOLOGADO,,,3327
5003132-65.2023.8.21.0049,2023,TJRS,Frederico Westphalen,PESSOA FÍSICA,TELEFONICA BRASIL,Telecomunicações,ACORDO HOMOLOGADO,,,1506
5003132-77.2022.8.21.0024,2022,TJRS,Rio Pardo,PESSOA FÍSICA,,,ACORDO HOMOLOGADO,,,1408
5003145-70.2020.8.13.0153,2020,TJMG,Cataguases,PESSOA FÍSICA,,,ACORDO HOMOLOGADO,,,1606
5003150-57.2024.8.13.0378,2024,TJMG,Lambari,PESSOA JURÍDICA,BANCO AGIBANK S.A CPF: 10.664.513/0001-50,Banco e financeira,ACORDO HOMOLOGADO,,,1435
5003155-15.2022.8.21.0156,2022,TJRS,Charqueadas,PESSOA FÍSICA,ART LAR CONSTRUTORA,Outros,PROCEDENTE,True,1365.22,24745
5003158-75.2023.8.21.0142,2023,TJRS,Igrejinha,PESSOA FÍSICA,BANCO DO BRASIL,Banco e financeira,ACORDO HOMOLOGADO,,,1450
5003160-02.2025.8.24.0042,2025,TJSC,Maravilha,PESSOA FÍSICA,LEBES FINANCEIRA S.A. - CREDITO,Banco e financeira,PROCEDENTE,True,4000.0,10066
5003161-87.2019.8.13.0693,2019,TJMG,Três Corações Darcy Moura Brasil,PESSOA FÍSICA,BANCO BRADESCO,Banco e financeira,IMPROCEDENTE,False,,4823
5003173-24.2025.8.21.0126,2025,TJRS,São José do Norte,PESSOA FÍSICA,COMPANHIA ESTADUAL DE DISTRIBUIÇÃO DE ENERGIA ELÉTRICA - CEEE-D,Energia,EXTINTO SEM MÉRITO,False,,1427
5003180-64.2022.8.21.0144,2022,TJRS,Carlos Barbosa,PESSOA FÍSICA,,,PROCEDENTE,True,1385.54,2377
5003184-91.2022.8.24.0282,2022,TJSC,Jaguaruna,PESSOA FÍSICA,CELESC DISTRIBUIÇÃO,Energia,EXTINTO SEM MÉRITO,False,,2283
5003187-86.2022.8.24.0010,2022,TJSC,Braço do Norte,PESSOA FÍSICA,GOL LINHAS AEREAS,Transporte aéreo,EXTINTO SEM MÉRITO,False,,2012
5003188-75.2019.8.13.0271,2019,TJMG,Frutal Praça,PESSOA FÍSICA,CEMIG DISTRIBUICAO,Energia,PROCEDENTE,True,2000.0,4968
5003208-24.2020.8.13.0209,2020,TJMG,Curvelo,,,,ACORDO HOMOLOGADO,,,1430
5003220-86.2023.8.21.0087,2023,TJRS,Campo Bom,PESSOA FÍSICA,FACTA FINANCEIRA S.A. CREDITO,Banco e financeira,IMPROCEDENTE,False,,15162
5003236-14.2023.8.21.1001,2023,TJRS,Porto Alegre,PESSOA FÍSICA,LATAM AIRLINES GROUP,Transporte aéreo,ACORDO HOMOLOGADO,,,1507
5003247-19.2022.8.13.0090,2022,TJMG,Belo Horizonte,PESSOA JURÍDICA,VALE S.A. CPF: 33.592.510/0007-40,Outros,,,10000.0,21109
5003261-03.2022.8.13.0090,2022,TJMG,Belo Horizonte,PESSOA JURÍDICA,,,ACORDO HOMOLOGADO,,,1148
5003262-32.2021.8.13.0701,2021,TJMG,Uberaba,PESSOA JURÍDICA,ALGAR TELECOM,Telecomunicações,IMPROCEDENTE,False,,3990
5003267-04.2021.8.13.0362,2021,TJMG,João Monlevade,PESSOA JURÍDICA,,,PARCIALMENTE PROCEDENTE,True,40.0,6704
5003281-52.2021.8.08.0030,2021,TJES,Linhares,PESSOA FÍSICA,FUNDACAO RENOVA,Outros,EXTINTO SEM MÉRITO,False,,11147
5003291-75.2022.8.24.0011,2022,TJSC,Brusque,PESSOA FÍSICA,BANCO BRADESCARD,Banco e financeira,EXTINTO SEM MÉRITO,False,,2007
5003312-46.2024.8.21.0017,2024,TJRS,Lajeado,PESSOA FÍSICA,COOPERATIVA REGIONAL DE DESENVOLVIMENTO TEUTONIA - CERTEL,Outros,EXTINTO SEM MÉRITO,False,,1748
5003317-30.2024.8.13.0231,2024,TJMG,Belo Horizonte,PESSOA JURÍDICA,BANCO BMG S.A CPF: 61.186.680/0001-74,Banco e financeira,IMPROCEDENTE,False,,19764
5003319-90.2024.8.13.0686,2024,TJMG,Teófilo Otoni,PESSOA JURÍDICA,COMPANHIA DE SANEAMENTO DE MINAS GERAIS COPASA MG,Saneamento,EXTINTO SEM MÉRITO,False,,1172
5003329-40.2023.8.24.0080,2023,TJSC,Xanxerê,PESSOA FÍSICA,AYMORE CREDITO,Banco e financeira,PROCEDENTE,True,,8020
5003330-41.2023.8.24.0010,2023,TJSC,Braço do Norte,PESSOA FÍSICA,BANCO PAN,Banco e financeira,PROCEDENTE,True,3000.0,10456
5003337-43.2022.8.13.0699,2022,TJMG,Ubá,PESSOA JURÍDICA,,,PROCEDENTE,True,179.6,7295
5003338-85.2024.8.13.0625,2024,TJMG,São João Del Rei,PESSOA JURÍDICA,LOJAS RENNER S.A. CPF: 92.754.738/0001-62 E OUTROS,Varejo e serviços,IMPROCEDENTE,False,,11097
5003341-35.2024.8.24.0075,2024,TJSC,Tubarão,PESSOA FÍSICA,COOPERATIVA DE ELETRIFICACAO ANITA GARIBALDI,Outros,IMPROCEDENTE,False,,9352
5003352-32.2020.8.13.0521,2020,TJMG,Ponte Nova,PESSOA FÍSICA,,,IMPROCEDENTE,False,,28335
5003356-60.2025.8.24.0045,2025,TJSC,Palhoça,PESSOA FÍSICA,RICO CORRETORA DE TITULOS E VALORES MOBILIARIOS,Outros,PROCEDENTE,True,3000.0,10394
5003378-74.2021.8.24.0008,2021,TJSC,Blumenau,PESSOA FÍSICA,CELESC DISTRIBUIÇÃO,Energia,IMPROCEDENTE,False,,17134
5003389-68.2023.8.21.4001,2023,TJRS,Porto Alegre,PESSOA FÍSICA,SERASA,Bureau de crédito,PROCEDENTE,True,1000.0,6126
5003397-54.2022.8.13.0363,2022,TJMG,João Pinheiro,PESSOA FÍSICA,CONCESSIONARIA BR-040 S.A. CPF: 19.726.048/0001-00,Outros,IMPROCEDENTE,False,,4230
5003398-63.2023.8.13.0570,2023,TJMG,Salinas,,,,IMPROCEDENTE,False,,3957
5003405-56.2022.8.21.0024,2022,TJRS,Rio Pardo,PESSOA FÍSICA,COMERCIO DE CONFECCOES MARLU,Outros,EXTINTO SEM MÉRITO,False,,1355
5003409-32.2023.8.21.0033,2023,TJRS,São Leopoldo,PESSOA FÍSICA,SERVICES ASSESSORIA E COBRANCAS,Outros,ACORDO HOMOLOGADO,,,2071
5003420-02.2023.8.08.0008,2023,TJES,Barra de São Francisco,PESSOA FÍSICA,LOJAS SIMONETTI,Varejo e serviços,IMPROCEDENTE,False,,11300
5003424-95.2025.8.13.0148,2025,TJMG,Lagoa Santa,PESSOA JURÍDICA,SUPERMERCADOS BH COMERCIO DE ALIMENTOS S/A CPF: 04.641.376/0185-07,Varejo e serviços,PARCIALMENTE PROCEDENTE,True,40.35,6475
5003434-14.2024.8.21.0032,2024,TJRS,São Jerônimo,PESSOA FÍSICA,SKY SERVICOS DE BANDA LARGA,Telecomunicações,EXTINTO SEM MÉRITO,False,,2623
5003458-55.2024.8.21.0157,2024,TJRS,Igrejinha,PESSOA FÍSICA,,,,,,7393
5003475-08.2016.8.13.0024,2016,TJMG,Belo Horizonte,PESSOA FÍSICA,AZUL LINHAS AEREAS BRASILEIRAS,Transporte aéreo,EXTINTO SEM MÉRITO,False,,5884
5003481-45.2024.8.21.0013,2024,TJRS,Erechim,PESSOA FÍSICA,PARANÁ BANCO,Banco e financeira,ACORDO HOMOLOGADO,,,1557
5003491-14.2024.8.24.0011,2024,TJSC,Brusque,PESSOA FÍSICA,BRASIL CARD INSTITUICAO DE PAGAMENTOS,Outros,EXTINTO SEM MÉRITO,False,,4518
5003501-41.2022.8.24.0007,2022,TJSC,Biguaçu,PESSOA FÍSICA,KIM & KELLER BIGUACU GARDEN VILLE INCORPORACAO DE EMPREENDIMENTOS SPE,Outros,EXTINTO SEM MÉRITO,False,,2191
5003515-68.2025.8.13.0090,2025,TJMG,Brumadinho,PESSOA JURÍDICA,TATU AGRONEGOCIOS COMERCIO LTDA CPF: 49.517.156/0001-33,Outros,ACORDO HOMOLOGADO,,,2765
5003523-56.2021.8.13.0261,2021,TJMG,Formiga,PESSOA JURÍDICA,,,IMPROCEDENTE,False,,6660
5003535-48.2024.8.13.0105,2024,TJMG,Governador Valadares,PESSOA FÍSICA,,,PROCEDENTE,True,14000.0,12127
5003538-43.2023.8.24.0004,2023,TJSC,Araranguá,PESSOA FÍSICA,BANCO SANTANDER (BRASIL),Banco e financeira,ACORDO HOMOLOGADO,,,4938
5003540-67.2022.8.13.0452,2022,TJMG,Nova Serrana,PESSOA JURÍDICA,,,PARCIALMENTE PROCEDENTE,True,750.0,17987
5003540-87.2023.8.21.0071,2023,TJRS,Taquari,PESSOA FÍSICA,HURB TECHNOLOGIES,Outros,PROCEDENTE,True,4485.6,5201
5003543-05.2020.8.13.0351,2020,TJMG,Janaúba,PESSOA JURÍDICA,BANCO ITAU CONSIGNADO,Banco e financeira,IMPROCEDENTE,False,,12969
5003544-62.2020.8.13.0521,2020,TJMG,Ponte Nova,PESSOA JURÍDICA,BANCO BRADESCO E OUTROS,Banco e financeira,EXTINTO SEM MÉRITO,False,,1361
5003545-06.2025.8.24.0282,2025,TJSC,Jaguaruna,PESSOA FÍSICA,CENTRAIS ELÉTRICAS DE SANTA CATARINA S/A - CELESC,Energia,PARCIALMENTE PROCEDENTE,True,20000.0,15383
5003545-21.2022.8.13.0701,2022,TJMG,Uberaba,PESSOA FÍSICA,,,EXTINTO SEM MÉRITO,False,,853
5003557-34.2021.8.08.0014,2021,TJES,Colatina,PESSOA FÍSICA,SAMARCO MINERACAO,Outros,PARCIALMENTE PROCEDENTE,True,1000.0,22880
5003557-75.2022.8.24.0039,2022,TJSC,Lages,PESSOA FÍSICA,CENTRAL NACIONAL UNIMED - COOPERATIVA CENTRAL,Plano de saúde,PROCEDENTE,True,15000.0,22285
5003571-45.2023.8.08.0047,2023,TJES,São Mateus,PESSOA FÍSICA,EBAZAR.COM.BR,Outros,IMPROCEDENTE,False,,12246
5003578-46.2024.8.13.0699,2024,TJMG,Ubá,PESSOA JURÍDICA,SERASA S.A. CPF: 62.173.620/0001-80 E OUTROS,Bureau de crédito,IMPROCEDENTE,False,,7629
5003591-41.2022.8.24.0139,2022,TJSC,Porto Belo,PESSOA FÍSICA,TRANSPORTES AEREOS PORTUGUESES,Outros,PROCEDENTE,True,5000.0,21093
5003601-88.2022.8.21.0068,2022,TJRS,São Sebastião do Caí,PESSOA FÍSICA,BANCO SANTANDER (BRASIL),Banco e financeira,IMPROCEDENTE,False,,10136
5003618-30.2022.8.21.0067,2022,TJRS,São Lourenço do Sul,PESSOA FÍSICA,AYMORE CREDITO,Banco e financeira,EXTINTO SEM MÉRITO,False,,1394
5003624-87.2024.8.24.0033,2024,TJSC,Itajaí,PESSOA FÍSICA,UBER DO BRASIL TECNOLOGIA,Outros,IMPROCEDENTE,False,,13202
5003630-55.2021.8.08.0030,2021,TJES,Linhares,PESSOA FÍSICA,FUNDACAO RENOVA,Outros,EXTINTO SEM MÉRITO,False,,10074
5003632-27.2023.8.13.0188,2023,TJMG,Nova Lima,PESSOA JURÍDICA,FACEBOOK SERVICOS ONLINE DO BRASIL LTDA CPF: 13.347.016/0001-17,Outros,PARCIALMENTE PROCEDENTE,True,,30676
5003639-31.2025.8.24.0030,2025,TJSC,Imbituba,PESSOA FÍSICA,TAM LINHAS AEREAS,Transporte aéreo,IMPROCEDENTE,False,,9275
5003639-92.2020.8.13.0521,2020,TJMG,Ponte Nova,PESSOA JURÍDICA,,,ACORDO HOMOLOGADO,,,1065
5003649-46.2025.8.13.0074,2025,TJMG,Bom Despacho,PESSOA JURÍDICA,BANCO BMG S.A CPF: 61.186.680/0001-74,Banco e financeira,EXTINTO SEM MÉRITO,False,,3750
5003649-51.2023.8.21.0023,2023,TJRS,Rio Grande,PESSOA FÍSICA,COMPANHIA RIOGRANDENSE DE SANEAMENTO CORSAN,Saneamento,ACORDO HOMOLOGADO,,,1444
5003665-15.2022.8.21.1001,2022,TJRS,Porto Alegre,PESSOA FÍSICA,ATLANTICO FUNDO DE INVESTIMENTO EM DIREITOS CREDITORIOS RESPONSABILIDADE LIMITADA,Banco e financeira,ACORDO HOMOLOGADO,,,1967
5003673-79.2022.8.24.0072,2022,TJSC,Tijucas,PESSOA FÍSICA,,,IMPROCEDENTE,False,,5041
5003675-42.2024.8.21.0014,2024,TJRS,Esteio,PESSOA FÍSICA,ITAPEVA XII MULTICARTEIRA FUNDO DE INVESTIMENTO EM DIREITOS CREDITORIOS RESPONSABILIDADE L,Banco e financeira,IMPROCEDENTE,False,,6965
5003691-46.2023.8.21.0041,2023,TJRS,Canela,PESSOA FÍSICA,KRAMER VEICULOS,Outros,ACORDO HOMOLOGADO,,,1410
5003693-69.2021.8.24.0019,2021,TJSC,Concórdia,PESSOA FÍSICA,BANCO DAYCOVAL,Banco e financeira,PARCIALMENTE PROCEDENTE,True,,14874
5003726-61.2022.8.24.0007,2022,TJSC,Biguaçu,PESSOA FÍSICA,,,IMPROCEDENTE,False,,6158
5003731-92.2021.8.21.0010,2021,TJRS,Caxias do Sul,PESSOA FÍSICA,ATLANTICO FUNDO DE INVESTIMENTO EM DIREITOS CREDITORIOS NAO PADRONIZADOS,Banco e financeira,PARCIALMENTE PROCEDENTE,True,15000.0,12274
5003751-68.2021.8.08.0035,2021,TJES,Vitória,PESSOA FÍSICA,,,EXTINTO SEM MÉRITO,False,,5591
5003752-31.2024.8.24.0026,2024,TJSC,Guaramirim,PESSOA FÍSICA,CELESC DISTRIBUIÇÃO,Energia,EXTINTO SEM MÉRITO,False,,2807
5003792-91.2021.8.13.0521,2021,TJMG,Ponte Nova,PESSOA JURÍDICA,,,PARCIALMENTE PROCEDENTE,True,198.59,12141
5003796-63.2021.8.13.0090,2021,TJMG,Belo Horizonte,PESSOA JURÍDICA,,,EXTINTO SEM MÉRITO,False,1000.0,2509
5003798-19.2024.8.13.0384,2024,TJMG,Leopoldina,PESSOA FÍSICA,,,EXTINTO SEM MÉRITO,False,,1034
5003808-62.2023.8.24.0135,2023,TJSC,Navegantes,PESSOA FÍSICA,BANCO PAN,Banco e financeira,PROCEDENTE,True,3000.0,6520
5003827-94.2021.8.24.0052,2021,TJSC,Porto União,PESSOA FÍSICA,UNIKE CORRETORA DE SEGUROS,Seguros,IMPROCEDENTE,False,,8455
5003838-88.2020.8.13.0271,2020,TJMG,Frutal,PESSOA FÍSICA,,,IMPROCEDENTE,False,,9535
5003848-87.2021.8.13.0016,2021,TJMG,Alfenas,PESSOA JURÍDICA,,,IMPROCEDENTE,False,,6665
5003854-54.2022.8.13.0309,2022,TJMG,Inhapim,PESSOA JURÍDICA,,,EXTINTO SEM MÉRITO,False,,9453
5003856-47.2024.8.24.0018,2024,TJSC,Chapecó,PESSOA FÍSICA,,,EXTINTO SEM MÉRITO,False,,11568
5003871-25.2023.8.13.0384,2023,TJMG,Leopoldina,PESSOA FÍSICA,UNIMED DO SUDOESTE COOPERATIVA DE TRABALHO MEDICO LTDA CPF: 16.415.598/0001-10,Plano de saúde,IMPROCEDENTE,False,22.5,14783
5003873-54.2024.8.21.0087,2024,TJRS,Campo,,,,,,3000.0,2469
5003887-30.2021.8.13.0713,2021,TJMG,Viçosa,PESSOA JURÍDICA,,,ACORDO HOMOLOGADO,,,858
5003890-79.2024.8.13.0680,2024,TJMG,Taiobeiras,PESSOA JURÍDICA,AZUL LINHAS AÉREAS BRASILEIRAS S/A CPF: 09.296.295/0001-60,Transporte aéreo,PROCEDENTE,True,5000.0,12031
5003911-30.2020.8.08.0035,2020,TJES,Vitória,PESSOA FÍSICA,,,ACORDO HOMOLOGADO,,,5797
5003918-79.2024.8.13.0443,2024,TJMG,Nanuque,PESSOA JURÍDICA,FACEBOOK SERVICOS ONLINE DO BRASIL LTDA CPF: 13.347.016/0001-17,Outros,ACORDO HOMOLOGADO,,,1783
5003923-24.2025.8.13.0231,2025,TJMG,Ribeirão das Neves,PESSOA JURÍDICA,UBER DO BRASIL TECNOLOGIA LTDA. CPF: 17.895.646/0001-87,Outros,ACORDO HOMOLOGADO,,,2350
5003930-42.2025.8.24.0091,2025,TJSC,Florianópolis,PESSOA FÍSICA,TIM,Telecomunicações,EXTINTO SEM MÉRITO,False,,3803
5003940-68.2021.8.13.0209,2021,TJMG,Curvelo,PESSOA JURÍDICA,,,EXTINTO SEM MÉRITO,False,,1698
5003944-55.2024.8.24.0028,2024,TJSC,Içara,PESSOA FÍSICA,AZUL LINHAS AEREAS BRASILEIRAS,Transporte aéreo,IMPROCEDENTE,False,,11804
5003947-32.2023.8.21.0156,2023,TJRS,Charqueadas,PESSOA FÍSICA,UNIFIQUE TELECOMUNICACOES,Telecomunicações,ACORDO HOMOLOGADO,,,1437
5003951-86.2024.8.21.0042,2024,TJRS,Canguçu,PESSOA FÍSICA,COMPANHIA ESTADUAL DE DISTRIBUIÇÃO DE ENERGIA ELÉTRICA - CEEE-D,Energia,EXTINTO SEM MÉRITO,False,,1731
5003983-72.2021.8.13.0607,2021,TJMG,Santos Dumont,PESSOA JURÍDICA,AMERICANAS,Varejo e serviços,EXTINTO SEM MÉRITO,False,,1059
5003983-84.2022.8.24.0040,2022,TJSC,Laguna,PESSOA FÍSICA,OI MOVEL,Telecomunicações,IMPROCEDENTE,False,,7019
5003992-12.2023.8.21.0067,2023,TJRS,São Lourenço do Sul,PESSOA FÍSICA,COMPANHIA ESTADUAL DE DISTRIBUIÇÃO DE ENERGIA ELÉTRICA - CEEE-D,Energia,PARCIALMENTE PROCEDENTE,True,2500.0,20110
5004003-62.2025.8.24.0075,2025,TJSC,Criciúma,PESSOA FÍSICA,RESICOLOR TINTAS E VERNIZES,Outros,EXTINTO SEM MÉRITO,False,,5405
5004006-08.2025.8.21.0008,2025,TJRS,Canoas,PESSOA FÍSICA,,,PROCEDENTE,True,10000.0,20193
5004011-31.2021.8.24.0026,2021,TJSC,Guaramirim,PESSOA FÍSICA,BANCO DO BRASIL,Banco e financeira,,,10000.0,14250
5004026-16.2025.8.21.0067,2025,TJRS,São Lourenço do Sul,PESSOA FÍSICA,,,PROCEDENTE,True,5987.2,12588
5004028-95.2021.8.13.0342,2021,TJMG,Ituiutaba,PESSOA JURÍDICA,,,ACORDO HOMOLOGADO,,,1548
5004030-36.2023.8.24.0036,2023,TJSC,Jaraguá do Sul,PESSOA FÍSICA,UBER DO BRASIL TECNOLOGIA,Outros,IMPROCEDENTE,False,,18207
5004043-05.2023.8.21.0073,2023,TJRS,Tramandaí,PESSOA FÍSICA,,,EXTINTO SEM MÉRITO,False,,1382
5004043-75.2025.8.13.0390,2025,TJMG,Machado,PESSOA JURÍDICA,BANCO PAN S.A. CPF: 59.285.411/0001-13 E OUTROS,Banco e financeira,EXTINTO SEM MÉRITO,False,,1244
5004048-68.2024.8.21.0145,2024,TJRS,Dois Irmãos,PESSOA FÍSICA,COMPANHIA RIOGRANDENSE DE SANEAMENTO CORSAN,Saneamento,EXTINTO SEM MÉRITO,False,,1474
5004073-89.2022.8.21.0068,2022,TJRS,São Sebastião do Caí,PESSOA FÍSICA,BANCO ITAU CONSIGNADO,Banco e financeira,IMPROCEDENTE,False,,18714
5004076-20.2021.8.24.0028,2021,TJSC,Içara,PESSOA FÍSICA,BANCO DIGIMAIS,Banco e financeira,PROCEDENTE,True,20000.0,12490
5004086-97.2025.8.24.0004,2025,TJSC,Araranguá,PESSOA FÍSICA,ITAPEVA XI MULTICARTEIRA FUNDO DE INVESTIMENTO EM DIREITOS CREDITORIOS RESPONSABILIDADE LI,Banco e financeira,PARCIALMENTE PROCEDENTE,True,,9238
5004097-16.2022.8.24.0010,2022,TJSC,Braço do Norte,PESSOA FÍSICA,,,PARCIALMENTE PROCEDENTE,True,1607.0,5554
5004097-68.2022.8.24.0025,2022,TJSC,,,MODA LOVE COMERCIO DE CONFECCOES EIREL I,Outros,PARCIALMENTE PROCEDENTE,True,1500.0,10144
5004098-17.2024.8.21.0009,2024,TJRS,Carazinho,PESSOA FÍSICA,BANCO PAN,Banco e financeira,ACORDO HOMOLOGADO,,,1278
5004108-80.2023.8.13.0183,2023,TJMG,Conselheiro Lafaiete,PESSOA FÍSICA,,,IMPROCEDENTE,False,,8998
5004112-64.2022.8.13.0309,2022,TJMG,Inhapim,PESSOA JURÍDICA,,,EXTINTO SEM MÉRITO,False,,6277
5004122-96.2022.8.21.0047,2022,TJRS,Estrela,PESSOA FÍSICA,BRADESCO SEGUROS,Banco e financeira,ACORDO HOMOLOGADO,,,1550
5004130-81.2022.8.21.0109,2022,TJRS,Marau,PESSOA FÍSICA,BANCO DO BRASIL,Banco e financeira,ACORDO HOMOLOGADO,,,1423
5004149-89.2024.8.24.0091,2024,TJSC,Florianópolis,PESSOA FÍSICA,AZUL LINHAS AEREAS BRASILEIRAS,Transporte aéreo,ACORDO HOMOLOGADO,,,2738
5004156-22.2021.8.13.0567,2021,TJMG,Sabará,PESSOA JURÍDICA,,,ACORDO HOMOLOGADO,,,1174
5004161-45.2021.8.13.0114,2021,TJMG,Ibirité,PESSOA JURÍDICA,,,PARCIALMENTE PROCEDENTE,True,,16130
5004164-22.2024.8.24.0103,2024,TJSC,Araquari,PESSOA FÍSICA,CELESC DISTRIBUIÇÃO,Energia,PARCIALMENTE PROCEDENTE,True,5000.0,13387
5004164-90.2020.8.24.0061,2020,TJSC,São Francisco do Sul,PESSOA FÍSICA,MUNICÍPIO DE SÃO FRANCISCO DO SUL/,Poder público,IMPROCEDENTE,False,,8950
5004165-79.2025.8.08.0050,2025,TJES,Vitória,PESSOA FÍSICA,BANCO MERCANTIL DO BRASIL,Banco e financeira,IMPROCEDENTE,False,,6230
5004169-38.2024.8.24.0008,2024,TJSC,Blumenau,PESSOA JURÍDICA,SERASA,Bureau de crédito,IMPROCEDENTE,False,,9143
5004182-26.2025.8.13.0261,2025,TJMG,Formiga,PESSOA JURÍDICA,BANCO AGIBANK S.A CPF: 10.664.513/0001-50,Banco e financeira,PROCEDENTE,True,,12137
5004183-92.2025.8.24.0038,2025,TJSC,Joinville,PESSOA FÍSICA,TRANSPORTE E TURISMO SANTO ANTONIO,Outros,EXTINTO SEM MÉRITO,False,,2590
5004185-07.2023.8.24.0079,2023,TJSC,Videira,PESSOA FÍSICA,OI MOVEL,Telecomunicações,EXTINTO SEM MÉRITO,False,,2168
5004188-44.2023.8.21.0014,2023,TJRS,Esteio,PESSOA FÍSICA,MUNICÍPIO DE ESTEIO / RS,Poder público,EXTINTO SEM MÉRITO,False,,1484
5004192-35.2021.8.13.0027,2021,TJMG,Betim,PESSOA JURÍDICA,BANCO C6 CONSIGNADO,Banco e financeira,EXTINTO SEM MÉRITO,False,,1323
5004193-23.2022.8.13.0338,2022,TJMG,Itaúna,PESSOA JURÍDICA,,,ACORDO HOMOLOGADO,,,1073
5004194-23.2022.8.21.0067,2022,TJRS,São Lourenço do Sul,PESSOA FÍSICA,SERASA,Bureau de crédito,ACORDO HOMOLOGADO,,,1726
5004197-19.2023.8.24.0015,2023,TJSC,Canoinhas,PESSOA FÍSICA,BANCO DO BRASIL,Banco e financeira,PROCEDENTE,True,7000.0,19666
5004198-89.2025.8.08.0011,2025,TJES,Cachoeiro de Itapemirim,PESSOA FÍSICA,COOPERATIVA DE CREDITO DE LIVRE ADMISSAO SUL DO ESPIRITO SANTO,Banco e financeira,EXTINTO SEM MÉRITO,False,,1846
5004203-87.2022.8.24.0006,2022,TJSC,Barra Velha,PESSOA FÍSICA,SOCIEDADE MAR AZUL BAR & DANCETERIA,Transporte aéreo,IMPROCEDENTE,False,,13525
5004223-90.2021.8.24.0078,2021,TJSC,Urussanga,PESSOA FÍSICA,MUNICÍPIO DE COCAL DO SUL/,Poder público,PARCIALMENTE PROCEDENTE,True,9652.38,21424
5004228-11.2023.8.21.0019,2023,TJRS,Novo Hamburgo,PESSOA FÍSICA,AEROLINEAS ARGENTINAS,Transporte aéreo,ACORDO HOMOLOGADO,,,2144
5004244-88.2023.8.24.0048,2023,TJSC,Balneário Piçarras,PESSOA FÍSICA,BANCO DO BRASIL,Banco e financeira,PROCEDENTE,True,5000.0,13369
5004248-67.2023.8.13.0134,2023,TJMG,Caratinga,PESSOA JURÍDICA,,,PARCIALMENTE PROCEDENTE,True,3000.0,14361
5004263-68.2023.8.21.0019,2023,TJRS,Novo Hamburgo,PESSOA FÍSICA,RIO GRANDE ENERGIA,Energia,EXTINTO SEM MÉRITO,False,,7839
5004272-91.2023.8.21.1001,2023,TJRS,Porto Alegre,PESSOA FÍSICA,COMPANHIA ZAFFARI COMÉRCIO E INDÚSTRIA,Outros,EXTINTO SEM MÉRITO,False,5000.0,2400
5004282-08.2023.8.13.0210,2023,TJMG,Pedro Leopoldo,PESSOA JURÍDICA,GOL LINHAS AEREAS,Transporte aéreo,EXTINTO SEM MÉRITO,False,,1316
5004295-87.2022.8.21.0058,2022,TJRS,Nova Prata,PESSOA FÍSICA,BANCO BRADESCO,Banco e financeira,ACORDO HOMOLOGADO,,,1844
5004296-50.2023.8.21.5001,2023,TJRS,Porto Alegre,PESSOA FÍSICA,ITAU UNIBANCO,Banco e financeira,ACORDO HOMOLOGADO,,,1423
5004300-68.2024.8.13.0024,2024,TJMG,Belo Horizonte,PESSOA JURÍDICA,,,ACORDO HOMOLOGADO,,,2027
5004302-65.2023.8.13.0382,2023,TJMG,Lavras,PESSOA FÍSICA,,,EXTINTO SEM MÉRITO,False,,1360
5004310-42.2023.8.21.0019,2023,TJRS,Novo Hamburgo,PESSOA FÍSICA,BANCO ITAUCARD,Banco e financeira,ACORDO HOMOLOGADO,,,2139
5004331-35.2020.8.08.0035,2020,TJES,Vitória,PESSOA FÍSICA,ASSOCIAÇÃO GESTÃO VEICULAR UNIVERSO - CNPJ Nº 14.777.297/0001-00,Outros,PROCEDENTE,True,275.0,10047
5004334-12.2021.8.13.0521,2021,TJMG,Ponte Nova,PESSOA FÍSICA,SAMARCO MINERAÇÃO S/A CPF: 16.628.281/0003-23,Outros,IMPROCEDENTE,False,,14034
5004335-15.2024.8.13.0384,2024,TJMG,Leopoldina Mg,PESSOA FÍSICA,,,,,,7074
5004338-28.2022.8.24.0062,2022,TJSC,São João Batista,PESSOA FÍSICA,,,ACORDO HOMOLOGADO,,,2125
5004341-12.2020.8.13.0271,2020,TJMG,Frutal,PESSOA JURÍDICA,CEMIG DISTRIBUICAO,Energia,ACORDO HOMOLOGADO,,,1224
5004347-58.2022.8.24.0007,2022,TJSC,Biguaçu,PESSOA FÍSICA,ENERGISA MATO GROSSO DO SUL - DISTRIBUIDORA DE ENERGIA,Energia,PARCIALMENTE PROCEDENTE,True,10000.0,6406
5004361-55.2016.8.13.0105,2016,TJMG,Governador Valadares,PESSOA JURÍDICA,PITAGORAS SISTEMA DE EDUCACAO SUPERIOR SOCIEDADE S.A. CPF: 03.239.470/0001-09,Outros,PARCIALMENTE PROCEDENTE,True,5300.0,16042
5004379-58.2023.8.08.0012,2023,TJES,Vitória,PESSOA FÍSICA,COMPANHIA ESPIRITO SANTENSE DE SANEAMENTO CESAN,Saneamento,IMPROCEDENTE,False,5000.0,15175
5004389-74.2020.8.24.0073,2020,TJSC,Timbó,PESSOA FÍSICA,BANCO BMG,Banco e financeira,ACORDO HOMOLOGADO,,,3217
5004408-23.2022.8.21.0064,2022,TJRS,Santiago,PESSOA FÍSICA,OI MOVEL,Telecomunicações,ACORDO HOMOLOGADO,,,1232
5004410-12.2023.8.21.0014,2023,TJRS,Esteio,PESSOA FÍSICA,RGE SUL DISTRIBUIDORA DE ENERGIA,Energia,IMPROCEDENTE,False,,5408
5004419-74.2024.8.13.0106,2024,TJMG,Cambuí,PESSOA FÍSICA,,,PARCIALMENTE PROCEDENTE,True,2000.0,15170
5004428-10.2025.8.24.0069,2025,TJSC,,PESSOA FÍSICA,BANCO BMG,Banco e financeira,PROCEDENTE,True,5000.0,13926
5004461-75.2023.8.21.0029,2023,TJRS,Santo Ângelo,PESSOA FÍSICA,BANCO BRADESCO FINANCIAMENTOS,Banco e financeira,ACORDO HOMOLOGADO,,,1667
5004475-78.2022.8.24.0007,2022,TJSC,Biguaçu,PESSOA FÍSICA,BANCO PAN,Banco e financeira,IMPROCEDENTE,False,,15049
5004478-10.2021.8.24.0026,2021,TJSC,Guaramirim,PESSOA FÍSICA,BANCO BRADESCO FINANCIAMENTOS,Banco e financeira,,,,17854
5004519-86.2024.8.08.0035,2024,TJES,Vitória,PESSOA FÍSICA,BANCO BRADESCO FINANCIAMENTOS,Banco e financeira,IMPROCEDENTE,False,,7271
5004525-86.2022.8.13.0694,2022,TJMG,Três Pontas,PESSOA JURÍDICA,,,IMPROCEDENTE,False,,6138
5004529-36.2023.8.13.0647,2023,TJMG,São Sebastião do Paraíso,PESSOA FÍSICA,,,ACORDO HOMOLOGADO,,,1505
5004538-29.2024.8.21.0036,2024,TJRS,Soledade,PESSOA FÍSICA,SERASA,Bureau de crédito,IMPROCEDENTE,False,,10101
5004549-88.2021.8.13.0035,2021,TJMG,Araguari,PESSOA JURÍDICA,,,EXTINTO SEM MÉRITO,False,,1182
5004556-37.2021.8.13.0114,2021,TJMG,Ibirité,PESSOA JURÍDICA,,,IMPROCEDENTE,False,,7631
5004558-16.2022.8.13.0035,2022,TJMG,Araguari,PESSOA JURÍDICA,GOL LINHAS AEREAS S.A CPF: 07.575.651/0001-59,Transporte aéreo,PROCEDENTE,True,,9497
5004565-67.2022.8.24.0078,2022,TJSC,Urussanga,PESSOA FÍSICA,CABELO MOTOS,Outros,PARCIALMENTE PROCEDENTE,True,5000.0,23138
5004575-05.2023.8.21.0032,2023,TJRS,São Jerônimo,PESSOA FÍSICA,,,IMPROCEDENTE,False,,9264
5004578-42.2024.8.21.0155,2024,TJRS,Portão,PESSOA FÍSICA,BANCO DO BRASIL,Banco e financeira,EXTINTO SEM MÉRITO,False,,1347
5004579-47.2021.8.24.0026,2021,TJSC,Guaramirim,PESSOA FÍSICA,BANCO SAFRA,Banco e financeira,EXTINTO SEM MÉRITO,False,,2556
5004586-78.2024.8.21.0006,2024,TJRS,Cachoeira do Sul,PESSOA FÍSICA,TELEFONICA BRASIL,Telecomunicações,IMPROCEDENTE,False,,7080
5004603-70.2023.8.21.0032,2023,TJRS,São Jerônimo,PESSOA FÍSICA,,,IMPROCEDENTE,False,,8965
5004611-81.2023.8.24.0026,2023,TJSC,Guaramirim,PESSOA FÍSICA,AZUL LINHAS AEREAS BRASILEIRAS,Transporte aéreo,PROCEDENTE,True,5000.0,14920
5004614-55.2025.8.13.0290,2025,TJMG,Vespasiano,PESSOA JURÍDICA,FUNDO DE INVESTIMENTO EM DIREITOS CREDITORIOS NAO PADRONIZADOS NPL II CPF: 29.292.312/0001,Banco e financeira,ACORDO HOMOLOGADO,,,1739
5004615-11.2025.8.24.0039,2025,TJSC,Lages,PESSOA FÍSICA,BANCO SANTANDER (BRASIL),Banco e financeira,EXTINTO SEM MÉRITO,False,,1793
5004624-46.2023.8.13.0686,2023,TJMG,Teófilo Otoni,PESSOA JURÍDICA,,,IMPROCEDENTE,False,,10472
5004625-53.2021.8.08.0035,2021,TJES,Vitória,PESSOA FÍSICA,ZOCOL COLCHOES,Outros,PARCIALMENTE PROCEDENTE,True,6549.14,14092
5004625-64.2023.8.21.0021,2023,TJRS,Passo Fundo,PESSOA JURÍDICA,,,ACORDO HOMOLOGADO,,,2480
5004631-38.2023.8.21.0032,2023,TJRS,São Jerônimo,PESSOA FÍSICA,,,IMPROCEDENTE,False,,9289
5004657-92.2020.8.08.0035,2020,TJES,Vitória,PESSOA FÍSICA,ES FITNESS,Outros,ACORDO HOMOLOGADO,,,4886
5004663-57.2025.8.24.0010,2025,TJSC,Braço do Norte,PESSOA FÍSICA,BP GESTAO E RECUPERACAO DE ATIVOS,Outros,ACORDO HOMOLOGADO,,,2348
5004678-77.2022.8.21.5001,2022,TJRS,Porto Alegre,PESSOA FÍSICA,ATLANTICO FUNDO DE INVESTIMENTO EM DIREITOS CREDITORIOS NAO PADRONIZADOS,Banco e financeira,PARCIALMENTE PROCEDENTE,True,1000.0,11876
5004708-37.2021.8.13.0324,2021,TJMG,Itajubá,PESSOA JURÍDICA,,,EXTINTO SEM MÉRITO,False,,714
5004714-08.2023.8.08.0035,2023,TJES,Vitória,PESSOA FÍSICA,ODONTO VILA,Plano de saúde,ACORDO HOMOLOGADO,,,9024
5004726-65.2022.8.24.0082,2022,TJSC,Florianópolis,PESSOA FÍSICA,,,EXTINTO SEM MÉRITO,False,,1968
5004726-71.2023.8.24.0004,2023,TJSC,Araranguá,PESSOA FÍSICA,BANCO BRADESCO,Banco e financeira,PROCEDENTE,True,5000.0,7090
5004729-34.2025.8.24.0011,2025,TJSC,Brusque,PESSOA FÍSICA,YEESCO INDUSTRIA E COMERCIO DE CONFECOES,Outros,PARCIALMENTE PROCEDENTE,True,2636.65,6479
5004751-65.2023.8.24.0075,2023,TJSC,Tubarão,PESSOA FÍSICA,PROVI SOLUCOES E SERVICOS,Outros,PROCEDENTE,True,8000.0,20406
5004759-34.2023.8.13.0694,2023,TJMG,Três Pontas,PESSOA JURÍDICA,PET SHOP BICHO BELEZA LTDA E OUTROS,Outros,ACORDO HOMOLOGADO,,,1355
5004772-65.2019.8.21.0010,2019,TJRS,Caxias do Sul,PESSOA FÍSICA,CLARO,Telecomunicações,IMPROCEDENTE,False,,11190
5004778-28.2024.8.24.0135,2024,TJSC,Navegantes,PESSOA FÍSICA,COMPANHIA ULTRAGAZ,Outros,IMPROCEDENTE,False,,8975
5004782-45.2021.8.13.0016,2021,TJMG,Alfenas,PESSOA JURÍDICA,,,PARCIALMENTE PROCEDENTE,True,,10566
5004790-87.2024.8.13.0607,2024,TJMG,Santos Dumont,PESSOA JURÍDICA,UNSBRAS UNIAO DOS SERVIDORES PUBLICOS DO BRASIL CPF: 29.186.038/0001-82,Poder público,PROCEDENTE,True,508.32,11079
5004799-32.2025.8.24.0082,2025,TJSC,Florianópolis,PESSOA FÍSICA,,,EXTINTO SEM MÉRITO,False,,3780
5004815-33.2022.8.21.0095,2022,TJRS,Estância Velha,PESSOA FÍSICA,,,PROCEDENTE,True,5000.0,13676
5004833-30.2023.8.13.0390,2023,TJMG,Machado,PESSOA JURÍDICA,,,EXTINTO SEM MÉRITO,False,,1955
5004846-67.2023.8.24.0052,2023,TJSC,Porto União,,,,EXTINTO SEM MÉRITO,False,,3237
5004861-80.2024.8.24.0026,2024,TJSC,,PESSOA FÍSICA,,,EXTINTO SEM MÉRITO,False,50000.0,30885
5004901-27.2021.8.21.0034,2021,TJRS,São Luiz Gonzaga,PESSOA FÍSICA,BANCO MERCANTIL DO BRASIL,Banco e financeira,PROCEDENTE,True,5000.0,29142
5004904-39.2021.8.08.0035,2021,TJES,Vitória,PESSOA FÍSICA,,,ACORDO HOMOLOGADO,,,5139
5004912-23.2024.8.13.0180,2024,TJMG,Congonhas,PESSOA FÍSICA,,,EXTINTO SEM MÉRITO,False,,2946
5004919-90.2021.8.13.0480,2021,TJMG,Patos de Minas,PESSOA JURÍDICA,,,ACORDO HOMOLOGADO,,,1441
5004932-71.2022.8.24.0020,2022,TJSC,Criciúma,PESSOA FÍSICA,BANCO SAFRA,Banco e financeira,EXTINTO SEM MÉRITO,False,,3051
5004934-92.2024.8.13.0338,2024,TJMG,Itaúna,PESSOA JURÍDICA,ARCELORMITTAL BRASIL S.A. CPF: 17.469.701/0001-77,Outros,IMPROCEDENTE,False,,15697
5004969-82.2023.8.21.0041,2023,TJRS,Canela,PESSOA FÍSICA,AYMORE CREDITO,Banco e financeira,ACORDO HOMOLOGADO,,,1629
5004978-62.2023.8.21.0035,2023,TJRS,Sapucaia do Sul,PESSOA FÍSICA,FACEBOOK SERVICOS ONLINE DO BRASIL,Outros,EXTINTO SEM MÉRITO,False,,2095
5004980-56.2024.8.13.0411,2024,TJMG,Fato Impeditivo,PESSOA FÍSICA,,,IMPROCEDENTE,False,1500.0,19138
5004986-45.2023.8.21.0033,2023,TJRS,São Leopoldo,PESSOA FÍSICA,GOL LINHAS AEREAS,Transporte aéreo,ACORDO HOMOLOGADO,,,1743
5004987-87.2023.8.13.0183,2023,TJMG,Conselheiro Lafaiete,,,,ACORDO HOMOLOGADO,,,2116
5004988-08.2021.8.13.0518,2021,TJMG,Poços de Caldas,PESSOA FÍSICA,LUIZACRED,Outros,IMPROCEDENTE,False,15000.0,11104
5004992-49.2025.8.13.0342,2025,TJMG,Ituiutaba,PESSOA FÍSICA,,,PROCEDENTE,True,5000.0,7703
5005026-03.2022.8.24.0090,2022,TJSC,,PESSOA FÍSICA,VISAO NOTICIAS DE MARILIA,Outros,ACORDO HOMOLOGADO,,,1812
5005028-44.2024.8.21.0006,2024,TJRS,Cachoeira do Sul,PESSOA FÍSICA,BANCO BRADESCO,Banco e financeira,EXTINTO SEM MÉRITO,False,,1714
5005033-29.2021.8.13.0480,2021,TJMG,Patos de Minas,PESSOA JURÍDICA,,,ACORDO HOMOLOGADO,,,1092
5005049-16.2021.8.24.0079,2021,TJSC,Videira,PESSOA FÍSICA,ODONTOLOGIA VIDEIRA,Plano de saúde,PARCIALMENTE PROCEDENTE,True,1000.0,11723
5005060-41.2024.8.21.0041,2024,TJRS,Canela,PESSOA FÍSICA,SERASA,Bureau de crédito,IMPROCEDENTE,False,,7852
5005067-93.2024.8.24.0091,2024,TJSC,Florianópolis,PESSOA FÍSICA,TV O ESTADO FLORIANOPOLIS,Outros,IMPROCEDENTE,False,,9514
5005077-88.2020.8.13.0090,2020,TJMG,Belo Horizonte,PESSOA JURÍDICA,VALE S.A. CPF: 33.592.510/0007-40,Outros,,,10000.0,18182
5005079-43.2024.8.13.0567,2024,TJMG,Sabará,PESSOA JURÍDICA,LIVELO S.A. CPF: 12.888.241/0001-06 E OUTROS,Outros,PARCIALMENTE PROCEDENTE,True,,13483
5005082-47.2021.8.24.0033,2021,TJSC,Itajaí,PESSOA FÍSICA,TELEFONICA BRASIL,Telecomunicações,PROCEDENTE,True,5000.0,12286
5005082-81.2024.8.13.0216,2024,TJMG,Diamantina,PESSOA JURÍDICA,MUNICIPIO DE PRESIDENTE KUBITSCHEK CPF: 17.754.185/0001-22,Poder público,PARCIALMENTE PROCEDENTE,True,,24982
5005086-44.2022.8.13.0134,2022,TJMG,Caratinga,PESSOA JURÍDICA,,,IMPROCEDENTE,False,,7324
5005087-41.2022.8.24.0031,2022,TJSC,Indaial,PESSOA FÍSICA,SOCIEDADE EDUCACIONAL LEONARDO DA VINCI,Ensino,PROCEDENTE,True,5000.0,7655
5005088-56.2025.8.13.0183,2025,TJMG,Conselheiro Lafaiete,PESSOA JURÍDICA,SPIN ENERGY SERVICOS ELETRICOS LTDA. CPF: 26.645.318/0002-02,Energia,PARCIALMENTE PROCEDENTE,True,,14420
5005099-89.2021.8.13.0518,2021,TJMG,Poços de Caldas,PESSOA FÍSICA,,,EXTINTO SEM MÉRITO,False,,942
5005106-31.2025.8.24.0067,2025,TJSC,São Miguel do Oeste,PESSOA FÍSICA,BANCO INTER,Banco e financeira,PARCIALMENTE PROCEDENTE,True,5000.0,10110
5005127-35.2020.8.24.0082,2020,TJSC,Florianópolis,PESSOA FÍSICA,,,PROCEDENTE,True,2000.0,13785
5005129-33.2025.8.24.0113,2025,TJSC,Belo,PESSOA FÍSICA,,,PROCEDENTE,True,,8983
5005135-09.2022.8.24.0028,2022,TJSC,Içara,PESSOA FÍSICA,BANCO PAN,Banco e financeira,PARCIALMENTE PROCEDENTE,True,5000.0,17454
5005139-98.2023.8.24.0064,2023,TJSC,São José,PESSOA FÍSICA,GLOBO NISSAN COMERCIO DE VEICULOS,Outros,IMPROCEDENTE,False,,8550
5005148-98.2024.8.24.0040,2024,TJSC,Laguna,PESSOA FÍSICA,SOCIEDADE DE EDUCACAO SUPERIOR E CULTURA BRASIL,Outros,ACORDO HOMOLOGADO,,,1708
5005152-81.2023.8.21.0064,2023,TJRS,Santiago,PESSOA FÍSICA,,,EXTINTO SEM MÉRITO,False,,1422
5005152-85.2024.8.13.0188,2024,TJMG,Nova Lima,,,,PROCEDENTE,True,,8242
5005187-88.2022.8.13.0261,2022,TJMG,Formiga,PESSOA JURÍDICA,,,PROCEDENTE,True,12000.0,13491
5005188-49.2023.8.21.4001,2023,TJRS,Porto Alegre,PESSOA FÍSICA,GOL LINHAS AEREAS,Transporte aéreo,ACORDO HOMOLOGADO,,,2233
5005220-66.2025.8.13.0134,2025,TJMG,Caratinga,PESSOA JURÍDICA,BANCO BMG S.A CPF: 61.186.680/0001-74,Banco e financeira,PROCEDENTE,True,10000.0,13292
5005228-46.2022.8.21.0095,2022,TJRS,Estância Velha,PESSOA FÍSICA,BANCO MASTER,Banco e financeira,PROCEDENTE,True,8000.0,29537
5005240-90.2024.8.21.0030,2024,TJRS,São Borja,PESSOA JURÍDICA,JAMEF TRANSPORTES,Outros,EXTINTO SEM MÉRITO,False,,1604
5005247-44.2023.8.21.5001,2023,TJRS,Porto Alegre,PESSOA FÍSICA,AVON COSMETICOS,Outros,ACORDO HOMOLOGADO,,,1330
5005259-69.2025.8.24.0033,2025,TJSC,Itajaí,PESSOA FÍSICA,JGS MOTOS,Outros,IMPROCEDENTE,False,,6924
5005262-18.2024.8.24.0014,2024,TJSC,Campos Novos,PESSOA FÍSICA,MAGAZINE LUIZA,Varejo e serviços,PROCEDENTE,True,10000.0,22960
5005283-11.2025.8.13.0290,2025,TJMG,Vespasiano,PESSOA FÍSICA,BANCO BMG,Banco e financeira,IMPROCEDENTE,False,,8730
5005285-52.2025.8.13.0525,2025,TJMG,Pouso Alegre,PESSOA FÍSICA,,,PROCEDENTE,True,5555.02,14778
5005293-82.2024.8.21.3001,2024,TJRS,Porto Alegre,PESSOA FÍSICA,SKY SERVICOS DE BANDA LARGA,Telecomunicações,PROCEDENTE,True,,10561
5005314-25.2021.8.21.0039,2021,TJRS,Viamão,PESSOA FÍSICA,BANCO PAN,Banco e financeira,ACORDO HOMOLOGADO,,,1621
5005319-81.2025.8.13.0313,2025,TJMG,Ipatinga,PESSOA JURÍDICA,AZUL LINHAS AÉREAS BRASILEIRAS S/A CPF: 09.296.295/0001-60,Transporte aéreo,IMPROCEDENTE,False,,9338
5005322-50.2022.8.13.0407,2022,TJMG,Mateus Leme,PESSOA JURÍDICA,AZUL LINHAS AEREAS BRASILEIRAS,Transporte aéreo,PROCEDENTE,True,5000.0,13669
5005380-88.2023.8.24.0091,2023,TJSC,Florianópolis,PESSOA FÍSICA,,,EXTINTO SEM MÉRITO,False,,6132
5005411-96.2025.8.24.0040,2025,TJSC,Certeza,PESSOA FÍSICA,INSTITUTO NACIONAL DO SEGURO SOCIAL - INSS,Poder público,PROCEDENTE,True,,9377
5005427-12.2024.8.21.3001,2024,TJRS,Porto Alegre,PESSOA FÍSICA,CASA BAHIA COMERCIAL,Outros,IMPROCEDENTE,False,,10675
5005433-46.2022.8.13.0209,2022,TJMG,Curvelo,PESSOA JURÍDICA,CEMIG DISTRIBUICAO,Energia,EXTINTO SEM MÉRITO,False,,1091
5005436-63.2023.8.21.0008,2023,TJRS,Canoas,PESSOA FÍSICA,EMBU INDIVIDUALIZADORA ADMINISTRADORA E SERVICOS DE GLP,Outros,EXTINTO SEM MÉRITO,False,,2046
5005450-31.2022.8.24.0030,2022,TJSC,Imbituba,PESSOA FÍSICA,BANCO PAN,Banco e financeira,IMPROCEDENTE,False,,15308
5005456-50.2022.8.24.0026,2022,TJSC,Guaramirim,PESSOA FÍSICA,MUNICÍPIO DE GUARAMIRIM,Poder público,EXTINTO SEM MÉRITO,False,,1654
5005484-84.2022.8.21.1001,2022,TJRS,Porto Alegre,PESSOA FÍSICA,HOEPERS RECUPERADORA DE CREDITO,Banco e financeira,IMPROCEDENTE,False,,12758
5005504-64.2022.8.24.0040,2022,TJSC,Laguna,PESSOA FÍSICA,UNIAO BRASILEIRA DE APOSENTADOS DA PREVIDENCIA,Poder público,PROCEDENTE,True,2000.0,21398
5005551-88.2024.8.13.0035,2024,TJMG,Araguari,,,,IMPROCEDENTE,False,2000.0,8077
5005569-55.2021.8.08.0035,2021,TJES,Vitória,PESSOA FÍSICA,PICPAY SERVICOS,Outros,IMPROCEDENTE,False,,3793
5005585-51.2021.8.08.0021,2021,TJES,Vitória,PESSOA FÍSICA,BANCO PAN,Banco e financeira,ACORDO HOMOLOGADO,,,4771
5005588-59.2021.8.13.0702,2021,TJMG,Uberlândia,PESSOA JURÍDICA,BANCO BMG,Banco e financeira,EXTINTO SEM MÉRITO,False,,1265
5005589-06.2023.8.24.0011,2023,TJSC,Brusque,PESSOA FÍSICA,BRASIL SUL LINHAS RODOVIARIAS,Outros,IMPROCEDENTE,False,,6670
5005594-25.2024.8.24.0033,2024,TJSC,Itajaí,PESSOA FÍSICA,,,EXTINTO SEM MÉRITO,False,,3960
5005599-74.2024.8.13.0317,2024,TJMG,Itabira,PESSOA JURÍDICA,BANCO ORIGINAL S/A CPF: 92.894.922/0013-41 E OUTROS,Banco e financeira,PROCEDENTE,True,,8358
5005619-98.2020.8.24.0026,2020,TJSC,Guaramirim,PESSOA FÍSICA,BANCO C6 CONSIGNADO,Banco e financeira,,,418.0,16587
5005624-50.2023.8.08.0030,2023,TJES,Linhares,PESSOA FÍSICA,,,PARCIALMENTE PROCEDENTE,True,5000.0,6362
5005624-64.2025.8.08.0035,2025,TJES,Vitória,PESSOA FÍSICA,SUDESTE SECURITIZADORA,Outros,PARCIALMENTE PROCEDENTE,True,,9646
5005639-13.2025.8.21.5001,2025,TJRS,Porto Alegre,PESSOA FÍSICA,COMPANHIA ESTADUAL DE DISTRIBUIÇÃO DE ENERGIA ELÉTRICA - CEEE-D,Energia,EXTINTO SEM MÉRITO,False,,1496
5005647-64.2024.8.13.0145,2024,TJMG,Juiz de Fora,PESSOA JURÍDICA,,,IMPROCEDENTE,False,,12688
5005650-03.2024.8.24.0019,2024,TJSC,Concórdia,PESSOA FÍSICA,BANCO BRADESCO FINANCIAMENTOS,Banco e financeira,ACORDO HOMOLOGADO,,,3017
5005653-47.2025.8.21.0005,2025,TJRS,Bento Gonçalves,PESSOA FÍSICA,NU PAGAMENTOS S.A. - INSTITUICAO DE PAGAMENTO,Outros,EXTINTO SEM MÉRITO,False,,1509
5005668-93.2023.8.24.0072,2023,TJSC,Tijucas,PESSOA FÍSICA,MERCADOLIVRE.COM ATIVIDADES DE INTERNET,Varejo e serviços,IMPROCEDENTE,False,,5449
5005673-13.2021.8.08.0014,2021,TJES,Colatina,PESSOA FÍSICA,BANCO BMG,Banco e financeira,IMPROCEDENTE,False,,3572
5005676-32.2023.8.21.0047,2023,TJRS,Estrela,PESSOA FÍSICA,,,PROCEDENTE,True,10000.0,11489
5005678-45.2024.8.21.0086,2024,TJRS,Cachoeirinha,PESSOA FÍSICA,SERASA,Bureau de crédito,EXTINTO SEM MÉRITO,False,,1382
5005685-48.2019.8.13.0114,2019,TJMG,Ibirité Rua Arthur Campos,PESSOA FÍSICA,,,EXTINTO SEM MÉRITO,False,,857
5005692-38.2021.8.13.0480,2021,TJMG,Patos de Minas,PESSOA JURÍDICA,,,EXTINTO SEM MÉRITO,False,,1319
5005702-98.2022.8.24.0041,2022,TJSC,Mafra,PESSOA FÍSICA,BANCO DO BRASIL,Banco e financeira,EXTINTO SEM MÉRITO,False,,2042
5005714-57.2022.8.21.5001,2022,TJRS,Porto Alegre,PESSOA FÍSICA,IRESOLVE COMPANHIA SECURITIZADORA DE CREDITOS FINANCEIROS,Banco e financeira,IMPROCEDENTE,False,,12604
5005722-65.2024.8.24.0091,2024,TJSC,Florianópolis,PESSOA FÍSICA,GOL LINHAS AEREAS,Transporte aéreo,EXTINTO SEM MÉRITO,False,,1632
5005723-90.2019.8.13.0686,2019,TJMG,Teófilo Otoni,PESSOA FÍSICA,BANCO BRADESCO,Banco e financeira,IMPROCEDENTE,False,,6152
5005727-81.2024.8.21.0023,2024,TJRS,Rio Grande,PESSOA FÍSICA,AZUL LINHAS AEREAS BRASILEIRAS,Transporte aéreo,ACORDO HOMOLOGADO,,,1447
5005746-16.2023.8.24.0031,2023,TJSC,Indaial,PESSOA FÍSICA,BANCO BMG,Banco e financeira,ACORDO HOMOLOGADO,,2000.0,3541
5005768-34.2021.8.24.0067,2021,TJSC,São Miguel do Oeste,PESSOA FÍSICA,OCEANAIR LINHAS AEREAS S/A FALIDO,Transporte aéreo,ACORDO HOMOLOGADO,,,6584
5005797-78.2024.8.13.0231,2024,TJMG,Ribeirão das Neves,PESSOA JURÍDICA,BANCO BMG S.A CPF: 61.186.680/0001-74,Banco e financeira,EXTINTO SEM MÉRITO,False,,9403
5005807-40.2021.8.08.0014,2021,TJES,Colatina,PESSOA FÍSICA,SAMARCO MINERACAO,Outros,PARCIALMENTE PROCEDENTE,True,1000.0,16694
5005819-14.2022.8.24.0163,2022,TJSC,Capivari de Baixo,PESSOA FÍSICA,BANCO DO BRASIL,Banco e financeira,PROCEDENTE,True,,27275
5005828-82.2020.8.13.0702,2020,TJMG,Uberlândia,PESSOA JURÍDICA,BANCO CETELEM,Banco e financeira,ACORDO HOMOLOGADO,,,723
5005858-08.2023.8.24.0282,2023,TJSC,Jaguaruna,PESSOA FÍSICA,PARANÁ BANCO,Banco e financeira,PARCIALMENTE PROCEDENTE,True,3000.0,9918
5005859-60.2024.8.13.0024,2024,TJMG,Belo Horizonte,PESSOA JURÍDICA,,,IMPROCEDENTE,False,,10208
5005861-37.2023.8.24.0031,2023,TJSC,Indaial,PESSOA FÍSICA,SAO MIGUEL VEICULOS,Outros,PROCEDENTE,True,5000.0,7755
5005910-48.2023.8.13.0625,2023,TJMG,São João Del Rei,PESSOA JURÍDICA,,,PROCEDENTE,True,139.8,8061
5005920-30.2023.8.21.4001,2023,TJRS,Porto Alegre,PESSOA FÍSICA,FUNDO DE INVESTIMENTO EM DIREITOS CREDITORIOS MULTSEGMENTOS NPL IPANEMA VI - NAO PADRONIZA,Banco e financeira,PARCIALMENTE PROCEDENTE,True,,9495
5005924-88.2025.8.13.0713,2025,TJMG,Viçosa,PESSOA JURÍDICA,BANCO DIGIO S/A CPF: 27.098.060/0001-45,Banco e financeira,PARCIALMENTE PROCEDENTE,True,31537.18,48181
5005930-82.2022.8.13.0040,2022,TJMG,Araxá,PESSOA FÍSICA,,,,,,4173
5005940-62.2021.8.13.0105,2021,TJMG,Governador Valadares,PESSOA JURÍDICA,GOL LINHAS AÉREAS SA E OUTROS (2),Transporte aéreo,IMPROCEDENTE,False,,6931
5005976-76.2022.8.24.0004,2022,TJSC,Araranguá,PESSOA FÍSICA,AZUL LINHAS AEREAS BRASILEIRAS,Transporte aéreo,PARCIALMENTE PROCEDENTE,True,1500.0,11872
5005981-22.2022.8.21.4001,2022,TJRS,Porto Alegre,PESSOA FÍSICA,BANCO MERCANTIL DO BRASIL,Banco e financeira,ACORDO HOMOLOGADO,,,1369
5006017-08.2022.8.24.0048,2022,TJSC,,PESSOA FÍSICA,BANCO LOSANGO S.A. - BANCO MULTIPLO,Banco e financeira,PROCEDENTE,True,10000.0,7045
5006024-60.2022.8.24.0028,2022,TJSC,Içara,PESSOA FÍSICA,BANCO BRADESCO,Banco e financeira,EXTINTO SEM MÉRITO,False,,4106
5006025-07.2025.8.24.0039,2025,TJSC,Lages,PESSOA JURÍDICA,,,IMPROCEDENTE,False,2000.0,44170
5006035-89.2020.8.21.0013,2020,TJRS,Erechim,PESSOA FÍSICA,RGE SUL DISTRIBUIDORA DE ENERGIA,Energia,PROCEDENTE,True,6000.0,21068
5006051-38.2022.8.13.0452,2022,TJMG,Nova Serrana,PESSOA FÍSICA,,,EXTINTO SEM MÉRITO,False,,1416
5006060-59.2020.8.13.0261,2020,TJMG,Formiga,PESSOA JURÍDICA,,,EXTINTO SEM MÉRITO,False,,1922
5006076-33.2019.8.13.0686,2019,TJMG,,,,,ACORDO HOMOLOGADO,,,505
5006138-04.2020.8.13.0245,2020,TJMG,Santa Luzia,PESSOA FÍSICA,,,EXTINTO SEM MÉRITO,False,,976
5006150-92.2020.8.13.0479,2020,TJMG,Passos,PESSOA JURÍDICA,BANCO FICSA,Banco e financeira,EXTINTO SEM MÉRITO,False,,5657
5006153-83.2024.8.24.0064,2024,TJSC,São José,PESSOA FÍSICA,BANCO SANTANDER (BRASIL),Banco e financeira,,,10000.0,18553
5006170-21.2023.8.24.0011,2023,TJSC,Brusque,PESSOA FÍSICA,RECOVERY DO BRASIL CONSULTORIA,Outros,IMPROCEDENTE,False,,5257
5006172-47.2022.8.24.0036,2022,TJSC,Jaraguá do Sul,PESSOA FÍSICA,SKY SERVICOS DE BANDA LARGA,Telecomunicações,ACORDO HOMOLOGADO,,,1988
5006207-40.2022.8.24.0025,2022,TJSC,Gaspar,PESSOA FÍSICA,BB ADMINISTRADORA DE CONSORCIOS,Outros,PROCEDENTE,True,6439.3,12393
5006219-11.2023.8.24.0125,2023,TJSC,Itapema,PESSOA FÍSICA,GOL LINHAS AEREAS,Transporte aéreo,PROCEDENTE,True,7000.0,10430
5006224-42.2021.8.08.0030,2021,TJES,Linhares,PESSOA FÍSICA,FUNDACAO RENOVA,Outros,EXTINTO SEM MÉRITO,False,,8145
5006231-91.2022.8.24.0082,2022,TJSC,Florianópolis,PESSOA FÍSICA,LATAM AIRLINES GROUP,Transporte aéreo,PROCEDENTE,True,2000.0,11515
5006233-61.2022.8.24.0082,2022,TJSC,Florianópolis,PESSOA FÍSICA,AZUL LINHAS AEREAS BRASILEIRAS,Transporte aéreo,PROCEDENTE,True,8000.0,14432
5006237-40.2023.8.24.0090,2023,TJSC,,PESSOA FÍSICA,PECAS E SERVICOS TATENO RV,Outros,IMPROCEDENTE,False,,9822
5006263-19.2024.8.08.0035,2024,TJES,Vitória,PESSOA FÍSICA,FADEL TRANSPORTES E LOGISTICA,Outros,ACORDO HOMOLOGADO,,,8768
5006303-15.2021.8.24.0082,2021,TJSC,Florianópolis,PESSOA FÍSICA,ALGAR TELECOM,Telecomunicações,PROCEDENTE,True,5000.0,11781
5006313-68.2024.8.13.0241,2024,TJMG,Esmeraldas,PESSOA JURÍDICA,MESTRE MARCENEIRO COMERCIAL LTDA CPF: 18.078.357/0006-62,Outros,PARCIALMENTE PROCEDENTE,True,,8333
5006320-11.2022.8.21.0014,2022,TJRS,Esteio,PESSOA FÍSICA,BANCO BMG,Banco e financeira,IMPROCEDENTE,False,,12214
5006365-34.2022.8.09.0051,2022,TJGO,Goiânia,PESSOA JURÍDICA,,,IMPROCEDENTE,False,,8319
5006365-84.2021.8.24.0040,2021,TJSC,Laguna,PESSOA FÍSICA,HAVAN LOJAS DE DEPARTAMENTOS,Varejo e serviços,PARCIALMENTE PROCEDENTE,True,315.24,18826
5006375-56.2021.8.24.0064,2021,TJSC,São José,PESSOA FÍSICA,CATUAI CONSTRUTORA E INCORPORADORA,Outros,EXTINTO SEM MÉRITO,False,,1822
5006378-95.2023.8.21.0008,2023,TJRS,Canoas,PESSOA FÍSICA,LOJAS RIACHUELO,Varejo e serviços,EXTINTO SEM MÉRITO,False,,1219
5006405-84.2019.8.13.0382,2019,TJMG,Lavras Rua Raul Soares,PESSOA FÍSICA,COMPANHIA DE SANEAMENTO DE MINAS GERAIS COPASA MG,Saneamento,IMPROCEDENTE,False,,7326
5006413-84.2024.8.24.0057,2024,TJSC,Santo Amaro da Imperatriz,PESSOA FÍSICA,,,ACORDO HOMOLOGADO,,,1881
5006414-83.2021.8.13.0056,2021,TJMG,Barbacena,PESSOA JURÍDICA,,,EXTINTO SEM MÉRITO,False,,4423
5006417-33.2024.8.24.0054,2024,TJSC,Rio do Sul,PESSOA FÍSICA,ITAU UNIBANCO HOLDING,Banco e financeira,IMPROCEDENTE,False,,15253
5006418-09.2021.8.24.0091,2021,TJSC,Florianópolis,PESSOA FÍSICA,,,EXTINTO SEM MÉRITO,False,,5969
5006437-44.2021.8.13.0245,2021,TJMG,Santa Luzia,PESSOA FÍSICA,,,EXTINTO SEM MÉRITO,False,,1605
5006445-31.2021.8.21.0008,2021,TJRS,Canoas,PESSOA FÍSICA,BOELTER S A MECANICA E METALURGIA,Outros,EXTINTO SEM MÉRITO,False,,2277
5006445-75.2021.8.13.0518,2021,TJMG,Poços de Caldas,PESSOA FÍSICA,,,EXTINTO SEM MÉRITO,False,,1636
5006452-31.2022.8.21.3001,2022,TJRS,Porto Alegre,PESSOA FÍSICA,HOEPERS RECUPERADORA DE CREDITO,Banco e financeira,PARCIALMENTE PROCEDENTE,True,,9907
5006466-10.2023.8.13.0024,2023,TJMG,,,,,IMPROCEDENTE,False,,7236
5006473-50.2022.8.21.0109,2022,TJRS,Marau,PESSOA FÍSICA,CREFAZ SOCIEDADE DE CREDITO AO MICROEMPREENDEDOR E A EMPRESA DE PEQUENO PORTE,Banco e financeira,IMPROCEDENTE,False,,9904
5006474-53.2020.8.21.2001,2020,TJRS,Porto Alegre,PESSOA FÍSICA,PRATICARD ADMINISTRADORA DE CARTOES DE CREDITO,Banco e financeira,PROCEDENTE,True,5000.0,4970
5006487-16.2022.8.13.0090,2022,TJMG,,PESSOA JURÍDICA,,,EXTINTO SEM MÉRITO,False,,2524
5006487-69.2023.8.21.0086,2023,TJRS,Cachoeirinha,PESSOA FÍSICA,,,ACORDO HOMOLOGADO,,,1488
5006528-29.2020.8.13.0647,2020,TJMG,São Sebastião do Paraíso,,,,PROCEDENTE,True,,4890
5006528-81.2024.8.13.0261,2024,TJMG,Formiga,PESSOA JURÍDICA,ASSOCIACAO BRASILEIRA DOS APOSENTADOS E PENSIONISTAS DA NACAO CPF: 02.216.963/0001-52,Outros,IMPROCEDENTE,False,,9449
5006535-07.2025.8.24.0011,2025,TJSC,Brusque,PESSOA FÍSICA,COOPERATIVA DE CREDITO VALE DO ITAJAI VIACREDI,Banco e financeira,IMPROCEDENTE,False,1448.92,19006
5006557-57.2022.8.08.0030,2022,TJES,Linhares,PESSOA FÍSICA,BANCO BMG,Banco e financeira,EXTINTO SEM MÉRITO,False,5000.0,5866
5006558-30.2023.8.21.0132,2023,TJRS,Sapiranga,PESSOA FÍSICA,FUGINI ALIMENTOS,Outros,ACORDO HOMOLOGADO,,,1450
5006565-82.2022.8.24.0064,2022,TJSC,São José,PESSOA FÍSICA,TELEFONICA BRASIL,Telecomunicações,IMPROCEDENTE,False,,8484
5006593-53.2024.8.24.0008,2024,TJSC,Blumenau,PESSOA FÍSICA,TIM CELULAR,Telecomunicações,EXTINTO SEM MÉRITO,False,,1658
5006594-02.2023.8.21.0026,2023,TJRS,Santa Cruz do Sul,PESSOA FÍSICA,TELEFONICA BRASIL,Telecomunicações,ACORDO HOMOLOGADO,,,1250
5006601-70.2023.8.21.0033,2023,TJRS,São Leopoldo,PESSOA FÍSICA,ANHANGUERA EDUCACIONAL PARTICIPACOES,Ensino,ACORDO HOMOLOGADO,,,1862
5006624-33.2024.8.21.0016,2024,TJRS,Ijuí,PESSOA FÍSICA,HOEPERS RECUPERADORA DE CREDITO,Banco e financeira,IMPROCEDENTE,False,,9734
5006630-16.2025.8.13.0699,2025,TJMG,Ubá,PESSOA JURÍDICA,ITAU UNIBANCO HOLDING S.A. CPF: 60.872.504/0001-23,Banco e financeira,ACORDO HOMOLOGADO,,,1056
5006640-26.2021.8.24.0010,2021,TJSC,Braço do Norte,PESSOA FÍSICA,,,PARCIALMENTE PROCEDENTE,True,,5984
5006655-05.2024.8.24.0005,2024,TJSC,Balneário Camboriú,PESSOA FÍSICA,BANCO PAN,Banco e financeira,IMPROCEDENTE,False,,11839
5006664-52.2023.8.21.0015,2023,TJRS,Gravataí,PESSOA FÍSICA,,,PARCIALMENTE PROCEDENTE,True,,9686
5006684-31.2024.8.13.0694,2024,TJMG,Três Pontas,PESSOA JURÍDICA,DMCARD CARTOES DE CREDITO S.A. CPF: 16.581.207/0001-37 E OUTROS,Banco e financeira,IMPROCEDENTE,False,,6609
5006703-71.2024.8.21.2001,2024,TJRS,Porto Alegre,PESSOA FÍSICA,GOLDSZTEIN CYRELA EMPREENDIMENTOS IMOBILIARIOS,Outros,IMPROCEDENTE,False,,8353
5006705-78.2024.8.24.0054,2024,TJSC,Rio do Sul,PESSOA FÍSICA,,,EXTINTO SEM MÉRITO,False,,2521
5006711-75.2024.8.21.0052,2024,TJRS,Guaíba,PESSOA FÍSICA,HOEPERS RECUPERADORA DE CREDITO,Banco e financeira,PARCIALMENTE PROCEDENTE,True,,7432
5006765-11.2023.8.21.0041,2023,TJRS,Canela,PESSOA FÍSICA,,,ACORDO HOMOLOGADO,,,1901
5006770-80.2025.8.13.0301,2025,TJMG,Igarapé,PESSOA JURÍDICA,BANCO MERCANTIL DO BRASIL SA CPF: 17.184.037/0001-10,Banco e financeira,IMPROCEDENTE,False,,8362
5006783-63.2021.8.24.0091,2021,TJSC,Florianópolis,PESSOA FÍSICA,AZUL LINHAS AEREAS BRASILEIRAS,Transporte aéreo,EXTINTO SEM MÉRITO,False,,1645
5006807-82.2022.8.13.0699,2022,TJMG,Ubá,PESSOA FÍSICA,,,IMPROCEDENTE,False,,6079
5006813-82.2022.8.08.0035,2022,TJES,Vitória,PESSOA FÍSICA,VM OPENLINK COMUNICACAO MULTIMIDIA,Outros,PARCIALMENTE PROCEDENTE,True,,10205
5006836-34.2024.8.24.0028,2024,TJSC,Içara,PESSOA FÍSICA,BANCO DO BRASIL,Banco e financeira,ACORDO HOMOLOGADO,,,3040
5006842-70.2021.8.13.0701,2021,TJMG,Uberaba,PESSOA JURÍDICA,,,IMPROCEDENTE,False,,3099
5006875-74.2021.8.24.0080,2021,TJSC,Xanxerê,PESSOA FÍSICA,BAR DO BUCHA,Outros,PROCEDENTE,True,5000.0,21586
5006892-39.2023.8.21.0011,2023,TJRS,Cruz Alta,PESSOA FÍSICA,GOL LINHAS AEREAS INTELIGENTES,Transporte aéreo,ACORDO HOMOLOGADO,,,1250
5006896-75.2021.8.24.0007,2021,TJSC,Biguaçu,PESSOA FÍSICA,,,PROCEDENTE,True,1061.93,10405
5006954-54.2023.8.21.6001,2023,TJRS,Porto Alegre,PESSOA FÍSICA,FUNDO DE INVESTIMENTO EM DIREITOS CREDITORIOS NAO-PADRONIZADOS NPL I,Banco e financeira,PARCIALMENTE PROCEDENTE,True,,12566
5006967-28.2021.8.13.0090,2021,TJMG,,PESSOA JURÍDICA,,,EXTINTO SEM MÉRITO,False,,2820
5006986-11.2025.8.13.0699,2025,TJMG,Ubá,PESSOA FÍSICA,,,IMPROCEDENTE,False,,6785
5006989-09.2023.8.21.0021,2023,TJRS,Passo Fundo,PESSOA FÍSICA,BANCO BRADESCO,Banco e financeira,ACORDO HOMOLOGADO,,,2542
5007004-25.2024.8.24.0064,2024,TJSC,São José,PESSOA FÍSICA,AZUL LINHAS AEREAS BRASILEIRAS,Transporte aéreo,IMPROCEDENTE,False,5000.0,28019
5007008-82.2022.8.08.0030,2022,TJES,Linhares,PESSOA FÍSICA,HAVAN LOJAS DE DEPARTAMENTOS,Varejo e serviços,PARCIALMENTE PROCEDENTE,True,569.84,11578
5007009-24.2022.8.08.0012,2022,TJES,Vitória,PESSOA FÍSICA,,,ACORDO HOMOLOGADO,,,2358
5007016-53.2022.8.24.0082,2022,TJSC,Florianópolis,PESSOA FÍSICA,VOX COMERCIO DE AUTOMOVEIS,Outros,ACORDO HOMOLOGADO,,,1873
5007027-12.2024.8.13.0699,2024,TJMG,Ubá,,,,PROCEDENTE,True,,5006
5007048-93.2022.8.13.0040,2022,TJMG,Araxá,PESSOA JURÍDICA,,,ACORDO HOMOLOGADO,,,1481
5007050-20.2022.8.24.0020,2022,TJSC,Criciúma,PESSOA FÍSICA,COMPANHIA CATARINENSE DE ÁGUAS E SANEAMENTO - CASAN,Saneamento,PROCEDENTE,True,3000.0,7213
5007057-45.2022.8.21.0036,2022,TJRS,Soledade,PESSOA FÍSICA,FUNDO DE INVESTIMENTO EM DIREITOS CREDITORIOS NAO PADRONIZADOS NPL II,Banco e financeira,ACORDO HOMOLOGADO,,,1291
5007082-25.2022.8.13.0313,2022,TJMG,Ipatinga,PESSOA FÍSICA,,,IMPROCEDENTE,False,,3868
5007167-34.2023.8.21.0028,2023,TJRS,Santa Rosa,PESSOA FÍSICA,MUNICÍPIO DE SANTA ROSA / RS,Poder público,,,,4783
5007215-66.2023.8.21.0036,2023,TJRS,Soledade,PESSOA FÍSICA,BANCO BMG,Banco e financeira,ACORDO HOMOLOGADO,,,1602
5007220-05.2023.8.13.0362,2023,TJMG,João Monlevade,PESSOA FÍSICA,,,ACORDO HOMOLOGADO,,,1158
5007234-87.2022.8.08.0030,2022,TJES,Linhares,PESSOA FÍSICA,PREMIUM VEICULOS,Outros,ACORDO HOMOLOGADO,,,1978
5007237-38.2021.8.24.0028,2021,TJSC,Içara,PESSOA FÍSICA,REPASSE CENTRAL DE VEICULOS,Outros,EXTINTO SEM MÉRITO,False,,1844
5007245-06.2024.8.21.4001,2024,TJRS,Porto Alegre,PESSOA FÍSICA,ATLANTICO FUNDO DE INVESTIMENTO EM DIREITOS CREDITORIOS RESPONSABILIDADE LIMITADA,Banco e financeira,PARCIALMENTE PROCEDENTE,True,,11608
5007255-50.2024.8.21.4001,2024,TJRS,Porto Alegre,PESSOA FÍSICA,RECOVERY DO BRASIL CONSULTORIA,Outros,IMPROCEDENTE,False,,10680
5007258-66.2023.8.08.0035,2023,TJES,Vitória,PESSOA FÍSICA,REVOLUT PROMOTORA DE VENDAS,Outros,IMPROCEDENTE,False,,5445
5007273-87.2025.8.24.0045,2025,TJSC,Palhoça,PESSOA FÍSICA,BANCO SANTANDER (BRASIL),Banco e financeira,,,,8602
5007298-32.2021.8.24.0113,2021,TJSC,Camboriú,PESSOA FÍSICA,EXPEDIA DO BRASIL AGENCIA DE VIAGENS E TURISMO,Outros,IMPROCEDENTE,False,,12396
5007312-31.2021.8.24.0011,2021,TJSC,Brusque,PESSOA FÍSICA,TELEFONICA BRASIL,Telecomunicações,EXTINTO SEM MÉRITO,False,,8078
5007317-63.2024.8.13.0105,2024,TJMG,Governador Valadares,PESSOA JURÍDICA,,,IMPROCEDENTE,False,,12114
5007337-94.2022.8.08.0030,2022,TJES,Linhares,PESSOA JURÍDICA,HIGH LIGHT VIAGENS E TURISMO,Energia,EXTINTO SEM MÉRITO,False,,2805
5007341-60.2025.8.13.0686,2025,TJMG,Teófilo Otoni,PESSOA JURÍDICA,UNIVERSO ASSOCIACAO DOS APOSENTADOS E PENSIONISTAS DOS REGIMES GERAL DA PREVIDENCIA SOCIAL,Outros,IMPROCEDENTE,False,,9694
5007357-16.2022.8.24.0006,2022,TJSC,Barra Velha,PESSOA FÍSICA,COOPERATIVA DE CREDITO DA FOZ DO RIO ITAJAI ACU - CREDIFOZ,Banco e financeira,ACORDO HOMOLOGADO,,,3070
5007367-74.2021.8.24.0045,2021,TJSC,Palhoça,PESSOA FÍSICA,,,IMPROCEDENTE,False,,4872
5007371-63.2021.8.08.0011,2021,TJES,Cachoeiro de Itapemirim,PESSOA FÍSICA,ASSOCIAÇÃO BRASILEIRA DOS SERVIDORES PÚBLICOS - ABSP,Outros,ACORDO HOMOLOGADO,,,1458
5007437-46.2022.8.21.0011,2022,TJRS,Cruz Alta,PESSOA FÍSICA,TELEFONICA BRASIL,Telecomunicações,ACORDO HOMOLOGADO,,,1354
5007440-23.2021.8.08.0035,2021,TJES,Vitória,PESSOA FÍSICA,,,IMPROCEDENTE,False,,9482
5007441-02.2021.8.21.0017,2021,TJRS,Lajeado,PESSOA FÍSICA,LATICINIOS SAO DOMINGOS,Outros,ACORDO HOMOLOGADO,,,1508
5007504-65.2023.8.21.0014,2023,TJRS,Esteio,PESSOA FÍSICA,BANCO CNH CAPITAL,Banco e financeira,EXTINTO SEM MÉRITO,False,,3500
5007515-67.2025.8.13.0525,2025,TJMG,Pouso Alegre,PESSOA JURÍDICA,BOOKING.COM BRASIL SERVICOS DE RESERVA DE HOTEIS LTDA. CPF: 10.625.931/0001-39,Outros,IMPROCEDENTE,False,,9580
5007520-59.2024.8.13.0223,2024,TJMG,Divinópolis,PESSOA JURÍDICA,PALUMA IMOVEIS LTDA - EPP CPF: 05.845.088/0001-66,Outros,ACORDO HOMOLOGADO,,,946
5007539-91.2025.8.24.0007,2025,TJSC,Biguaçu,PESSOA FÍSICA,VERSATIL MOVEIS,Outros,PARCIALMENTE PROCEDENTE,True,4590.0,14610
5007564-13.2021.8.13.0699,2021,TJMG,Ubá,PESSOA JURÍDICA,,,IMPROCEDENTE,False,,5453
5007611-86.2023.8.21.5001,2023,TJRS,Porto Alegre,PESSOA FÍSICA,,,ACORDO HOMOLOGADO,,,1376
5007619-69.2021.8.08.0030,2021,TJES,Linhares,PESSOA FÍSICA,UNIMED NORTE CAPIXABA COOPERATIVA DE TRABALHO MEDICO,Plano de saúde,IMPROCEDENTE,False,,10032
5007626-13.2022.8.24.0020,2022,TJSC,Criciúma,PESSOA FÍSICA,ITAU UNIBANCO,Banco e financeira,IMPROCEDENTE,False,,16564
5007626-59.2024.8.24.0079,2024,TJSC,Videira,PESSOA FÍSICA,BANCO BRADESCO,Banco e financeira,EXTINTO SEM MÉRITO,False,,2035
5007641-06.2024.8.24.0054,2024,TJSC,Rio do Sul,PESSOA FÍSICA,CIELO S.A - INSTITUICAO DE PAGAMENTO,Outros,EXTINTO SEM MÉRITO,False,,2622
5007685-95.2022.8.13.0702,2022,TJMG,Uberlândia,PESSOA JURÍDICA,,,ACORDO HOMOLOGADO,,,1614
5007692-50.2023.8.21.0049,2023,TJRS,Frederico Westphalen,PESSOA FÍSICA,BANCO SOFISA,Banco e financeira,EXTINTO SEM MÉRITO,False,,1462
5007698-66.2021.8.08.0024,2021,TJES,Vitória,PESSOA FÍSICA,BANCO DO BRASIL,Banco e financeira,IMPROCEDENTE,False,,4564
5007700-95.2023.8.24.0064,2023,TJSC,São José,PESSOA FÍSICA,CLARO,Telecomunicações,ACORDO HOMOLOGADO,,,2405
5007721-95.2022.8.13.0134,2022,TJMG,Caratinga,PESSOA JURÍDICA,,,PROCEDENTE,True,698.52,5861
5007724-47.2024.8.21.0008,2024,TJRS,Canoas,PESSOA FÍSICA,SERASA,Bureau de crédito,IMPROCEDENTE,False,,6579
5007748-66.2025.8.24.0005,2025,TJSC,Balneário Camboriú,PESSOA FÍSICA,SOLIMOES TRANSPORTES DE PASSAGEIROS E CARGAS,Outros,PARCIALMENTE PROCEDENTE,True,728.59,11155
5007805-60.2024.8.21.0019,2024,TJRS,Novo Hamburgo,PESSOA JURÍDICA,REAL TIME FUNDO DE INVESTIMENTO EM DIREITOS CREDITORIOS NAO-PADRONIZADOS,Banco e financeira,ACORDO HOMOLOGADO,,,2060
5007805-90.2024.8.21.0009,2024,TJRS,Carazinho,PESSOA FÍSICA,REALIZE CREDITO,Banco e financeira,ACORDO HOMOLOGADO,,,1581
5007827-97.2025.8.13.0701,2025,TJMG,Uberaba,PESSOA JURÍDICA,AZUL LINHAS AÉREAS BRASILEIRAS S/A CPF: 09.296.295/0001-60 E OUTROS,Transporte aéreo,IMPROCEDENTE,False,3000.0,12214
5007829-30.2021.8.09.0051,2021,TJGO,Goiânia,PESSOA FÍSICA,GOL LINHAS AEREAS INTELIGENTES,Transporte aéreo,PROCEDENTE,True,5000.0,4803
5007855-22.2023.8.21.6001,2023,TJRS,Porto Alegre,PESSOA JURÍDICA,SINOSSERRA FINANCEIRA S/A - SOCIEDADE DE CREDITO,Banco e financeira,ACORDO HOMOLOGADO,,,3249
5007858-98.2023.8.13.0439,2023,TJMG,Muriaé,,,,PROCEDENTE,True,10000.0,11283
5007909-82.2024.8.24.0079,2024,TJSC,Videira,PESSOA FÍSICA,BANCO ORIGINAL,Banco e financeira,IMPROCEDENTE,False,,8399
5007974-25.2022.8.24.0022,2022,TJSC,Curitibanos,PESSOA JURÍDICA,ASSOCIACAO COMERCIAL,Outros,EXTINTO SEM MÉRITO,False,,1584
5007975-49.2022.8.21.0036,2022,TJRS,Soledade,PESSOA FÍSICA,AVON COSMETICOS,Outros,PARCIALMENTE PROCEDENTE,True,10000.0,13392
5008002-16.2025.8.24.0045,2025,TJSC,,PESSOA FÍSICA,,,PARCIALMENTE PROCEDENTE,True,5000.0,10268
5008009-35.2023.8.24.0091,2023,TJSC,Florianópolis,PESSOA FÍSICA,AZUL LINHAS AEREAS BRASILEIRAS,Transporte aéreo,IMPROCEDENTE,False,,8112
5008017-25.2022.8.08.0048,2022,TJES,Vitória,PESSOA FÍSICA,,,EXTINTO SEM MÉRITO,False,,2273
5008134-97.2024.8.24.0113,2024,TJSC,Camboriú,PESSOA FÍSICA,BANCO DO BRASIL,Banco e financeira,PROCEDENTE,True,16000.0,7417
5008148-35.2021.8.24.0033,2021,TJSC,Itajaí,PESSOA FÍSICA,ANHANGUERA EDUCACIONAL PARTICIPACOES,Ensino,PROCEDENTE,True,10000.0,7998
5008159-29.2023.8.24.0022,2023,TJSC,Curitibanos,PESSOA FÍSICA,,,,,2000.0,4078
5008200-67.2025.8.24.0008,2025,TJSC,Blumenau,PESSOA JURÍDICA,COOPERATIVA DE CREDITO DE LIVRE ADMISSAO DE ASSOCIADOS - SICOOB MAXICREDITO,Banco e financeira,PARCIALMENTE PROCEDENTE,True,5000.0,10873
5008219-54.2024.8.24.0058,2024,TJSC,São Bento do Sul,PESSOA FÍSICA,TELEFONICA BRASIL,Telecomunicações,PARCIALMENTE PROCEDENTE,True,15000.0,14248
5008227-92.2022.8.24.0125,2022,TJSC,Itapema,PESSOA FÍSICA,HURB TECHNOLOGIES,Outros,IMPROCEDENTE,False,4796.8,11030
5008229-42.2025.8.24.0033,2025,TJSC,Itajaí,PESSOA FÍSICA,TAM LINHAS AEREAS,Transporte aéreo,PROCEDENTE,True,3000.0,10168
5008301-13.2025.8.24.0006,2025,TJSC,Barra Velha,PESSOA FÍSICA,EUCATUR-EMPRESA UNIAO CASCAVEL DE TRANSPORTES E TURISMO,Poder público,EXTINTO SEM MÉRITO,False,,2196
5008313-12.2022.8.21.0072,2022,TJRS,Torres,PESSOA FÍSICA,AVANCE PROMOTORA DE VENDAS,Outros,EXTINTO SEM MÉRITO,False,,1485
5008340-69.2022.8.08.0035,2022,TJES,Vitória,PESSOA JURÍDICA,,,IMPROCEDENTE,False,679.0,9972
5008356-55.2025.8.24.0008,2025,TJSC,Blumenau,PESSOA FÍSICA,ASILO AMOR A VIDA,Outros,PROCEDENTE,True,3000.0,11067
5008383-02.2023.8.13.0271,2023,TJMG,Frutal,PESSOA JURÍDICA,BANCO SANTANDER (BRASIL) S.A. CPF: 90.400.888/0945-38,Banco e financeira,ACORDO HOMOLOGADO,,,1054
5008413-32.2024.8.24.0033,2024,TJSC,Itajaí,PESSOA FÍSICA,TAM LINHAS AEREAS,Transporte aéreo,PROCEDENTE,True,134.7,12826
5008418-29.2022.8.21.3001,2022,TJRS,Porto Alegre,PESSOA FÍSICA,AVON COSMETICOS,Outros,EXTINTO SEM MÉRITO,False,,1428
5008429-77.2022.8.24.0090,2022,TJSC,,PESSOA FÍSICA,,,PARCIALMENTE PROCEDENTE,True,12000.0,14839
5008442-26.2021.8.13.0702,2021,TJMG,Uberlândia,PESSOA JURÍDICA,,,IMPROCEDENTE,False,,7182
5008497-86.2022.8.24.0135,2022,TJSC,Navegantes,PESSOA FÍSICA,MUNICÍPIO DE NAVEGANTES/,Poder público,IMPROCEDENTE,False,,8502
5008565-62.2024.8.09.0174,2024,TJGO,Senador Canedo,,,,PARCIALMENTE PROCEDENTE,True,20372.0,14783
5008612-66.2023.8.21.0035,2023,TJRS,Sapucaia do Sul,PESSOA JURÍDICA,WHITE MARTINS GASES INDUSTRIAIS,Outros,ACORDO HOMOLOGADO,,,1346
5008621-73.2024.8.21.0041,2024,TJRS,Canela,PESSOA FÍSICA,NU PAGAMENTOS S.A. - INSTITUICAO DE PAGAMENTO,Outros,IMPROCEDENTE,False,,18914
5008635-60.2023.8.21.0019,2023,TJRS,Novo Hamburgo,PESSOA FÍSICA,MELIUZ,Outros,ACORDO HOMOLOGADO,,,1347
5008657-23.2024.8.13.0079,2024,TJMG,Belo Horizonte,PESSOA JURÍDICA,BANCO SANTANDER (BRASIL) S.A. CPF: 90.400.888/0001-42,Banco e financeira,PARCIALMENTE PROCEDENTE,True,1918.03,25637
5008702-71.2022.8.08.0035,2022,TJES,Vitória,PESSOA FÍSICA,,,IMPROCEDENTE,False,,6173
5008722-07.2022.8.08.0021,2022,TJES,Vitória,PESSOA FÍSICA,,,PARCIALMENTE PROCEDENTE,True,4000.0,7520
5008726-24.2023.8.21.2001,2023,TJRS,Porto Alegre,PESSOA FÍSICA,MUNICÍPIO DE PORTO ALEGRE / RS,Poder público,PROCEDENTE,True,30000.0,18108
5008742-18.2024.8.08.0024,2024,TJES,Vitória,PESSOA JURÍDICA,BANCO DO BRASIL,Banco e financeira,IMPROCEDENTE,False,,13738
5008755-25.2023.8.24.0018,2023,TJSC,Chapecó,PESSOA FÍSICA,TELEFONICA BRASIL,Telecomunicações,IMPROCEDENTE,False,,12548
5008779-84.2020.8.08.0024,2020,TJES,Vitória,PESSOA JURÍDICA,APPLE COMPUTER BRASIL,Outros,EXTINTO SEM MÉRITO,False,,2439
5008786-71.2024.8.21.0025,2024,TJRS,Santana do Livramento,PESSOA FÍSICA,BANCO AGIBANK,Banco e financeira,PROCEDENTE,True,1694.4,11749
5008801-52.2022.8.13.0342,2022,TJMG,Ituiutaba,PESSOA JURÍDICA,BANCO C6 CONSIGNADO S.A. E OUTROS,Banco e financeira,ACORDO HOMOLOGADO,,,3509
5008816-52.2023.8.21.0022,2023,TJRS,Pelotas,PESSOA FÍSICA,MEBER METAIS,Outros,PROCEDENTE,True,,1610
5008854-40.2025.8.24.0045,2025,TJSC,Palhoça,PESSOA FÍSICA,BANCO PAN,Banco e financeira,IMPROCEDENTE,False,,6266
5008854-88.2024.8.21.0132,2024,TJRS,Sapiranga,PESSOA FÍSICA,,,ACORDO HOMOLOGADO,,,2190
5008862-81.2022.8.24.0090,2022,TJSC,,PESSOA FÍSICA,,,PARCIALMENTE PROCEDENTE,True,1300.0,17560
5008882-90.2023.8.21.0035,2023,TJRS,Sapucaia do Sul,PESSOA FÍSICA,NU PAGAMENTOS S.A. - INSTITUICAO DE PAGAMENTO,Outros,ACORDO HOMOLOGADO,,,2219
5008993-52.2023.8.21.0010,2023,TJRS,Caxias do Sul,PESSOA FÍSICA,CV EVENTOS,Outros,IMPROCEDENTE,False,,12860
5008995-10.2022.8.13.0647,2022,TJMG,São Sebastião do Paraíso,PESSOA FÍSICA,,,PARCIALMENTE PROCEDENTE,True,3000.0,6552
5009014-48.2024.8.08.0012,2024,TJES,Vitória,PESSOA FÍSICA,,,EXTINTO SEM MÉRITO,False,,1421
5009020-63.2022.8.24.0082,2022,TJSC,Florianópolis,PESSOA FÍSICA,BANCO INTER,Banco e financeira,EXTINTO SEM MÉRITO,False,,1613
5009030-13.2023.8.24.0005,2023,TJSC,Balneário Camboriú,PESSOA FÍSICA,BANCO BRADESCO CARTOES,Banco e financeira,EXTINTO SEM MÉRITO,False,,1574
5009114-65.2022.8.21.3001,2022,TJRS,Porto Alegre,PESSOA FÍSICA,FUNDO DE INVESTIMENTO EM DIREITOS CREDITORIOS MULTSEGMENTOS NPL IPANEMA VI - NAO PADRONIZA,Banco e financeira,IMPROCEDENTE,False,,9719
5009129-56.2023.8.13.0209,2023,TJMG,Curvelo,PESSOA JURÍDICA,,,ACORDO HOMOLOGADO,,,1497
5009129-62.2023.8.24.0011,2023,TJSC,Brusque,PESSOA FÍSICA,BANCO BRADESCO,Banco e financeira,IMPROCEDENTE,False,,5753
5009136-19.2022.8.13.0521,2022,TJMG,Ponte Nova,PESSOA JURÍDICA,,,PARCIALMENTE PROCEDENTE,True,1000.0,23331
5009150-28.2023.8.21.0009,2023,TJRS,Carazinho,PESSOA FÍSICA,HOSPITAL DE CLINICAS DE PASSO FUNDO,Outros,IMPROCEDENTE,False,,12085
5009158-17.2023.8.24.0075,2023,TJSC,Tubarão,PESSOA FÍSICA,,,ACORDO HOMOLOGADO,,,1763
5009162-05.2024.8.13.0567,2024,TJMG,Belo Horizonte,PESSOA JURÍDICA,DROGARIA ARAUJO S A CPF: 17.256.512/0140-95,Outros,PARCIALMENTE PROCEDENTE,True,95.0,9395
5009174-35.2024.8.21.0037,2024,TJRS,Uruguaiana,PESSOA FÍSICA,FUNDO DE INVESTIMENTO EM DIREITOS CREDITORIOS MULTSEGMENTOS NPL IPANEMA VI - NAO PADRONIZA,Banco e financeira,ACORDO HOMOLOGADO,,,1764
5009227-20.2022.8.21.0026,2022,TJRS,Santa Cruz do Sul,PESSOA FÍSICA,LUDIKA EVENTOS E LOCACOES,Outros,ACORDO HOMOLOGADO,,,1260
5009251-22.2025.8.13.0105,2025,TJMG,Governador Valadares,PESSOA JURÍDICA,AZUL LINHAS AÉREAS BRASILEIRAS S/A CPF: 09.296.295/0001-60,Transporte aéreo,PARCIALMENTE PROCEDENTE,True,3000.0,6618
5009259-55.2022.8.21.0016,2022,TJRS,Ijuí,PESSOA FÍSICA,ASSOCIACAO DOS FUNCIONARIOS FAZENDARIOS DOS POSTOS FISCAIS E TURMAS VOLANTES DO ESTADO DO,Poder público,IMPROCEDENTE,False,,5899
5009266-58.2025.8.24.0113,2025,TJSC,Camboriú,PESSOA FÍSICA,J&T EXPRESS BRAZIL,Outros,PARCIALMENTE PROCEDENTE,True,2082.11,12386
5009286-31.2021.8.13.0134,2021,TJMG,Caratinga,PESSOA JURÍDICA,CONSTRUREDE ELETRICIDADE,Energia,EXTINTO SEM MÉRITO,False,,1224
5009331-73.2023.8.13.0713,2023,TJMG,Viçosa,,,,IMPROCEDENTE,False,,13788
5009333-40.2023.8.13.0035,2023,TJMG,Araguari,PESSOA JURÍDICA,,,IMPROCEDENTE,False,,2282
5009376-33.2023.8.21.0009,2023,TJRS,Carazinho,PESSOA FÍSICA,PEDROSO,Outros,ACORDO HOMOLOGADO,,,1320
5009376-93.2024.8.08.0030,2024,TJES,Linhares,PESSOA FÍSICA,,,PROCEDENTE,True,1707.3,6706
5009407-20.2024.8.21.0041,2024,TJRS,Canela,PESSOA FÍSICA,UBER DO BRASIL TECNOLOGIA,Outros,IMPROCEDENTE,False,,12915
5009457-32.2021.8.08.0035,2021,TJES,Vitória,PESSOA FÍSICA,,,ACORDO HOMOLOGADO,,,2030
5009458-73.2025.8.13.0702,2025,TJMG,,PESSOA JURÍDICA,BANCO DO BRASILUNIÃOTIPO:A[1],Banco e financeira,IMPROCEDENTE,False,,4628
5009520-03.2022.8.21.5001,2022,TJRS,Porto Alegre,PESSOA FÍSICA,,,PARCIALMENTE PROCEDENTE,True,1000.0,15933
5009527-60.2023.8.24.0091,2023,TJSC,Florianópolis,PESSOA FÍSICA,TAM LINHAS AEREAS,Transporte aéreo,PARCIALMENTE PROCEDENTE,True,5000.0,10648
5009571-94.2023.8.21.0016,2023,TJRS,Ijuí,PESSOA FÍSICA,IMPLEMASTER - INDUSTRIA DE EQUIPAMENTOS AGRICOLAS,Outros,EXTINTO SEM MÉRITO,False,,1583
5009629-82.2023.8.21.0021,2023,TJRS,Passo Fundo,PESSOA FÍSICA,,,IMPROCEDENTE,False,,14726
5009696-48.2023.8.13.0707,2023,TJMG,Varginha,PESSOA JURÍDICA,,,ACORDO HOMOLOGADO,,,1207
5009700-42.2022.8.21.0014,2022,TJRS,Esteio,PESSOA FÍSICA,CONDOMINIO MORADA DE ESTEIO,Outros,PROCEDENTE,True,,3966
5009735-87.2022.8.21.0018,2022,TJRS,Montenegro,PESSOA FÍSICA,ACRUX RECUPERACAO DE ATIVOS,Outros,PROCEDENTE,True,5000.0,4862
5009765-54.2022.8.21.0073,2022,TJRS,Tramandaí,PESSOA FÍSICA,COMPANHIA RIOGRANDENSE DE SANEAMENTO CORSAN,Saneamento,ACORDO HOMOLOGADO,,,1451
5009770-04.2023.8.24.0091,2023,TJSC,Florianópolis,PESSOA FÍSICA,GOL LINHAS AEREAS,Transporte aéreo,PARCIALMENTE PROCEDENTE,True,2000.0,13225
5009786-34.2022.8.13.0079,2022,TJMG,Contagem,PESSOA JURÍDICA,,,IMPROCEDENTE,False,,8582
5009796-78.2022.8.21.0007,2022,TJRS,Camaquã,PESSOA FÍSICA,,,PARCIALMENTE PROCEDENTE,True,5000.0,5347
5009814-50.2020.8.24.0019,2020,TJSC,Concórdia,PESSOA FÍSICA,BANCO DAYCOVAL,Banco e financeira,PROCEDENTE,True,5000.0,21389
5009831-39.2023.8.24.0033,2023,TJSC,Balneário Camboriú,PESSOA FÍSICA,BANCO BRADESCO,Banco e financeira,EXTINTO SEM MÉRITO,False,,4627
5009863-48.2023.8.24.0064,2023,TJSC,São José,PESSOA FÍSICA,VIVO,Telecomunicações,PROCEDENTE,True,1000.0,13141
5009874-58.2023.8.24.0135,2023,TJSC,Navegantes,PESSOA FÍSICA,,,ACORDO HOMOLOGADO,,,2955
5009892-06.2021.8.08.0035,2021,TJES,Vitória,PESSOA FÍSICA,,,IMPROCEDENTE,False,,6564
5009901-94.2022.8.24.0064,2022,TJSC,São José,PESSOA FÍSICA,,,IMPROCEDENTE,False,,10510
5009943-95.2024.8.13.0027,2024,TJMG,Betim,PESSOA JURÍDICA,BANCO BMG S.A CPF: 61.186.680/0001-74,Banco e financeira,PARCIALMENTE PROCEDENTE,True,7000.0,13420
5009968-89.2023.8.21.0005,2023,TJRS,Bento Gonçalves,PESSOA FÍSICA,FACEBOOK SERVICOS ONLINE DO BRASIL,Outros,ACORDO HOMOLOGADO,,,1685
5009971-96.2025.8.13.0134,2025,TJMG,Caratinga,PESSOA JURÍDICA,MAYPHONE STORE TELEFONIA LTDA CPF: 49.688.471/0001-23,Outros,IMPROCEDENTE,False,,5407
5009984-79.2024.8.21.0014,2024,TJRS,Esteio,PESSOA FÍSICA,BANCO SANTANDER (BRASIL),Banco e financeira,ACORDO HOMOLOGADO,,,1686
5010002-14.2022.8.13.0105,2022,TJMG,Governador Valadares,PESSOA JURÍDICA,,,IMPROCEDENTE,False,,5517
5010009-30.2023.8.24.0019,2023,TJSC,Concórdia,PESSOA FÍSICA,,,PARCIALMENTE PROCEDENTE,True,,24591
5010041-90.2023.8.24.0033,2023,TJSC,Itajaí,PESSOA FÍSICA,BANCO SAFRA,Banco e financeira,ACORDO HOMOLOGADO,,,2357
5010116-02.2024.8.24.0064,2024,TJSC,São José,PESSOA FÍSICA,CELESC DISTRIBUIÇÃO,Energia,IMPROCEDENTE,False,,7236
5010158-08.2022.8.13.0394,2022,TJMG,Manhuaçu,PESSOA JURÍDICA,SECRETARIA DE ESTADO DE SAÚDE DO ESTADO DE MINAS GERAIS CPF: 18.715.516/0001-88 E OUTROS,Poder público,EXTINTO SEM MÉRITO,False,,5005
5010211-03.2022.8.21.3001,2022,TJRS,Porto Alegre,PESSOA FÍSICA,,,ACORDO HOMOLOGADO,,,1511
5010268-96.2024.8.13.0471,2024,TJMG,Pará de Minas,PESSOA JURÍDICA,SERASA S.A. CPF: 62.173.620/0001-80,Bureau de crédito,IMPROCEDENTE,False,,12043
5010271-17.2022.8.13.0699,2022,TJMG,Ubá,PESSOA JURÍDICA,,,IMPROCEDENTE,False,,5974
5010290-12.2023.8.21.0005,2023,TJRS,Bento Gonçalves,PESSOA FÍSICA,RGE SUL DISTRIBUIDORA DE ENERGIA,Energia,EXTINTO SEM MÉRITO,False,,1465
5010324-74.2023.8.13.0145,2023,TJMG,Juiz de Fora,PESSOA JURÍDICA,,,EXTINTO SEM MÉRITO,False,,1694
5010346-15.2022.8.21.3001,2022,TJRS,Porto Alegre,PESSOA FÍSICA,FUNDO DE INVESTIMENTO EM DIREITOS CREDITORIOS MULTSEGMENTOS NPL IPANEMA VI - NAO PADRONIZA,Banco e financeira,IMPROCEDENTE,False,,19897
5010348-15.2017.8.13.0145,2017,TJMG,Juiz de Fora,PESSOA FÍSICA,BANCO BMG,Banco e financeira,IMPROCEDENTE,False,,6201
5010350-25.2024.8.13.0699,2024,TJMG,Ubá,PESSOA JURÍDICA,COMPANHIA DE SANEAMENTO DE MINAS GERAIS COPASA MG CPF: 17.281.106/0001-03,Saneamento,EXTINTO SEM MÉRITO,False,,1313
5010413-44.2022.8.24.0075,2022,TJSC,Tubarão,PESSOA FÍSICA,GN STETIC APARELHOS PARA ESTETICA E FISIOTERAPIA,Outros,ACORDO HOMOLOGADO,,,1826
5010422-04.2022.8.24.0011,2022,TJSC,Brusque,PESSOA FÍSICA,BANCO ITAUCARD,Banco e financeira,IMPROCEDENTE,False,,9031
5010458-20.2023.8.21.0003,2023,TJRS,Alvorada,PESSOA FÍSICA,,,PROCEDENTE,True,,1545
5010460-04.2021.8.21.0021,2021,TJRS,Passo Fundo,PESSOA FÍSICA,,,PROCEDENTE,True,15000.0,15379
5010470-52.2024.8.21.0018,2024,TJRS,Montenegro,PESSOA FÍSICA,MERCADO PAGO INSTITUICAO DE PAGAMENTO,Outros,IMPROCEDENTE,False,,6137
5010479-23.2024.8.08.0035,2024,TJES,Vitória,PESSOA FÍSICA,BOTICARIO PRODUTOS DE BELEZA,Outros,PROCEDENTE,True,5000.0,4376
5010487-19.2023.8.24.0090,2023,TJSC,,PESSOA FÍSICA,BANCO SANTANDER (BRASIL),Banco e financeira,EXTINTO SEM MÉRITO,False,,4905
5010490-18.2025.8.08.0035,2025,TJES,Vitória,PESSOA FÍSICA,ME POUPE! CONTEUDO E SERVICOS FINANCEIROS,Banco e financeira,ACORDO HOMOLOGADO,,,4988
5010498-28.2019.8.24.0045,2019,TJSC,Palhoça,PESSOA FÍSICA,J & T CLINICA ODONTOLOGICA,Plano de saúde,ACORDO HOMOLOGADO,,,1829
5010499-36.2023.8.21.0019,2023,TJRS,Novo Hamburgo,PESSOA FÍSICA,CREFAZ SOCIEDADE DE CREDITO AO MICROEMPREENDEDOR E A EMPRESA DE PEQUENO PORTE,Banco e financeira,ACORDO HOMOLOGADO,,,1283
5010510-77.2023.8.08.0035,2023,TJES,Vitória,PESSOA FÍSICA,FF.COM ESPORTES,Outros,EXTINTO SEM MÉRITO,False,,1813
5010546-67.2024.8.24.0091,2024,TJSC,Florianópolis,PESSOA FÍSICA,AZUL LINHAS AEREAS BRASILEIRAS,Transporte aéreo,PARCIALMENTE PROCEDENTE,True,2000.0,20987
5010546-79.2022.8.21.0072,2022,TJRS,Torres,PESSOA FÍSICA,FATTOR RECUPERACAO DE CREDITOS E GESTAO DE RISCO,Banco e financeira,ACORDO HOMOLOGADO,,,2188
5010552-23.2021.8.24.0045,2021,TJSC,Palhoça,PESSOA FÍSICA,CELESC DISTRIBUIÇÃO,Energia,EXTINTO SEM MÉRITO,False,,1835
5010553-96.2023.8.24.0090,2023,TJSC,,PESSOA FÍSICA,BANCO SANTANDER (BRASIL),Banco e financeira,EXTINTO SEM MÉRITO,False,,5240
5010568-06.2023.8.21.0072,2023,TJRS,Torres,PESSOA FÍSICA,BANCO BMG,Banco e financeira,ACORDO HOMOLOGADO,,,1583
5010572-88.2021.8.08.0035,2021,TJES,Vitória,PESSOA JURÍDICA,,,EXTINTO SEM MÉRITO,False,,9842
5010611-84.2024.8.24.0019,2024,TJSC,Concórdia,,,,,,,2935
5010632-71.2023.8.21.0086,2023,TJRS,Cachoeirinha,PESSOA FÍSICA,RGE SUL DISTRIBUIDORA DE ENERGIA,Energia,IMPROCEDENTE,False,,9838
5010642-46.2024.8.13.0105,2024,TJMG,Governador Valadares,PESSOA JURÍDICA,COMPANHIA DE SANEAMENTO DE MINAS GERAIS COPASA MG CPF: 17.281.106/0301-00,Saneamento,PROCEDENTE,True,2000.0,17116
5010652-88.2023.8.24.0018,2023,TJSC,Chapecó,PESSOA FÍSICA,BANCO BMG,Banco e financeira,EXTINTO SEM MÉRITO,False,,3007
5010661-09.2024.8.08.0035,2024,TJES,Vitória,PESSOA FÍSICA,,,IMPROCEDENTE,False,,7402
5010668-49.2025.8.13.0480,2025,TJMG,Belo Horizonte,,,,PARCIALMENTE PROCEDENTE,True,,22363
5010703-58.2024.8.08.0035,2024,TJES,Vitória,PESSOA FÍSICA,123 VIAGENS E TURISMO LTDA (123 MILHAS),Outros,PARCIALMENTE PROCEDENTE,True,2000.0,9185
5010753-36.2021.8.13.0525,2021,TJMG,Pouso Alegre,PESSOA FÍSICA,,,,,,5755
5010810-90.2024.8.13.0188,2024,TJMG,Nova Lima,PESSOA FÍSICA,AZUL LINHAS AÉREAS BRASILEIRAS S/A CPF: 09.296.295/0001-60,Transporte aéreo,EXTINTO SEM MÉRITO,False,,1364
5010817-56.2022.8.13.0090,2022,TJMG,Brumadinho,PESSOA JURÍDICA,,,EXTINTO SEM MÉRITO,False,,3496
5010884-86.2022.8.21.2001,2022,TJRS,Porto Alegre,PESSOA FÍSICA,FUNDO DE INVESTIMENTO EM DIREITOS CREDITORIOS MULTSEGMENTOS NPL IPANEMA VI - NAO PADRONIZA,Banco e financeira,IMPROCEDENTE,False,,5936
5011021-23.2022.8.13.0439,2022,TJMG,Muriaé,PESSOA JURÍDICA,,,PROCEDENTE,True,20000.0,9405
5011033-71.2023.8.24.0091,2023,TJSC,Florianópolis,PESSOA FÍSICA,,,IMPROCEDENTE,False,1191.06,20181
5011044-16.2022.8.08.0048,2022,TJES,Vitória,PESSOA FÍSICA,ANDAIMES VITORIA,Outros,EXTINTO SEM MÉRITO,False,,1097
5011057-73.2021.8.24.0090,2021,TJSC,,PESSOA FÍSICA,AZUL LINHAS AEREAS BRASILEIRAS,Transporte aéreo,EXTINTO SEM MÉRITO,False,,2290
5011112-93.2022.8.13.0090,2022,TJMG,Belo Horizonte,PESSOA JURÍDICA,,,EXTINTO SEM MÉRITO,False,,6241
5011115-14.2023.8.13.0672,2023,TJMG,Sete Lagoas,PESSOA JURÍDICA,MULTI FORMATO DISTRIBUIDORA SOCIEDADE ANONIMA CPF: 10.319.375/0001-72,Outros,,,,11010
5011132-11.2022.8.08.0030,2022,TJES,Linhares,PESSOA FÍSICA,BANCO DO ESTADO DO ESPIRITO SANTO,Banco e financeira,IMPROCEDENTE,False,,3169
5011147-64.2023.8.21.0003,2023,TJRS,Alvorada,PESSOA FÍSICA,,,PROCEDENTE,True,10000.0,14748
5011168-82.2023.8.21.0086,2023,TJRS,Cachoeirinha,PESSOA FÍSICA,RECOVERY DO BRASIL CONSULTORIA,Outros,IMPROCEDENTE,False,,18219
5011186-93.2021.8.08.0035,2021,TJES,Vitória,PESSOA FÍSICA,,,EXTINTO SEM MÉRITO,False,,4190
5011210-54.2023.8.24.0020,2023,TJSC,Criciúma,PESSOA FÍSICA,,,IMPROCEDENTE,False,,7418
5011241-61.2023.8.21.0019,2023,TJRS,Novo Hamburgo,PESSOA FÍSICA,RAIA DROGASIL,Outros,ACORDO HOMOLOGADO,,,1632
5011305-23.2023.8.21.0035,2023,TJRS,Sapucaia do Sul,PESSOA FÍSICA,FACEBOOK SERVICOS ONLINE DO BRASIL,Outros,PARCIALMENTE PROCEDENTE,True,5000.0,10150
5011321-10.2023.8.21.4001,2023,TJRS,Porto Alegre,PESSOA FÍSICA,CREDIATIVOS SOLUCOES FINANCEIRAS,Banco e financeira,PARCIALMENTE PROCEDENTE,True,,10567
5011377-02.2024.8.21.3001,2024,TJRS,Porto Alegre,PESSOA FÍSICA,,,EXTINTO SEM MÉRITO,False,,2268
5011398-89.2024.8.21.5001,2024,TJRS,Porto Alegre,PESSOA FÍSICA,123 VIAGENS E TURISMO,Outros,EXTINTO SEM MÉRITO,False,,1289
5011401-02.2021.8.24.0075,2021,TJSC,Tubarão,PESSOA FÍSICA,BANCO BRADESCO FINANCIAMENTOS,Banco e financeira,EXTINTO SEM MÉRITO,False,,1954
5011473-80.2024.8.13.0433,2024,TJMG,Montes Claros,PESSOA JURÍDICA,CEMIG DISTRIBUIÇÃO S.A. CPF: 06.981.180/0001-16,Energia,EXTINTO SEM MÉRITO,False,,1394
5011504-72.2024.8.24.0020,2024,TJSC,Criciúma,PESSOA FÍSICA,BANCO BRADESCO,Banco e financeira,PROCEDENTE,True,10000.0,10266
5011637-81.2023.8.21.0037,2023,TJRS,Uruguaiana,PESSOA JURÍDICA,ROVITEX IND E COM DE MALHAS,Outros,ACORDO HOMOLOGADO,,,1310
5011657-70.2024.8.21.3001,2024,TJRS,Porto Alegre,PESSOA FÍSICA,,,EXTINTO SEM MÉRITO,False,,1647
5011683-80.2023.8.24.0039,2023,TJSC,Lages,PESSOA FÍSICA,BANCO BMG,Banco e financeira,ACORDO HOMOLOGADO,,,2511
5011694-26.2023.8.21.0029,2023,TJRS,Santo Ângelo,PESSOA FÍSICA,,,ACORDO HOMOLOGADO,,,1447
5011712-63.2018.8.13.0702,2018,TJMG,Uberlândia,PESSOA FÍSICA,SAINT-GOBAIN DISTRIBUICAO BRASIL,Outros,ACORDO HOMOLOGADO,,,963
5011716-05.2023.8.21.0023,2023,TJRS,Rio Grande,PESSOA FÍSICA,,,ACORDO HOMOLOGADO,,,1635
5011721-51.2022.8.21.3001,2022,TJRS,Porto Alegre,PESSOA FÍSICA,,,PROCEDENTE,True,,14285
5011733-66.2021.8.21.0005,2021,TJRS,,PESSOA FÍSICA,COMÉRCIO DE MADEIRAS E CARROCERIAS AMAZONENSE,Outros,ACORDO HOMOLOGADO,,,6959
5011770-45.2021.8.24.0091,2021,TJSC,Florianópolis,PESSOA FÍSICA,AZUL LINHAS AEREAS BRASILEIRAS,Transporte aéreo,EXTINTO SEM MÉRITO,False,,1675
5011790-65.2023.8.21.0021,2023,TJRS,Passo Fundo,PESSOA FÍSICA,AZUL LINHAS AEREAS BRASILEIRAS,Transporte aéreo,EXTINTO SEM MÉRITO,False,,2090
5011797-36.2025.8.13.0433,2025,TJMG,Montes Claros,PESSOA JURÍDICA,A T LACERDA LTDA - ME CPF: 00.309.098/0001-63,Outros,PARCIALMENTE PROCEDENTE,True,1500.0,7695
5011836-82.2024.8.24.0038,2024,TJSC,Joinville,PESSOA FÍSICA,TIM,Telecomunicações,PROCEDENTE,True,2000.0,8721
5011847-14.2024.8.13.0040,2024,TJMG,Araxá,PESSOA FÍSICA,AZUL LINHAS AÉREAS BRASILEIRAS S/A CPF: 09.296.295/0001-60,Transporte aéreo,,,,2697
5011852-51.2024.8.13.0035,2024,TJMG,Araguari,PESSOA JURÍDICA,DECOLAR.COM.LTDA CPF: 03.563.689/0002-31 E OUTROS,Outros,IMPROCEDENTE,False,,10026
5011856-88.2024.8.24.0033,2024,TJSC,Itajaí,PESSOA FÍSICA,,,ACORDO HOMOLOGADO,,,3970
5011858-49.2024.8.24.0036,2024,TJSC,Jaraguá do Sul,PESSOA FÍSICA,CLARO,Telecomunicações,ACORDO HOMOLOGADO,,,1706
5011867-11.2024.8.24.0036,2024,TJSC,Jaraguá do Sul,PESSOA FÍSICA,ASSOCIACAO BRASILEIRA DE CONSELHEIROS BIBLICOS,Outros,IMPROCEDENTE,False,,10857
5011867-28.2023.8.21.0004,2023,TJRS,Bagé,PESSOA FÍSICA,,,PROCEDENTE,True,,5838
5011892-90.2023.8.24.0090,2023,TJSC,,PESSOA FÍSICA,L.A.M.CLINICA ODONTOLOGICA,Plano de saúde,ACORDO HOMOLOGADO,,,14474
5011936-57.2025.8.13.0701,2025,TJMG,Uberaba,PESSOA JURÍDICA,99 TECNOLOGIA LTDA CPF: 18.033.552/0001-61,Outros,ACORDO HOMOLOGADO,,,1328
5012003-89.2018.8.13.0079,2018,TJMG,Contagem,PESSOA FÍSICA,MBM SEGURADORA,Seguros,IMPROCEDENTE,False,,5350
5012052-63.2023.8.21.0005,2023,TJRS,Bento Gonçalves,PESSOA FÍSICA,TELEFONICA BRASIL,Telecomunicações,,,,5946
5012072-25.2025.8.08.0012,2025,TJES,Vitória,,,,PROCEDENTE,True,3000.0,11854
5012073-04.2025.8.24.0064,2025,TJSC,São José,PESSOA FÍSICA,COPEL DISTRIBUIÇÃO,Energia,IMPROCEDENTE,False,,9532
5012082-61.2022.8.21.2001,2022,TJRS,Porto Alegre,PESSOA FÍSICA,SKY SERVICOS DE BANDA LARGA,Telecomunicações,PROCEDENTE,True,,5438
5012193-73.2024.8.21.0029,2024,TJRS,Santo Ângelo,PESSOA FÍSICA,,,PROCEDENTE,True,8000.0,14535
5012235-75.2025.8.21.0001,2025,TJRS,Porto Alegre,PESSOA FÍSICA,BOA VISTA SERVICOS,Bureau de crédito,IMPROCEDENTE,False,,12008
5012242-94.2025.8.08.0012,2025,TJES,Vitória,,,,IMPROCEDENTE,False,,12335
5012255-10.2024.8.24.0004,2024,TJSC,Araranguá,PESSOA FÍSICA,,,PROCEDENTE,True,10000.0,13395
5012257-73.2025.8.24.0091,2025,TJSC,Florianópolis,PESSOA FÍSICA,VERO,Outros,PROCEDENTE,True,,16466
5012306-06.2022.8.21.3001,2022,TJRS,Porto Alegre,PESSOA FÍSICA,FUNDO DE INVESTIMENTO EM DIREITOS CREDITORIOS NAO PADRONIZADOS NPL II,Banco e financeira,PARCIALMENTE PROCEDENTE,True,,16502
5012314-47.2024.8.24.0020,2024,TJSC,Criciúma,PESSOA FÍSICA,BOA VISTA SERVICOS,Bureau de crédito,IMPROCEDENTE,False,,7688
5012380-82.2024.8.21.2001,2024,TJRS,Porto Alegre,PESSOA FÍSICA,SERASA,Bureau de crédito,IMPROCEDENTE,False,,8582
5012397-83.2022.8.24.0036,2022,TJSC,Jaraguá do Sul,PESSOA FÍSICA,FUNDO DE INVESTIMENTO EM DIREITOS CREDITORIOS MULTSEGMENTOS NPL IPANEMA VI - NAO PADRONIZA,Banco e financeira,EXTINTO SEM MÉRITO,False,,2733
5012420-02.2022.8.21.0072,2022,TJRS,Torres,PESSOA FÍSICA,BANCO BRADESCO FINANCIAMENTOS,Banco e financeira,ACORDO HOMOLOGADO,,,1697
5012431-19.2024.8.24.0091,2024,TJSC,Florianópolis,PESSOA FÍSICA,TAM LINHAS AEREAS,Transporte aéreo,PROCEDENTE,True,6124.5,28946
5012435-27.2022.8.24.0091,2022,TJSC,Florianópolis,PESSOA FÍSICA,,,EXTINTO SEM MÉRITO,False,,1668
5012468-35.2022.8.08.0035,2022,TJES,Vitória,PESSOA FÍSICA,,,IMPROCEDENTE,False,,4298
5012482-72.2022.8.13.0134,2022,TJMG,Caratinga,PESSOA JURÍDICA,,,PROCEDENTE,True,,3299
5012483-23.2023.8.13.0134,2023,TJMG,Caratinga,,,,PARCIALMENTE PROCEDENTE,True,5000.0,20428
5012571-44.2023.8.21.0003,2023,TJRS,Alvorada,PESSOA FÍSICA,,,PROCEDENTE,True,10000.0,14246
5012637-56.2021.8.08.0035,2021,TJES,Vitória,PESSOA FÍSICA,,,IMPROCEDENTE,False,,6555
5012646-13.2021.8.13.0024,2021,TJMG,Belo Horizonte,PESSOA FÍSICA,,,EXTINTO SEM MÉRITO,False,,1340
5012662-29.2023.8.21.0038,2023,TJRS,Vacaria,PESSOA FÍSICA,,,PARCIALMENTE PROCEDENTE,True,5550.0,10981
5012698-33.2020.8.24.0090,2020,TJSC,,PESSOA FÍSICA,BANCO BRADESCARD,Banco e financeira,,,,1544
5012724-98.2022.8.24.0045,2022,TJSC,Palhoça,PESSOA FÍSICA,MV COMERCIO DE VEICULOS,Outros,PROCEDENTE,True,5000.0,8519
5012726-05.2023.8.21.0017,2023,TJRS,Lajeado,PESSOA FÍSICA,,,IMPROCEDENTE,False,,12091
5012750-10.2021.8.08.0035,2021,TJES,Vitória,PESSOA FÍSICA,TELEFONICA BRASIL,Telecomunicações,ACORDO HOMOLOGADO,,,1641
5012777-16.2024.8.24.0011,2024,TJSC,Brusque,PESSOA FÍSICA,FACEBOOK SERVICOS ONLINE DO BRASIL,Outros,PARCIALMENTE PROCEDENTE,True,5000.0,9091
5012841-51.2024.8.13.0134,2024,TJMG,Caratinga,PESSOA JURÍDICA,ASSOCIACAO DOS APOSENTADOS DO BRASIL - AAB CPF: 07.521.300/0001-65,Outros,PROCEDENTE,True,395.3,8502
5012858-68.2022.8.21.3001,2022,TJRS,Porto Alegre,PESSOA FÍSICA,,,PARCIALMENTE PROCEDENTE,True,,8316
5012945-19.2025.8.24.0064,2025,TJSC,São José,PESSOA FÍSICA,TAM LINHAS AEREAS,Transporte aéreo,IMPROCEDENTE,False,,14963
5012990-29.2025.8.08.0012,2025,TJES,Vitória,,,,IMPROCEDENTE,False,,11274
5013004-76.2023.8.21.0026,2023,TJRS,Santa Cruz do Sul,PESSOA FÍSICA,LOJAS COLOMBO SA COMERCIO DE UTILIDADES DOMESTICAS,Varejo e serviços,ACORDO HOMOLOGADO,,,3494
5013016-14.2023.8.21.0019,2023,TJRS,Novo Hamburgo,PESSOA FÍSICA,MUNICÍPIO DE NOVO HAMBURGO / RS,Poder público,PROCEDENTE,True,8000.0,9621
5013068-72.2021.8.24.0091,2021,TJSC,Florianópolis,PESSOA FÍSICA,AGEMED SAUDE LTDA EM LIQUIDACAO EXTRAJUDICIAL,Outros,EXTINTO SEM MÉRITO,False,,5321
5013078-19.2021.8.24.0091,2021,TJSC,Florianópolis,PESSOA JURÍDICA,,,IMPROCEDENTE,False,,67863
5013101-65.2023.8.13.0134,2023,TJMG,Caratinga,PESSOA JURÍDICA,,,PROCEDENTE,True,,2680
5013115-53.2022.8.24.0045,2022,TJSC,Palhoça,PESSOA FÍSICA,GOL LINHAS AEREAS,Transporte aéreo,PROCEDENTE,True,3000.0,8022
5013121-36.2023.8.21.0004,2023,TJRS,Bagé,PESSOA FÍSICA,,,PARCIALMENTE PROCEDENTE,True,,23251
5013307-55.2024.8.24.0064,2024,TJSC,São José,PESSOA FÍSICA,TELEFONICA BRASIL,Telecomunicações,ACORDO HOMOLOGADO,,,2149
5013314-78.2024.8.21.0016,2024,TJRS,Ijuí,PESSOA FÍSICA,BANCO C6 CONSIGNADO,Banco e financeira,EXTINTO SEM MÉRITO,False,,1681
5013324-15.2022.8.13.0114,2022,TJMG,Ibirité,PESSOA JURÍDICA,BANCO BRADESCO,Banco e financeira,EXTINTO SEM MÉRITO,False,,882
5013335-22.2020.8.24.0045,2020,TJSC,Palhoça,PESSOA FÍSICA,AUTO VIAÇÃO CATARINENSE,Outros,PROCEDENTE,True,2000.0,5545
5013344-07.2024.8.13.0188,2024,TJMG,Nova Lima,PESSOA JURÍDICA,TAM LINHAS AEREAS S/A. CPF: 02.012.862/0001-60,Transporte aéreo,EXTINTO SEM MÉRITO,False,,1285
5013384-96.2023.8.21.0027,2023,TJRS,Santa Maria,PESSOA FÍSICA,TIM,Telecomunicações,ACORDO HOMOLOGADO,,,1684
5013387-27.2023.8.24.0008,2023,TJSC,Blumenau,PESSOA FÍSICA,BANCO DO BRASIL,Banco e financeira,EXTINTO SEM MÉRITO,False,,1946
5013387-49.2022.8.21.0039,2022,TJRS,Viamão,PESSOA FÍSICA,,,PROCEDENTE,True,5000.0,8115
5013412-04.2023.8.13.0701,2023,TJMG,Uberaba,PESSOA JURÍDICA,,,EXTINTO SEM MÉRITO,False,,1044
5013417-70.2024.8.24.0091,2024,TJSC,Florianópolis,PESSOA FÍSICA,TAM LINHAS AEREAS,Transporte aéreo,PARCIALMENTE PROCEDENTE,True,2000.0,22789
5013419-28.2023.8.08.0024,2023,TJES,Vitória,PESSOA FÍSICA,CONDOMINIO DO EDIFICIO PORTO DOURADO,Outros,IMPROCEDENTE,False,,5437
5013429-06.2024.8.13.0701,2024,TJMG,Uberaba,PESSOA JURÍDICA,TIM S/A CPF: 02.421.421/0001-11,Telecomunicações,EXTINTO SEM MÉRITO,False,,1141
5013474-52.2024.8.13.0105,2024,TJMG,Governador Valadares,PESSOA JURÍDICA,AZUL LINHAS AÉREAS BRASILEIRAS S/A CPF: 09.296.295/0001-60,Transporte aéreo,PROCEDENTE,True,9000.0,5609
5013497-92.2023.8.21.0013,2023,TJRS,Erechim,PESSOA FÍSICA,AZUL LINHAS AEREAS BRASILEIRAS,Transporte aéreo,PROCEDENTE,True,5000.0,10007
5013534-94.2022.8.13.0525,2022,TJMG,Pouso Alegre,PESSOA JURÍDICA,,,EXTINTO SEM MÉRITO,False,,1089
5013564-73.2022.8.21.0019,2022,TJRS,Novo Hamburgo,PESSOA FÍSICA,,,ACORDO HOMOLOGADO,,,2212
5013587-60.2023.8.21.3001,2023,TJRS,Porto Alegre,PESSOA FÍSICA,CREDIATIVOS SOLUCOES FINANCEIRAS,Banco e financeira,ACORDO HOMOLOGADO,,,1892
5013625-09.2023.8.08.0035,2023,TJES,Vitória,PESSOA FÍSICA,LATINA COBRANÇA EMPRESARIAL,Outros,EXTINTO SEM MÉRITO,False,8000.0,5302
5013634-92.2024.8.08.0048,2024,TJES,Vitória,PESSOA JURÍDICA,,,,,,1050
5013690-37.2020.8.24.0011,2020,TJSC,Brusque,PESSOA FÍSICA,WAMA COBRANCAS,Outros,IMPROCEDENTE,False,,7903
5013701-07.2025.8.21.0001,2025,TJRS,Porto Alegre,PESSOA FÍSICA,ITAU UNIBANCO,Banco e financeira,IMPROCEDENTE,False,,4404
5013725-37.2023.8.21.0023,2023,TJRS,Rio Grande,PESSOA FÍSICA,ARTHUR LUNDGREN TECIDOS S A CASAS PERNAMBUCANAS,Outros,EXTINTO SEM MÉRITO,False,,1403
5013766-18.2020.8.24.0090,2020,TJSC,,PESSOA FÍSICA,TELEFONICA BRASIL,Telecomunicações,IMPROCEDENTE,False,,14226
5013776-76.2021.8.08.0024,2021,TJES,Vitória,PESSOA FÍSICA,,,ACORDO HOMOLOGADO,,,1137
5013804-59.2024.8.13.0134,2024,TJMG,Caratinga,PESSOA JURÍDICA,BANCO BRADESCO SA CPF: 60.746.948/1819-07,Banco e financeira,PROCEDENTE,True,5000.0,18515
5013818-19.2025.8.24.0064,2025,TJSC,São José,PESSOA FÍSICA,PATRIA ASSESSORIA E SERVICOS INTERNACIONAIS,Outros,EXTINTO SEM MÉRITO,False,,3234
5013848-68.2024.8.21.0033,2024,TJRS,São Leopoldo,PESSOA JURÍDICA,PERFILYNE INDUSTRIA E COMERCIO DE PERFIS PLASTICOS,Outros,ACORDO HOMOLOGADO,,,1278
5013906-97.2022.8.24.0020,2022,TJSC,Içara,PESSOA FÍSICA,BANCO CETELEM,Banco e financeira,ACORDO HOMOLOGADO,,,1706
5013922-51.2022.8.24.0020,2022,TJSC,Criciúma,PESSOA FÍSICA,,,IMPROCEDENTE,False,,7732
5013935-50.2024.8.08.0012,2024,TJES,Vitória,PESSOA FÍSICA,CLARO,Telecomunicações,,,,906
5013936-32.2022.8.13.0702,2022,TJMG,Uberlândia,PESSOA JURÍDICA,,,IMPROCEDENTE,False,,4985
5013965-84.2021.8.24.0064,2021,TJSC,São José,PESSOA FÍSICA,,,ACORDO HOMOLOGADO,,,2405
5013995-96.2025.8.24.0091,2025,TJSC,Florianópolis,PESSOA JURÍDICA,CAIXA DE ASSISTENCIA DOS FUNCIONARIOS DO BANCO DO BRASIL,Banco e financeira,EXTINTO SEM MÉRITO,False,,6298
5014112-42.2023.8.24.0064,2023,TJSC,São José,PESSOA FÍSICA,TAM LINHAS AEREAS,Transporte aéreo,PARCIALMENTE PROCEDENTE,True,1000.0,15320
5014151-89.2022.8.24.0091,2022,TJSC,Florianópolis,PESSOA FÍSICA,XP INVESTIMENTOS CORRETORA DE CAMBIO,Outros,IMPROCEDENTE,False,,3774
5014212-47.2023.8.13.0114,2023,TJMG,Ibirité,PESSOA JURÍDICA,,,PROCEDENTE,True,,10098
5014212-89.2022.8.13.0079,2022,TJMG,Contagem,PESSOA JURÍDICA,,,,,896.45,7826
5014233-95.2023.8.13.0672,2023,TJMG,Sete Lagoas,PESSOA JURÍDICA,,,EXTINTO SEM MÉRITO,False,,3111
5014242-03.2022.8.08.0035,2022,TJES,Vitória,PESSOA FÍSICA,,,PARCIALMENTE PROCEDENTE,True,3556.0,8547
5014242-56.2022.8.13.0231,2022,TJMG,Ribeirão das Neves,PESSOA FÍSICA,CVC BRASIL OPERADORA E AGENCIA DE VIAGENS S.A. CPF: 10.760.260/0001-19,Outros,PARCIALMENTE PROCEDENTE,True,,1705
5014314-22.2025.8.24.0008,2025,TJSC,Blumenau,PESSOA FÍSICA,TERMOMETAIS INDUSTRIA E COMERCIO,Outros,PARCIALMENTE PROCEDENTE,True,8000.0,2475
5014345-63.2020.8.24.0090,2020,TJSC,,PESSOA FÍSICA,,,IMPROCEDENTE,False,,11842
5014405-74.2020.8.24.0045,2020,TJSC,Palhoça,PESSOA FÍSICA,ITAU UNIBANCO,Banco e financeira,IMPROCEDENTE,False,,4853
5014437-57.2020.8.13.0313,2020,TJMG,Ipatinga,PESSOA JURÍDICA,BANCO DO BRASIL,Banco e financeira,ACORDO HOMOLOGADO,,,824
5014445-86.2022.8.13.0079,2022,TJMG,Contagem,PESSOA FÍSICA,,,EXTINTO SEM MÉRITO,False,,954
5014512-36.2024.8.13.0223,2024,TJMG,,PESSOA FÍSICA,BRASIL CARD INSTITUICAO DE PAGAMENTOS LTDA CPF: 03.130.170/0001-89 E OUTROS,Outros,PARCIALMENTE PROCEDENTE,True,3000.0,10450
5014648-81.2021.8.24.0045,2021,TJSC,Palhoça,PESSOA FÍSICA,BANCO BRADESCO,Banco e financeira,EXTINTO SEM MÉRITO,False,,1827
5014715-59.2022.8.13.0290,2022,TJMG,Vespasiano,,,,PROCEDENTE,True,,31093
5014718-07.2023.8.08.0035,2023,TJES,Vitória,PESSOA FÍSICA,LOJAS SIMONETTI,Varejo e serviços,IMPROCEDENTE,False,,6246
5014724-13.2024.8.21.0004,2024,TJRS,Bagé,PESSOA FÍSICA,BOTICARIO PRODUTOS DE BELEZA,Outros,PROCEDENTE,True,5000.0,18184
5014864-26.2022.8.24.0039,2022,TJSC,Lages,PESSOA FÍSICA,AGIBANK FINANCEIRA S.A. - CREDITO,Banco e financeira,PARCIALMENTE PROCEDENTE,True,10000.0,10466
5014925-40.2022.8.21.0015,2022,TJRS,Gravataí,PESSOA FÍSICA,BANCO BMG,Banco e financeira,IMPROCEDENTE,False,,4851
5014951-66.2022.8.24.0011,2022,TJSC,Brusque,PESSOA FÍSICA,TOP TEAM CLINICAS ODONTOLOGICAS,Plano de saúde,PROCEDENTE,True,10000.0,7555
5015042-58.2024.8.13.0702,2024,TJMG,Uberlândia,PESSOA JURÍDICA,OI S.A. - EM RECUPERACAO JUDICIAL CPF: 76.535.764/0001-43,Telecomunicações,EXTINTO SEM MÉRITO,False,,9385
5015109-59.2023.8.21.0015,2023,TJRS,Gravataí,PESSOA FÍSICA,ITAU UNIBANCO,Banco e financeira,IMPROCEDENTE,False,,13073
5015113-72.2025.8.24.0038,2025,TJSC,Joinville,PESSOA JURÍDICA,,,IMPROCEDENTE,False,,14888
5015213-51.2023.8.21.0015,2023,TJRS,Gravataí,PESSOA FÍSICA,,,IMPROCEDENTE,False,,28964
5015218-73.2023.8.21.0015,2023,TJRS,Gravataí,PESSOA JURÍDICA,ONE TELECOM TELECOMUNICACOES,Telecomunicações,IMPROCEDENTE,False,,9387
5015249-67.2025.8.21.0001,2025,TJRS,Alegrete,PESSOA FÍSICA,LEBES FINANCEIRA S.A. - CREDITO,Banco e financeira,EXTINTO SEM MÉRITO,False,,3541
5015304-92.2020.8.13.0105,2020,TJMG,Governador Valadares,PESSOA JURÍDICA,BANCO ITAU CONSIGNADO,Banco e financeira,ACORDO HOMOLOGADO,,,1508
5015335-56.2022.8.21.0029,2022,TJRS,Santo Ângelo,PESSOA FÍSICA,ABRIL COMUNICACOES,Outros,ACORDO HOMOLOGADO,,,1461
5015371-12.2024.8.24.0008,2024,TJSC,Blumenau,PESSOA FÍSICA,HURB TECHNOLOGIES,Outros,IMPROCEDENTE,False,,5887
5015397-40.2023.8.21.0004,2023,TJRS,Bagé,PESSOA FÍSICA,FACEBOOK SERVICOS ONLINE DO BRASIL,Outros,EXTINTO SEM MÉRITO,False,,5401
5015516-93.2023.8.24.0011,2023,TJSC,Brusque,PESSOA FÍSICA,,,PARCIALMENTE PROCEDENTE,True,20000.0,11112
5015523-44.2020.8.24.0091,2020,TJSC,Florianópolis,PESSOA FÍSICA,SANTA ILHA IMOVEIS,Outros,IMPROCEDENTE,False,,6397
5015612-08.2024.8.24.0033,2024,TJSC,Itajaí,PESSOA FÍSICA,SDB COMERCIO DE ALIMENTOS,Outros,IMPROCEDENTE,False,,8203
5015633-68.2021.8.09.0174,2021,TJGO,Senador Canedo,,,,IMPROCEDENTE,False,,13026
5015662-93.2020.8.24.0091,2020,TJSC,Florianópolis,PESSOA FÍSICA,,,EXTINTO SEM MÉRITO,False,,1620
5015672-04.2020.8.13.0105,2020,TJMG,Governador Valadares,PESSOA JURÍDICA,VALE S/A E OUTROS (2),Outros,ACORDO HOMOLOGADO,,,1448
5015677-85.2022.8.21.0023,2022,TJRS,Rio Grande,PESSOA FÍSICA,BANCO SANTANDER (BRASIL),Banco e financeira,PROCEDENTE,True,5000.0,20581
5015696-28.2025.8.21.0010,2025,TJRS,Caxias do Sul,PESSOA FÍSICA,,,IMPROCEDENTE,False,7060.0,16147
5015706-73.2025.8.13.0114,2025,TJMG,Ibirité,PESSOA FÍSICA,,,EXTINTO SEM MÉRITO,False,,2685
5015708-51.2025.8.13.0079,2025,TJMG,Contagem,PESSOA FÍSICA,GT CONTAGEM DE ENSINO,Ensino,IMPROCEDENTE,False,2175.93,7469
5015713-48.2020.8.24.0045,2020,TJSC,Palhoça,PESSOA FÍSICA,ARTHUR LUNDGREN TECIDOS S A CASAS PERNAMBUCANAS,Outros,EXTINTO SEM MÉRITO,False,,1770
5015763-82.2023.8.21.0003,2023,TJRS,Alvorada,PESSOA FÍSICA,FUNDO DE INVESTIMENTO EM DIREITOS CREDITORIOS NAO PADRONIZADOS NPL II,Banco e financeira,PROCEDENTE,True,,9444
5015835-91.2022.8.13.0079,2022,TJMG,Contagem,PESSOA FÍSICA,,,,,10500.0,7872
5015846-47.2023.8.24.0090,2023,TJSC,,PESSOA FÍSICA,,,PARCIALMENTE PROCEDENTE,True,3733.33,16306
5015870-66.2023.8.21.0023,2023,TJRS,Rio Grande,PESSOA FÍSICA,COMPANHIA ESTADUAL DE DISTRIBUIÇÃO DE ENERGIA ELÉTRICA - CEEE-D,Energia,ACORDO HOMOLOGADO,,,1472
5015929-47.2021.8.13.0702,2021,TJMG,Uberlândia,,,,,,,1285
5015969-79.2024.8.13.0134,2024,TJMG,Caratinga,PESSOA FÍSICA,,,PROCEDENTE,True,10000.0,18257
5016054-47.2023.8.24.0020,2023,TJSC,Criciúma,PESSOA FÍSICA,BANCO PAN,Banco e financeira,IMPROCEDENTE,False,,5920
5016079-21.2023.8.24.0033,2023,TJSC,Itajaí,PESSOA FÍSICA,CREDPAGO SERVICOS DE COBRANCA,Outros,EXTINTO SEM MÉRITO,False,,3570
5016124-58.2022.8.08.0048,2022,TJES,Vitória,PESSOA FÍSICA,AUTO TOP VEICULOS,Outros,ACORDO HOMOLOGADO,,,1687
5016158-04.2024.8.08.0035,2024,TJES,Vitória,PESSOA FÍSICA,,,IMPROCEDENTE,False,,7716
5016181-09.2023.8.21.0039,2023,TJRS,Viamão,PESSOA FÍSICA,HOEPERS RECUPERADORA DE CREDITO,Banco e financeira,PARCIALMENTE PROCEDENTE,True,,11417
5016347-23.2023.8.24.0018,2023,TJSC,Chapecó,PESSOA FÍSICA,AZUL LINHAS AEREAS BRASILEIRAS,Transporte aéreo,IMPROCEDENTE,False,,17044
5016356-42.2024.8.24.0020,2024,TJSC,Criciúma,PESSOA FÍSICA,,,PARCIALMENTE PROCEDENTE,True,1803.14,12451
5016389-60.2021.8.13.0079,2021,TJMG,Contagem,PESSOA JURÍDICA,,,IMPROCEDENTE,False,,5717
5016549-96.2020.8.13.0701,2020,TJMG,Uberaba,PESSOA JURÍDICA,BANCO SAFRA,Banco e financeira,ACORDO HOMOLOGADO,,,1226
5016563-59.2025.8.13.0134,2025,TJMG,Caratinga,PESSOA JURÍDICA,BANCO ITAÚ CONSIGNADO S.A CPF: NÃO INFORMADO,Banco e financeira,EXTINTO SEM MÉRITO,False,,1905
5016803-59.2021.8.21.0039,2021,TJRS,Viamão,PESSOA JURÍDICA,,,EXTINTO SEM MÉRITO,False,,1863
5016838-44.2023.8.21.0008,2023,TJRS,Canoas,PESSOA FÍSICA,SKY SERVICOS DE BANDA LARGA,Telecomunicações,ACORDO HOMOLOGADO,,,1480
5016906-18.2024.8.24.0091,2024,TJSC,Florianópolis,PESSOA FÍSICA,BANCO C6,Banco e financeira,EXTINTO SEM MÉRITO,False,,1588
5016934-82.2024.8.21.0086,2024,TJRS,Cachoeirinha,PESSOA FÍSICA,BANCO DO BRASIL,Banco e financeira,ACORDO HOMOLOGADO,,,1675
5016947-16.2023.8.21.0022,2023,TJRS,Pelotas,PESSOA FÍSICA,PAGSEGURO INTERNET INSTITUICAO DE PAGAMENTO,Outros,,,,1308
5016970-26.2023.8.21.0033,2023,TJRS,São Leopoldo,PESSOA FÍSICA,TELEFONICA BRASIL,Telecomunicações,IMPROCEDENTE,False,,7368
5016979-09.2024.8.13.0313,2024,TJMG,Ipatinga,PESSOA JURÍDICA,BANCO BRADESCO S.A. CPF: 60.746.948/0001-12,Banco e financeira,ACORDO HOMOLOGADO,,,1727
5017098-95.2022.8.08.0048,2022,TJES,Vitória,PESSOA FÍSICA,BANCO PAN,Banco e financeira,IMPROCEDENTE,False,,13343
5017119-24.2024.8.24.0091,2024,TJSC,Florianópolis,PESSOA FÍSICA,NU PAGAMENTOS S.A. - INSTITUICAO DE PAGAMENTO,Outros,PARCIALMENTE PROCEDENTE,True,1500.0,20016
5017127-25.2021.8.24.0020,2021,TJSC,Criciúma,PESSOA FÍSICA,,,IMPROCEDENTE,False,,10912
5017128-14.2023.8.21.0023,2023,TJRS,Rio Grande,PESSOA FÍSICA,UNIDAS LOCACOES E SERVICOS,Outros,ACORDO HOMOLOGADO,,,1435
5017140-19.2024.8.13.0701,2024,TJMG,Uberaba,PESSOA FÍSICA,,,PROCEDENTE,True,15000.0,11573
5017156-75.2024.8.21.0013,2024,TJRS,Erechim,PESSOA FÍSICA,BANCO C6 CONSIGNADO,Banco e financeira,EXTINTO SEM MÉRITO,False,,2565
5017203-25.2024.8.24.0091,2024,TJSC,Florianópolis,PESSOA JURÍDICA,,,EXTINTO SEM MÉRITO,False,,2578
5017282-04.2024.8.24.0091,2024,TJSC,Florianópolis,PESSOA FÍSICA,GOL LINHAS AEREAS INTELIGENTES,Transporte aéreo,IMPROCEDENTE,False,,13739
5017307-23.2024.8.13.0479,2024,TJMG,Passos,PESSOA JURÍDICA,BANCO DAYCOVAL S.A. CPF: 62.232.889/0001-90,Banco e financeira,EXTINTO SEM MÉRITO,False,,2158
5017313-54.2022.8.24.0039,2022,TJSC,Lages,PESSOA FÍSICA,BANCO BMG,Banco e financeira,ACORDO HOMOLOGADO,,,2429
5017365-82.2024.8.13.0525,2024,TJMG,Pouso Alegre,PESSOA JURÍDICA,UNIVERSO ASSOCIACAO DOS APOSENTADOS E PENSIONISTAS DOS REGIMES GERAL DA PREVIDENCIA SOCIAL,Outros,PARCIALMENTE PROCEDENTE,True,5000.0,13914
5017481-81.2024.8.24.0008,2024,TJSC,Blumenau,PESSOA JURÍDICA,TELEFONICA BRASIL,Telecomunicações,EXTINTO SEM MÉRITO,False,,2642
5017545-64.2025.8.24.0038,2025,TJSC,Joinville,PESSOA FÍSICA,BEM VESTIR ALUGUEL DE TRAJES,Outros,PROCEDENTE,True,200.0,9794
5017555-35.2023.8.21.0015,2023,TJRS,Gravataí,PESSOA FÍSICA,BANCO PAN,Banco e financeira,IMPROCEDENTE,False,,4971
5017598-36.2024.8.24.0020,2024,TJSC,Criciúma,PESSOA FÍSICA,LIVELO,Outros,IMPROCEDENTE,False,,4580
5017608-17.2023.8.24.0020,2023,TJSC,Criciúma,PESSOA FÍSICA,BOA VISTA SERVICOS,Bureau de crédito,EXTINTO SEM MÉRITO,False,,2300
5017630-59.2023.8.24.0090,2023,TJSC,,PESSOA FÍSICA,BANCO PAN,Banco e financeira,EXTINTO SEM MÉRITO,False,,5021
5017670-18.2023.8.24.0033,2023,TJSC,Itajaí,PESSOA FÍSICA,ESTADO DE SANTA CATARINA,Poder público,PARCIALMENTE PROCEDENTE,True,,18456
5017708-29.2024.8.13.0024,2024,TJMG,Belo Horizonte,PESSOA JURÍDICA,BANCO C6,Banco e financeira,ACORDO HOMOLOGADO,,,1827
5017734-95.2025.8.08.0035,2025,TJES,Vitória,PESSOA FÍSICA,,,ACORDO HOMOLOGADO,,,4609
5017739-05.2021.8.13.0105,2021,TJMG,Governador Valadares,PESSOA JURÍDICA,,,IMPROCEDENTE,False,,3610
5017773-35.2023.8.08.0012,2023,TJES,Vitória,PESSOA FÍSICA,CLARO,Telecomunicações,PROCEDENTE,True,6000.0,7051
5017800-07.2024.8.13.0024,2024,TJMG,Belo Horizonte,PESSOA JURÍDICA,,,ACORDO HOMOLOGADO,,,1051
5017820-83.2024.8.13.0707,2024,TJMG,Varginha,PESSOA JURÍDICA,OI S.A. - EM RECUPERACAO JUDICIAL CPF: 76.535.764/0001-43,Telecomunicações,PROCEDENTE,True,4000.0,4688
5017850-44.2021.8.24.0020,2021,TJSC,Criciúma,PESSOA FÍSICA,CATARINENSE COMERCIO DE VEICULOS E INTERMEDIACAO E AGENCIAMENTO DE SERVICOS E NEGOCIOS DE,Outros,EXTINTO SEM MÉRITO,False,,2122
5017915-76.2025.8.13.0223,2025,TJMG,Belo Horizonte,PESSOA JURÍDICA,BANCO BRADESCO S.A. CPF: 60.746.948/0001-12,Banco e financeira,PARCIALMENTE PROCEDENTE,True,2430.0,13929
5017928-61.2023.8.13.0024,2023,TJMG,Belo Horizonte,PESSOA FÍSICA,,,EXTINTO SEM MÉRITO,False,,1214
5017940-81.2023.8.24.0020,2023,TJSC,Criciúma,PESSOA FÍSICA,TRIGG TECNOLOGIA,Outros,EXTINTO SEM MÉRITO,False,,2353
5018021-40.2023.8.13.0245,2023,TJMG,Santa Luzia,PESSOA FÍSICA,CAR CENTER OFICINA ESPECIALIZADA LTDA - ME CPF: 24.793.403/0001-01,Outros,EXTINTO SEM MÉRITO,False,,1461
5018079-83.2025.8.09.0051,2025,TJGO,Goiânia,,,,PARCIALMENTE PROCEDENTE,True,,15751
5018178-02.2023.8.08.0035,2023,TJES,Vitória,PESSOA FÍSICA,,,IMPROCEDENTE,False,,6810
5018248-48.2021.8.08.0048,2021,TJES,Vitória,PESSOA FÍSICA,BANCO PAN,Banco e financeira,IMPROCEDENTE,False,,7785
5018253-57.2024.8.24.0036,2024,TJSC,Jaraguá do Sul,PESSOA FÍSICA,FACEBOOK SERVICOS ONLINE DO BRASIL,Outros,ACORDO HOMOLOGADO,,,1916
5018371-70.2021.8.24.0090,2021,TJSC,,PESSOA FÍSICA,CELESC DISTRIBUIÇÃO,Energia,EXTINTO SEM MÉRITO,False,,3295
5018388-15.2022.8.21.0039,2022,TJRS,Viamão,PESSOA FÍSICA,MUNICÍPIO DE VIAMÃO,Poder público,PARCIALMENTE PROCEDENTE,True,8000.0,6654
5018390-42.2024.8.13.0231,2024,TJMG,Ribeirão das Neves,PESSOA JURÍDICA,BANCO BMG S.A CPF: 61.186.680/0001-74,Banco e financeira,EXTINTO SEM MÉRITO,False,,5406
5018428-26.2020.8.13.0027,2020,TJMG,Betim,PESSOA JURÍDICA,ITAPEVA VII MULTICARTEIRA FUNDO DE INVESTIMENTO EM DIREITOS CREDITORIOS NAO-PADRONIZADOS,Banco e financeira,IMPROCEDENTE,False,,5697
5018460-83.2023.8.13.0105,2023,TJMG,Governador Valadares,PESSOA JURÍDICA,,,IMPROCEDENTE,False,239.0,4387
5018517-54.2022.8.24.0033,2022,TJSC,Itajaí,PESSOA FÍSICA,,,PROCEDENTE,True,3000.0,8228
5018787-72.2024.8.13.0079,2024,TJMG,Contagem,,,,EXTINTO SEM MÉRITO,False,,2503
5018863-97.2021.8.13.0145,2021,TJMG,Juiz de Fora,PESSOA JURÍDICA,,,IMPROCEDENTE,False,,4074
5018897-88.2023.8.24.0018,2023,TJSC,Chapecó,PESSOA FÍSICA,,,,,15000.0,19976
5018940-48.2025.8.24.0020,2025,TJSC,Criciúma,PESSOA FÍSICA,REUNIDAS S.A - TRANSPORTES COLETIVOS,Outros,PARCIALMENTE PROCEDENTE,True,4000.0,11139
5019022-35.2024.8.13.0145,2024,TJMG,Juiz de Fora,PESSOA JURÍDICA,,,IMPROCEDENTE,False,,5163
5019104-66.2024.8.21.0073,2024,TJRS,Tramandaí,PESSOA FÍSICA,BANCO DO BRASIL,Banco e financeira,EXTINTO SEM MÉRITO,False,,6570
5019148-93.2021.8.24.0045,2021,TJSC,Palhoça,PESSOA FÍSICA,,,ACORDO HOMOLOGADO,,,1905
5019176-74.2023.8.24.0018,2023,TJSC,Chapecó,PESSOA FÍSICA,AZUL LINHAS AEREAS BRASILEIRAS,Transporte aéreo,ACORDO HOMOLOGADO,,,1982
5019208-38.2021.8.13.0024,2021,TJMG,Belo Horizonte,PESSOA FÍSICA,,,PARCIALMENTE PROCEDENTE,True,700.0,4802
5019242-42.2025.8.24.0064,2025,TJSC,São José,PESSOA FÍSICA,NEXOOS SOCIEDADE DE EMPRESTIMO ENTRE PESSOAS,Outros,IMPROCEDENTE,False,,10005
5019530-85.2024.8.09.0017,2024,TJGO,Bela Vista de Goiás,,,,EXTINTO SEM MÉRITO,False,,4452
5019531-59.2024.8.13.0114,2024,TJMG,Ibirité,PESSOA JURÍDICA,ATIVOS S.A. SECURITIZADORA DE CREDITOS FINANCEIROS CPF: 05.437.257/0001-29,Banco e financeira,EXTINTO SEM MÉRITO,False,,939
5019561-28.2022.8.21.0022,2022,TJRS,Pelotas,PESSOA FÍSICA,SERASA,Bureau de crédito,EXTINTO SEM MÉRITO,False,,1276
5019572-08.2023.8.21.0027,2023,TJRS,Santa Maria,PESSOA FÍSICA,,,ACORDO HOMOLOGADO,,,2632
5019609-49.2021.8.24.0018,2021,TJSC,Chapecó,PESSOA FÍSICA,COMÉRCIO DE CONFECÇOES MAIKA,Outros,IMPROCEDENTE,False,,11798
5019640-71.2022.8.21.0033,2022,TJRS,São Leopoldo,PESSOA FÍSICA,FUNDO DE INVESTIMENTO EM DIREITOS CREDITORIOS NAO PADRONIZADOS NPL II,Banco e financeira,ACORDO HOMOLOGADO,,,1808
5019680-08.2022.8.13.0702,2022,TJMG,Uberlândia,,,,IMPROCEDENTE,False,,1990
5019692-56.2021.8.13.0702,2021,TJMG,Uberlândia,,,,EXTINTO SEM MÉRITO,False,,2802
5019699-55.2023.8.21.0023,2023,TJRS,Rio Grande,PESSOA FÍSICA,SUPERMERCADO GUANABARA,Varejo e serviços,ACORDO HOMOLOGADO,,,1477
5019699-87.2017.8.13.0702,2017,TJMG,Uberlândia,PESSOA JURÍDICA,,,IMPROCEDENTE,False,,8618
5019740-07.2024.8.13.0024,2024,TJMG,Belo Horizonte,PESSOA JURÍDICA,,,EXTINTO SEM MÉRITO,False,,1735
5019880-55.2025.8.13.0105,2025,TJMG,Governador Valadares,PESSOA JURÍDICA,AZUL LINHAS AÉREAS BRASILEIRAS S/A CPF: 09.296.295/0001-60,Transporte aéreo,,,,1357
5019994-12.2021.8.09.0051,2021,TJGO,Goiânia,,,,IMPROCEDENTE,False,,15235
5020020-66.2025.8.13.0145,2025,TJMG,Juiz de Fora,PESSOA FÍSICA,,,PROCEDENTE,True,300.0,17911
5020060-65.2025.8.24.0008,2025,TJSC,Blumenau,PESSOA FÍSICA,GRPQA,Outros,IMPROCEDENTE,False,,6854
5020142-72.2023.8.21.0001,2023,TJRS,Porto Alegre,PESSOA FÍSICA,,,IMPROCEDENTE,False,,5782
5020310-40.2025.8.21.0022,2025,TJRS,Pelotas,PESSOA FÍSICA,ITAPEVA IX MULTICARTEIRA FUNDO DE INVESTIMENTO EM DIREITOS CREDITORIOS NAO - PADRONIZADOS,Banco e financeira,EXTINTO SEM MÉRITO,False,,6125
5020313-91.2024.8.24.0039,2024,TJSC,Lages,PESSOA FÍSICA,,,PROCEDENTE,True,10000.0,17587
5020317-08.2019.8.21.0001,2019,TJRS,Porto Alegre,PESSOA FÍSICA,BRADESCO AUTO/RE COMPANHIA DE SEGUROS,Banco e financeira,EXTINTO SEM MÉRITO,False,5000.0,10216
5020325-30.2023.8.13.0433,2023,TJMG,Montes Claros,PESSOA FÍSICA,CASA BAHIA COMERCIAL LTDA. CPF: 59.291.534/0001-67,Outros,PROCEDENTE,True,12000.0,9983
5020342-71.2022.8.08.0035,2022,TJES,Vitória,PESSOA FÍSICA,,,ACORDO HOMOLOGADO,,,1936
5020362-29.2023.8.13.0313,2023,TJMG,Ipatinga,PESSOA FÍSICA,,,IMPROCEDENTE,False,,21696
5020388-26.2023.8.08.0035,2023,TJES,Vitória,PESSOA FÍSICA,FACEBOOK SERVICOS ONLINE DO BRASIL,Outros,EXTINTO SEM MÉRITO,False,,2494
5020409-48.2023.8.24.0005,2023,TJSC,Balneário Camboriú,PESSOA JURÍDICA,,,ACORDO HOMOLOGADO,,,2847
5020528-48.2024.8.09.0051,2024,TJGO,Goiânia,PESSOA FÍSICA,ASSOCIACAO BENEFICENTE CORRENTE DO BEM,Outros,EXTINTO SEM MÉRITO,False,1000.0,10119
5020537-66.2025.8.21.0010,2025,TJRS,Caxias do Sul,PESSOA FÍSICA,BANCO DO BRASIL,Banco e financeira,IMPROCEDENTE,False,,9300
5020557-48.2022.8.13.0701,2022,TJMG,Uberaba,PESSOA JURÍDICA,,,IMPROCEDENTE,False,,3666
5020560-60.2023.8.13.0024,2023,TJMG,Belo Horizonte,PESSOA FÍSICA,,,,,,6202
5020622-24.2022.8.21.0021,2022,TJRS,Passo Fundo,PESSOA FÍSICA,,,ACORDO HOMOLOGADO,,,2473
5020724-06.2025.8.24.0038,2025,TJSC,Joinville,PESSOA FÍSICA,,,IMPROCEDENTE,False,,6777
5020724-11.2022.8.24.0038,2022,TJSC,Joinville,PESSOA FÍSICA,THN NUTRICAO E SAUDE,Outros,EXTINTO SEM MÉRITO,False,,2219
5020735-15.2021.8.24.0090,2021,TJSC,,PESSOA FÍSICA,FUNDO DE INVESTIMENTO EM DIREITOS CREDITORIOS MULTSEGMENTOS NPL IPANEMA VI - NAO PADRONIZA,Banco e financeira,ACORDO HOMOLOGADO,,,2611
5020793-50.2023.8.21.0019,2023,TJRS,Novo Hamburgo,PESSOA FÍSICA,MUNICÍPIO DE NOVO HAMBURGO / RS,Poder público,IMPROCEDENTE,False,,11440
5020797-70.2021.8.08.0035,2021,TJES,Vitória,PESSOA FÍSICA,,,EXTINTO SEM MÉRITO,False,,2625
5020913-09.2023.8.24.0020,2023,TJSC,Criciúma,PESSOA FÍSICA,BANCO BRADESCO,Banco e financeira,EXTINTO SEM MÉRITO,False,,2006
5020972-81.2023.8.21.0019,2023,TJRS,Novo Hamburgo,PESSOA FÍSICA,EXCLUSIVE MOVEIS,Outros,ACORDO HOMOLOGADO,,,2141
5021022-91.2021.8.24.0020,2021,TJSC,Criciúma,PESSOA FÍSICA,BANCO PAN,Banco e financeira,PROCEDENTE,True,10000.0,11908
5021094-72.2021.8.13.0024,2021,TJMG,,,,,,,,143
5021152-25.2022.8.21.0022,2022,TJRS,Pelotas,PESSOA FÍSICA,OI MOVEL,Telecomunicações,EXTINTO SEM MÉRITO,False,,1380
5021159-04.2022.8.24.0064,2022,TJSC,São José,PESSOA FÍSICA,ISABELA MARCONDES KHZOUZ,Outros,ACORDO HOMOLOGADO,,4000.0,18403
5021189-76.2023.8.24.0008,2023,TJSC,Blumenau,PESSOA FÍSICA,IMOVEIS PORTAL,Outros,PARCIALMENTE PROCEDENTE,True,5000.0,11654
5021222-84.2024.8.24.0023,2024,TJSC,Florianópolis,PESSOA FÍSICA,BANCO SANTANDER (BRASIL),Banco e financeira,PROCEDENTE,True,70600.0,15915
5021290-37.2024.8.13.0024,2024,TJMG,,,,,PROCEDENTE,True,1500.0,10712
5021369-65.2024.8.24.0038,2024,TJSC,Joinville,PESSOA FÍSICA,AYMORE CREDITO,Banco e financeira,IMPROCEDENTE,False,,5793
5021417-89.2022.8.24.0039,2022,TJSC,Lages,PESSOA FÍSICA,ITAPEVA X MULTICARTEIRA FUNDO DE INVESTIMENTO EM DIREITOS CREDITORIOS NAO - PADRONIZADOS,Banco e financeira,IMPROCEDENTE,False,,15704
5021430-43.2019.8.13.0672,2019,TJMG,Sete Lagoas,PESSOA JURÍDICA,L.K. MOTOS E ELETRODOMESTICOS,Energia,PROCEDENTE,True,41700.81,4564
5021431-70.2025.8.13.0105,2025,TJMG,Governador Valadares,PESSOA JURÍDICA,BANCO C6 CONSIGNADO S.A. CPF: 61.348.538/0001-86,Banco e financeira,EXTINTO SEM MÉRITO,False,,6939
5021566-43.2023.8.08.0024,2023,TJES,Vitória,PESSOA FÍSICA,ITAU UNIBANCO HOLDING,Banco e financeira,IMPROCEDENTE,False,,13962
5021773-72.2024.8.08.0035,2024,TJES,Vitória,PESSOA FÍSICA,CARREFOUR COMERCIO E INDUSTRIA,Outros,ACORDO HOMOLOGADO,,,6753
5021774-17.2023.8.24.0045,2023,TJSC,Palhoça,PESSOA FÍSICA,,,IMPROCEDENTE,False,,6959
5021866-29.2022.8.24.0045,2022,TJSC,Palhoça,PESSOA FÍSICA,FUNDO DE INVESTIMENTO EM DIREITOS CREDITORIOS MULTSEGMENTOS NPL IPANEMA VI - NAO PADRONIZA,Banco e financeira,PROCEDENTE,True,,8084
5021900-24.2023.8.13.0223,2023,TJMG,Belo Horizonte,PESSOA FÍSICA,,,EXTINTO SEM MÉRITO,False,,17726
5021947-61.2023.8.21.0033,2023,TJRS,São Leopoldo,PESSOA FÍSICA,FACTA FINANCEIRA S.A. CREDITO,Banco e financeira,PARCIALMENTE PROCEDENTE,True,192.0,25342
5022026-60.2024.8.08.0035,2024,TJES,Vitória,PESSOA FÍSICA,FRIGELAR COMERCIO E INDUSTRIA,Outros,IMPROCEDENTE,False,,8330
5022035-92.2023.8.21.0003,2023,TJRS,Alvorada,PESSOA FÍSICA,MUNICÍPIO DE ALVORADA / RS,Poder público,PROCEDENTE,True,,2229
5022040-78.2023.8.08.0035,2023,TJES,Vitória,PESSOA FÍSICA,,,IMPROCEDENTE,False,,7764
5022110-61.2024.8.08.0035,2024,TJES,Vitória,PESSOA FÍSICA,VIA VAREJO,Varejo e serviços,PROCEDENTE,True,675.46,9201
5022122-97.2024.8.09.0051,2024,TJGO,,PESSOA FÍSICA,,,IMPROCEDENTE,False,,5244
5022192-17.2023.8.21.0019,2023,TJRS,Novo Hamburgo,PESSOA FÍSICA,MUNICÍPIO DE NOVO HAMBURGO / RS,Poder público,IMPROCEDENTE,False,,15607
5022207-34.2025.8.24.0018,2025,TJSC,Chapecó,PESSOA FÍSICA,GOL LINHAS AEREAS,Transporte aéreo,,,750.53,27125
5022221-67.2023.8.21.0019,2023,TJRS,Novo Hamburgo,PESSOA FÍSICA,MUNICÍPIO DE NOVO HAMBURGO / RS,Poder público,IMPROCEDENTE,False,,14490
5022363-36.2025.8.21.0008,2025,TJRS,Canoas,PESSOA FÍSICA,COMPANHIA RIOGRANDENSE DE SANEAMENTO CORSAN,Saneamento,ACORDO HOMOLOGADO,,5000.0,7306
5022498-61.2021.8.13.0024,2021,TJMG,Belo Horizonte,PESSOA JURÍDICA,,,IMPROCEDENTE,False,,11985
5022504-13.2021.8.24.0008,2021,TJSC,Blumenau,PESSOA FÍSICA,TIM,Telecomunicações,IMPROCEDENTE,False,15000.0,18640
5022546-84.2025.8.24.0020,2025,TJSC,Criciúma,PESSOA FÍSICA,AZUL LINHAS AEREAS BRASILEIRAS,Transporte aéreo,PARCIALMENTE PROCEDENTE,True,6000.0,8120
5022554-26.2022.8.08.0048,2022,TJES,Vitória,PESSOA FÍSICA,,,ACORDO HOMOLOGADO,,,977
5022586-25.2024.8.24.0045,2024,TJSC,Palhoça,PESSOA FÍSICA,BANCO ITAU CONSIGNADO,Banco e financeira,PARCIALMENTE PROCEDENTE,True,,18283
5022595-73.2021.8.09.0153,2021,TJGO,,,,,IMPROCEDENTE,False,,5589
5022652-41.2022.8.13.0672,2022,TJMG,Sete Lagoas,PESSOA FÍSICA,,,EXTINTO SEM MÉRITO,False,,3050
5022763-75.2022.8.24.0039,2022,TJSC,Lages,PESSOA FÍSICA,BANCO BMG,Banco e financeira,EXTINTO SEM MÉRITO,False,,1731
5022796-53.2024.8.21.0015,2024,TJRS,Gravataí,PESSOA FÍSICA,SERASA,Bureau de crédito,IMPROCEDENTE,False,,11339
5022878-21.2022.8.24.0064,2022,TJSC,São José,PESSOA FÍSICA,BANCO BRADESCO,Banco e financeira,EXTINTO SEM MÉRITO,False,,2693
5022976-92.2024.8.24.0045,2024,TJSC,Palhoça,PESSOA FÍSICA,BANCO AGIBANK,Banco e financeira,EXTINTO SEM MÉRITO,False,,11401
5022978-84.2024.8.09.0011,2024,TJGO,Aparecida de Goiânia,PESSOA FÍSICA,,,EXTINTO SEM MÉRITO,False,,4494
5023012-82.2022.8.08.0035,2022,TJES,Vitória,PESSOA FÍSICA,AZUL LINHAS AEREAS BRASILEIRAS,Transporte aéreo,PARCIALMENTE PROCEDENTE,True,6000.0,21802
5023158-33.2022.8.24.0018,2022,TJSC,Chapecó,PESSOA FÍSICA,UCEFF - UNIDADE CENTRAL DE EDUCACAO FAEM FACULDADE,Ensino,IMPROCEDENTE,False,,22563
5023159-59.2025.8.13.0231,2025,TJMG,Belo Horizonte,PESSOA JURÍDICA,BANCO SANTANDER (BRASIL) S.A. CPF: 90.400.888/0001-42,Banco e financeira,ACORDO HOMOLOGADO,,,1576
5023170-21.2023.8.21.0010,2023,TJRS,Caxias do Sul,PESSOA FÍSICA,DSS COMERCIO DE VEICULOS,Outros,ACORDO HOMOLOGADO,,,1888
5023171-33.2023.8.21.0001,2023,TJRS,Porto Alegre,PESSOA FÍSICA,VIAGOGO LUXEMBOURG HOLDING COMPANY S.A.R.L,Outros,ACORDO HOMOLOGADO,,,1745
5023248-61.2024.8.13.0702,2024,TJMG,Uberlândia,PESSOA FÍSICA,PRO - IMAGEM DIAGNOSTICO POR IMAGEM S/S LTDA - EPP CPF: 21.243.399/0001-01,Outros,EXTINTO SEM MÉRITO,False,,3892
5023258-69.2024.8.24.0033,2024,TJSC,Balneário Camboriú,PESSOA FÍSICA,,,PARCIALMENTE PROCEDENTE,True,19261.9,15399
5023291-42.2025.8.21.0022,2025,TJRS,Pelotas,PESSOA FÍSICA,COMPANHIA ESTADUAL DE DISTRIBUIÇÃO DE ENERGIA ELÉTRICA - CEEE-D,Energia,EXTINTO SEM MÉRITO,False,,1452
5023519-45.2023.8.21.0003,2023,TJRS,Alvorada,PESSOA FÍSICA,,,PROCEDENTE,True,10000.0,14246
5023525-52.2023.8.21.0003,2023,TJRS,Alvorada,PESSOA FÍSICA,,,PROCEDENTE,True,10000.0,14227
5023575-72.2025.8.24.0020,2025,TJSC,Criciúma,PESSOA FÍSICA,TAM LINHAS AEREAS,Transporte aéreo,PARCIALMENTE PROCEDENTE,True,6000.0,8242
5023644-95.2025.8.24.0023,2025,TJSC,Florianópolis,PESSOA FÍSICA,CANASCENTER IMPORTACAO E EXPORTACAO LTDA (REPRESENTADO),Outros,PARCIALMENTE PROCEDENTE,True,20000.0,27655
5023763-84.2022.8.21.0010,2022,TJRS,Caxias do Sul,PESSOA FÍSICA,PORTOSEG S/A - CREDITO,Banco e financeira,ACORDO HOMOLOGADO,,,1804
5023801-31.2022.8.09.0075,2022,TJGO,Ipameri,,,,ACORDO HOMOLOGADO,,,7959
5024312-65.2023.8.13.0145,2023,TJMG,Juiz de Fora,PESSOA JURÍDICA,,,IMPROCEDENTE,False,,13185
5024356-43.2023.8.21.0022,2023,TJRS,Pelotas,PESSOA FÍSICA,COOPERATIVA AGRICOLA MISTA GENERAL OSORIO,Outros,ACORDO HOMOLOGADO,,,1546
5024426-18.2022.8.08.0035,2022,TJES,Vitória,PESSOA FÍSICA,99 TAXIS DESENVOLVIMENTO DE SOFTWARES,Outros,IMPROCEDENTE,False,,5739
5024427-10.2022.8.24.0018,2022,TJSC,Chapecó,PESSOA FÍSICA,MIDWAY S.A.- CREDITO,Banco e financeira,EXTINTO SEM MÉRITO,False,,2157
5024515-27.2022.8.13.0027,2022,TJMG,Betim,PESSOA FÍSICA,,,IMPROCEDENTE,False,,9742
5024521-58.2023.8.24.0038,2023,TJSC,Penha,PESSOA FÍSICA,,,PARCIALMENTE PROCEDENTE,True,,19222
5024562-45.2024.8.24.0020,2024,TJSC,Criciúma,PESSOA FÍSICA,GOL LINHAS AEREAS,Transporte aéreo,PARCIALMENTE PROCEDENTE,True,6000.0,8140
5024690-22.2023.8.21.0008,2023,TJRS,Canoas,PESSOA FÍSICA,COMPANHIA RIOGRANDENSE DE SANEAMENTO CORSAN,Saneamento,ACORDO HOMOLOGADO,,,1479
5024783-90.2025.8.08.0035,2025,TJES,Vitória,PESSOA FÍSICA,FACEBOOK SERVICOS ONLINE DO BRASIL,Outros,PARCIALMENTE PROCEDENTE,True,5000.0,10766
5024801-86.2021.8.08.0024,2021,TJES,Vitória,PESSOA FÍSICA,,,ACORDO HOMOLOGADO,,,1561
5024901-30.2021.8.09.0051,2021,TJGO,Goiânia,,,,EXTINTO SEM MÉRITO,False,,1517
5024943-37.2024.8.24.0090,2024,TJSC,,PESSOA FÍSICA,,,EXTINTO SEM MÉRITO,False,,1637
5024979-98.2022.8.08.0024,2022,TJES,Vitória,PESSOA FÍSICA,TELEFONICA BRASIL,Telecomunicações,IMPROCEDENTE,False,,10941
5025018-92.2024.8.24.0020,2024,TJSC,Criciúma,PESSOA FÍSICA,TRANSPORTES AEREOS PORTUGUESES,Outros,IMPROCEDENTE,False,19270.97,7761
5025026-98.2022.8.24.0033,2022,TJSC,Itajaí,PESSOA FÍSICA,SB COMERCIO DE AUTOMOVEIS,Outros,PROCEDENTE,True,3000.0,16200
5025048-92.2024.8.24.0064,2024,TJSC,São José,PESSOA FÍSICA,UBER DO BRASIL TECNOLOGIA,Outros,ACORDO HOMOLOGADO,,,1957
5025057-28.2024.8.24.0008,2024,TJSC,Blumenau,PESSOA FÍSICA,AZUL LINHAS AEREAS BRASILEIRAS,Transporte aéreo,IMPROCEDENTE,False,,7064
5025107-86.2022.8.24.0020,2022,TJSC,Criciúma,PESSOA FÍSICA,BANCO BRADESCO,Banco e financeira,PARCIALMENTE PROCEDENTE,True,3000.0,8404
5025149-38.2022.8.24.0020,2022,TJSC,Criciúma,PESSOA FÍSICA,BANCO PAN,Banco e financeira,EXTINTO SEM MÉRITO,False,,3916
5025239-97.2024.8.24.0045,2024,TJSC,Palhoça,PESSOA FÍSICA,,,PROCEDENTE,True,,9200
5025437-48.2022.8.24.0064,2022,TJSC,São José,PESSOA FÍSICA,CELESC DISTRIBUIÇÃO,Energia,PARCIALMENTE PROCEDENTE,True,4000.0,16159
5025545-24.2023.8.24.0038,2023,TJSC,Joinville,PESSOA JURÍDICA,,,EXTINTO SEM MÉRITO,False,,3125
5025608-39.2022.8.08.0035,2022,TJES,Vitória,PESSOA FÍSICA,,,PARCIALMENTE PROCEDENTE,True,500.0,8580
5025748-06.2024.8.24.0020,2024,TJSC,Criciúma,PESSOA FÍSICA,TAM LINHAS AEREAS,Transporte aéreo,PARCIALMENTE PROCEDENTE,True,8000.0,10452
5025766-55.2022.8.08.0048,2022,TJES,Vitória,PESSOA FÍSICA,ITAU UNIBANCO,Banco e financeira,IMPROCEDENTE,False,,6845
5025771-92.2024.8.24.0038,2024,TJSC,Joinville,PESSOA FÍSICA,BANCO DO BRASIL,Banco e financeira,IMPROCEDENTE,False,,6310
5025935-94.2021.8.21.0022,2021,TJRS,Pelotas,PESSOA FÍSICA,ITAU UNIBANCO,Banco e financeira,,,,1245
5025977-62.2021.8.13.0024,2021,TJMG,Belo Horizonte,PESSOA JURÍDICA,99 TECNOLOGIA,Outros,IMPROCEDENTE,False,,3735
5026034-62.2024.8.21.0021,2024,TJRS,Passo Fundo,PESSOA FÍSICA,TRC TABORDA RECUPERACAO DE CREDITO S/S,Banco e financeira,ACORDO HOMOLOGADO,,,2920
5026041-17.2021.8.24.0008,2021,TJSC,Blumenau,PESSOA FÍSICA,COOPERATIVA DE CREDITO VALE DO ITAJAI VIACREDI,Banco e financeira,IMPROCEDENTE,False,,16331
5026359-68.2023.8.21.0022,2023,TJRS,Pelotas,PESSOA FÍSICA,COMPANHIA ESTADUAL DE DISTRIBUIÇÃO DE ENERGIA ELÉTRICA - CEEE-D,Energia,PROCEDENTE,True,,3431
5026427-49.2022.8.21.0023,2022,TJRS,Rio Grande,PESSOA FÍSICA,COMPANHIA ESTADUAL DE DISTRIBUIÇÃO DE ENERGIA ELÉTRICA - CEEE-D,Energia,ACORDO HOMOLOGADO,,,1465
5026527-86.2022.8.08.0048,2022,TJES,Convencimento A Ser Feito Em,PESSOA FÍSICA,EDP ESPIRITO SANTO DISTRIBUICAO DE ENERGIA,Energia,PARCIALMENTE PROCEDENTE,True,6000.0,43287
5026545-21.2022.8.08.0012,2022,TJES,Vitória,PESSOA FÍSICA,,,EXTINTO SEM MÉRITO,False,,2730
5026549-40.2023.8.21.0019,2023,TJRS,Novo Hamburgo,PESSOA FÍSICA,ATIVOS S.A. SECURITIZADORA DE CREDITOS FINANCEIROS,Banco e financeira,ACORDO HOMOLOGADO,,,1387
5026564-56.2024.8.08.0012,2024,TJES,Vitória,PESSOA FÍSICA,PUMP CENTRO DE TREINAMENTO,Outros,EXTINTO SEM MÉRITO,False,,6602
5026587-08.2022.8.24.0018,2022,TJSC,Chapecó,PESSOA FÍSICA,BANCO MERCANTIL DO BRASIL,Banco e financeira,IMPROCEDENTE,False,,20088
5026715-50.2024.8.21.0015,2024,TJRS,Gravataí,PESSOA FÍSICA,LOSANGO PROMOÇÕES DE VENDAS,Outros,EXTINTO SEM MÉRITO,False,,1416
5026786-04.2023.8.21.0010,2023,TJRS,Caxias do Sul,PESSOA FÍSICA,SERASA,Bureau de crédito,ACORDO HOMOLOGADO,,,1714
5026797-89.2022.8.24.0008,2022,TJSC,Blumenau,PESSOA FÍSICA,UBER DO BRASIL TECNOLOGIA,Outros,IMPROCEDENTE,False,,9328
5026919-11.2022.8.21.0033,2022,TJRS,Viamão,PESSOA FÍSICA,SKY SERVICOS DE BANDA LARGA,Telecomunicações,IMPROCEDENTE,False,,9117
5026946-75.2023.8.21.0027,2023,TJRS,Santa Maria,PESSOA FÍSICA,,,ACORDO HOMOLOGADO,,,4214
5027035-72.2022.8.24.0020,2022,TJSC,Criciúma,PESSOA FÍSICA,BANCO C6 CONSIGNADO,Banco e financeira,EXTINTO SEM MÉRITO,False,,2451
5027168-37.2022.8.21.0008,2022,TJRS,Canoas,PESSOA FÍSICA,FUNDO DE INVESTIMENTO EM DIREITOS CREDITÓRIOS NÃO PADRONIZADOS - NPL II,Banco e financeira,EXTINTO SEM MÉRITO,False,,2155
5027264-75.2022.8.24.0038,2022,TJSC,Joinville,PESSOA FÍSICA,ACRUX SECURITIZADORA,Outros,ACORDO HOMOLOGADO,,,2069
5027343-64.2025.8.24.0033,2025,TJSC,Itajaí,PESSOA FÍSICA,AZUL LINHAS AEREAS BRASILEIRAS,Transporte aéreo,IMPROCEDENTE,False,,7851
5027387-16.2023.8.21.0008,2023,TJRS,Canoas,PESSOA FÍSICA,HOEPERS RECUPERADORA DE CREDITO,Banco e financeira,PARCIALMENTE PROCEDENTE,True,,5019
5027531-12.2023.8.13.0105,2023,TJMG,Governador Valadares,PESSOA JURÍDICA,,,IMPROCEDENTE,False,,5996
5027658-67.2021.8.13.0024,2021,TJMG,Belo Horizonte,PESSOA JURÍDICA,,,IMPROCEDENTE,False,,3102
5027726-51.2023.8.21.0015,2023,TJRS,Gravataí,PESSOA FÍSICA,MUNICÍPIO DE GRAVATAÍ / RS,Poder público,IMPROCEDENTE,False,,17509
5027812-88.2021.8.13.0702,2021,TJMG,Uberlândia,PESSOA JURÍDICA,,,,,,572
5027819-63.2022.8.21.0010,2022,TJRS,Caxias do Sul,PESSOA FÍSICA,BANCO BMG,Banco e financeira,PARCIALMENTE PROCEDENTE,True,6000.0,8735
5027833-75.2022.8.13.0105,2022,TJMG,Governador Valadares,PESSOA JURÍDICA,,,ACORDO HOMOLOGADO,,,1535
5027875-35.2023.8.21.0019,2023,TJRS,Novo Hamburgo,PESSOA FÍSICA,MUNICÍPIO DE NOVO HAMBURGO / RS,Poder público,IMPROCEDENTE,False,,14426
5027952-59.2024.8.24.0008,2024,TJSC,Blumenau,PESSOA FÍSICA,SKY BRASIL SERVICOS,Telecomunicações,PARCIALMENTE PROCEDENTE,True,350.0,7919
5028124-56.2024.8.24.0022,2024,TJSC,Curitibanos,PESSOA FÍSICA,BANCO CETELEM,Banco e financeira,,,5000.0,4652
5028265-66.2024.8.13.0027,2024,TJMG,Betim,PESSOA JURÍDICA,BANCO SANTANDER (BRASIL) S.A. CPF: 90.400.888/0001-42,Banco e financeira,IMPROCEDENTE,False,,20625
5028322-84.2022.8.21.0010,2022,TJRS,Caxias do Sul,PESSOA FÍSICA,GOL LINHAS AEREAS,Transporte aéreo,ACORDO HOMOLOGADO,,,1711
5028391-49.2023.8.21.0021,2023,TJRS,Passo Fundo,PESSOA FÍSICA,,,IMPROCEDENTE,False,,23119
5028431-98.2024.8.13.0027,2024,TJMG,Betim,PESSOA FÍSICA,SINDICATO NACIONAL DOS APOSENTADOS,Outros,PROCEDENTE,True,8000.0,17717
5028579-48.2023.8.21.0019,2023,TJRS,Novo Hamburgo,PESSOA FÍSICA,MUNICÍPIO DE NOVO HAMBURGO / RS,Poder público,IMPROCEDENTE,False,,14431
5028580-70.2020.8.13.0145,2020,TJMG,Juiz de Fora,PESSOA JURÍDICA,,,EXTINTO SEM MÉRITO,False,37422.0,8820
5028597-62.2024.8.21.0010,2024,TJRS,Caxias do Sul,PESSOA FÍSICA,FACTA FINANCEIRA S.A. CREDITO,Banco e financeira,PROCEDENTE,True,100000.0,22788
5028682-96.2022.8.13.0024,2022,TJMG,Belo Horizonte,PESSOA JURÍDICA,,,EXTINTO SEM MÉRITO,False,,4911
5028750-59.2023.8.21.0001,2023,TJRS,Porto Alegre,PESSOA FÍSICA,PLAY SHOX GAMES,Outros,EXTINTO SEM MÉRITO,False,,2801
5028793-51.2023.8.08.0035,2023,TJES,Vitória,PESSOA FÍSICA,TRIMMOVEL COMERCIO E SERVIÇOS,Outros,IMPROCEDENTE,False,,26263
5028855-58.2024.8.24.0020,2024,TJSC,Criciúma,PESSOA FÍSICA,,,PARCIALMENTE PROCEDENTE,True,15000.0,12642
5028912-96.2024.8.21.0008,2024,TJRS,Canoas,PESSOA FÍSICA,SERASA,Bureau de crédito,IMPROCEDENTE,False,1500.0,11399
5028930-06.2022.8.21.0003,2022,TJRS,Alvorada,PESSOA FÍSICA,ATIVOS S.A. SECURITIZADORA DE CREDITOS FINANCEIROS,Banco e financeira,ACORDO HOMOLOGADO,,,1314
5028956-94.2024.8.08.0035,2024,TJES,Vitória,PESSOA FÍSICA,MOTOROLA MOBILITY COMERCIO DE PRODUTOS ELETRONICOS,Energia,ACORDO HOMOLOGADO,,,5893
5029017-73.2024.8.21.0008,2024,TJRS,Canoas,PESSOA FÍSICA,AZUL LINHAS AEREAS BRASILEIRAS,Transporte aéreo,PROCEDENTE,True,3000.0,19158
5029140-42.2024.8.24.0023,2024,TJSC,Florianópolis,PESSOA FÍSICA,SEM PARAR INSTITUICAO DE PAGAMENTO,Outros,EXTINTO SEM MÉRITO,False,,8067
5029211-02.2022.8.21.0022,2022,TJRS,Pelotas,PESSOA FÍSICA,,,PARCIALMENTE PROCEDENTE,True,14500.0,7389
5029324-82.2024.8.21.0022,2024,TJRS,Pelotas,PESSOA FÍSICA,BANCO DO BRASIL,Banco e financeira,EXTINTO SEM MÉRITO,False,,2723
5029434-06.2024.8.24.0020,2024,TJSC,Criciúma,PESSOA FÍSICA,BANCO PAN,Banco e financeira,IMPROCEDENTE,False,,8384
5029497-15.2024.8.24.0090,2024,TJSC,Eventuais Perdas e Danos,PESSOA FÍSICA,AZUL LINHAS AEREAS BRASILEIRAS,Transporte aéreo,PARCIALMENTE PROCEDENTE,True,,18736
5029531-76.2023.8.24.0008,2023,TJSC,Blumenau,PESSOA FÍSICA,BANCO DO BRASIL,Banco e financeira,EXTINTO SEM MÉRITO,False,,1856
5029595-49.2023.8.08.0035,2023,TJES,Vitória,PESSOA FÍSICA,GOL LINHAS AEREAS,Transporte aéreo,PARCIALMENTE PROCEDENTE,True,4000.0,11069
5029693-33.2024.8.08.0024,2024,TJES,Vitória,PESSOA FÍSICA,,,ACORDO HOMOLOGADO,,,1428
5029894-60.2022.8.08.0035,2022,TJES,Vitória,PESSOA FÍSICA,PAGSEGURO,Outros,IMPROCEDENTE,False,,8727
5029954-42.2023.8.13.0105,2023,TJMG,Governador Valadares,PESSOA JURÍDICA,,,IMPROCEDENTE,False,,6109
5029968-02.2022.8.24.0090,2022,TJSC,,PESSOA FÍSICA,CRIATIVA PAINEIS,Outros,IMPROCEDENTE,False,,21086
5030045-12.2023.8.13.0145,2023,TJMG,Juiz de Fora,,,,PARCIALMENTE PROCEDENTE,True,600.0,5593
5030112-89.2022.8.24.0020,2022,TJSC,Criciúma,PESSOA FÍSICA,CABELOS E FORMAS BY MIRELA,Outros,IMPROCEDENTE,False,455.0,11912
5030170-24.2024.8.24.0020,2024,TJSC,Criciúma,PESSOA FÍSICA,COMPANHIA CATARINENSE DE ÁGUAS E SANEAMENTO - CASAN,Saneamento,IMPROCEDENTE,False,,6099
5030258-56.2024.8.13.0024,2024,TJMG,Belo Horizonte,,,,EXTINTO SEM MÉRITO,False,,1071
5030448-73.2023.8.21.0010,2023,TJRS,Caxias do Sul,PESSOA FÍSICA,MUNICÍPIO DE CAXIAS DO SUL / RS,Poder público,IMPROCEDENTE,False,,15032
5030668-51.2021.8.13.0079,2021,TJMG,Contagem,PESSOA JURÍDICA,,,IMPROCEDENTE,False,,9365
5030779-43.2024.8.24.0008,2024,TJSC,Blumenau,PESSOA FÍSICA,THAMARA Q. LOPES M,Outros,PARCIALMENTE PROCEDENTE,True,5000.0,11310
5030874-46.2025.8.24.0038,2025,TJSC,Joinville,PESSOA FÍSICA,BANCO VOTORANTIM,Banco e financeira,PROCEDENTE,True,3000.0,22213
5030995-79.2022.8.24.0038,2022,TJSC,Joinville,PESSOA FÍSICA,CELESC DISTRIBUIÇÃO,Energia,EXTINTO SEM MÉRITO,False,,2239
5031013-88.2025.8.24.0008,2025,TJSC,Blumenau,PESSOA FÍSICA,BOA VISTA SERVICOS,Bureau de crédito,IMPROCEDENTE,False,,6079
5031061-15.2022.8.21.0015,2022,TJRS,Gravataí,PESSOA FÍSICA,FUNDO DE INVESTIMENTO EM DIREITOS CREDITORIOS NAO-PADRONIZADOS NPL I,Banco e financeira,IMPROCEDENTE,False,,9967
5031133-60.2023.8.13.0024,2023,TJMG,Belo Horizonte,PESSOA JURÍDICA,,,IMPROCEDENTE,False,,11332
5031219-37.2023.8.24.0020,2023,TJSC,Criciúma,PESSOA FÍSICA,BOTICARIO PRODUTOS DE BELEZA,Outros,ACORDO HOMOLOGADO,,,1721
5031361-39.2024.8.08.0024,2024,TJES,Vitória,PESSOA FÍSICA,COOPERATIVA DE CREDITO DE LIVRE ADMISSAO SUL-LITORANEA DO ESPIRITO SANTO,Banco e financeira,IMPROCEDENTE,False,10000.0,7632
5031389-08.2023.8.08.0035,2023,TJES,Vitória,PESSOA FÍSICA,PAGUEVELOZ INSTITUICAO DE PAGAMENTO,Outros,IMPROCEDENTE,False,,6691
5031437-60.2022.8.24.0033,2022,TJSC,Itajaí,PESSOA FÍSICA,PORTO SEGURO COMPANHIA DE SEGUROS GERAIS,Seguros,IMPROCEDENTE,False,,9736
5031754-28.2024.8.08.0035,2024,TJES,Vitória,PESSOA FÍSICA,IFOOD.COM AGENCIA DE RESTAURANTES ONLINE,Outros,PARCIALMENTE PROCEDENTE,True,170.0,10091
5031824-67.2024.8.09.0051,2024,TJGO,Goiânia,PESSOA FÍSICA,TAM LINHAS AEREAS,Transporte aéreo,IMPROCEDENTE,False,,13976
5031958-33.2025.8.13.0024,2025,TJMG,Belo Horizonte,PESSOA JURÍDICA,AZUL LINHAS AÉREAS BRASILEIRAS S/A CPF: 09.296.295/0001-60,Transporte aéreo,EXTINTO SEM MÉRITO,False,,1042
5031964-70.2022.8.13.0145,2022,TJMG,Juiz de Fora,PESSOA JURÍDICA,,,EXTINTO SEM MÉRITO,False,,1210
5032212-60.2024.8.21.0010,2024,TJRS,Caxias do Sul,PESSOA FÍSICA,,,PARCIALMENTE PROCEDENTE,True,2000.0,13788
5032246-87.2023.8.08.0024,2023,TJES,Vitória,PESSOA FÍSICA,ART VIAGENS E TURISMO,Outros,,,,2472
5032412-66.2022.8.13.0105,2022,TJMG,Governador Valadares,PESSOA FÍSICA,,,EXTINTO SEM MÉRITO,False,,5552
5032522-66.2024.8.21.0010,2024,TJRS,Caxias do Sul,PESSOA FÍSICA,ATIVOS S.A. SECURITIZADORA DE CREDITOS FINANCEIROS,Banco e financeira,ACORDO HOMOLOGADO,,,1615
5032574-91.2024.8.24.0038,2024,TJSC,Joinville,PESSOA FÍSICA,AZUL LINHAS AEREAS BRASILEIRAS,Transporte aéreo,EXTINTO SEM MÉRITO,False,,1846
5032980-26.2023.8.21.0008,2023,TJRS,Canoas,PESSOA FÍSICA,MUNICÍPIO DE CANOAS / RS,Poder público,IMPROCEDENTE,False,,7571
5032987-12.2021.8.24.0038,2021,TJSC,Joinville,PESSOA FÍSICA,ANHANGUERA EDUCACIONAL,Ensino,ACORDO HOMOLOGADO,,,11262
5033023-80.2022.8.24.0018,2022,TJSC,Chapecó,PESSOA FÍSICA,A ASSOCIACAO NO BRASIL DE APOSENTADOS E PENSIONISTAS DA PREVIDENCIA SOCIAL - AP BRASIL,Outros,PARCIALMENTE PROCEDENTE,True,,10413
5033094-34.2021.8.09.0051,2021,TJGO,Goiânia,PESSOA FÍSICA,TIM,Telecomunicações,ACORDO HOMOLOGADO,,,1162
5033139-31.2021.8.21.0010,2021,TJRS,Caxias do Sul,PESSOA FÍSICA,RGE SUL DISTRIBUIDORA DE ENERGIA,Energia,PARCIALMENTE PROCEDENTE,True,3000.0,15485
5033143-49.2024.8.24.0020,2024,TJSC,Criciúma,PESSOA FÍSICA,BANCO BRADESCO,Banco e financeira,EXTINTO SEM MÉRITO,False,,2053
5033225-02.2023.8.13.0027,2023,TJMG,Betim,PESSOA JURÍDICA,BANCO AGIBANK S.A CPF: 10.664.513/0001-50,Banco e financeira,PARCIALMENTE PROCEDENTE,True,,21896
5033921-02.2020.8.21.0001,2020,TJRS,Porto Alegre,PESSOA FÍSICA,AVON COSMETICOS,Outros,EXTINTO SEM MÉRITO,False,5000.0,15808
5033952-42.2022.8.08.0024,2022,TJES,Vitória,PESSOA FÍSICA,TAM LINHAS AEREAS,Transporte aéreo,PARCIALMENTE PROCEDENTE,True,,21815
5034001-07.2021.8.13.0145,2021,TJMG,Juiz de Fora,PESSOA JURÍDICA,,,PARCIALMENTE PROCEDENTE,True,1000.0,9264
5034004-83.2021.8.24.0038,2021,TJSC,Joinville,PESSOA FÍSICA,COMPANHIA ÁGUAS DE JOINVILLE,Saneamento,PROCEDENTE,True,4000.0,114045
5034071-03.2022.8.08.0024,2022,TJES,Vitória,PESSOA FÍSICA,BANCO DAYCOVAL,Banco e financeira,IMPROCEDENTE,False,,8370
5034229-96.2021.8.24.0008,2021,TJSC,Blumenau,PESSOA FÍSICA,,,IMPROCEDENTE,False,,8998
5034288-23.2025.8.21.0010,2025,TJRS,Caxias do Sul,PESSOA FÍSICA,7 CAPITAL PUBLICIDADE COMERCIAL,Outros,ACORDO HOMOLOGADO,,,1463
5034519-16.2024.8.24.0038,2024,TJSC,Joinville,PESSOA FÍSICA,BANCO BRADESCO,Banco e financeira,IMPROCEDENTE,False,,20282
5034569-86.2022.8.13.0145,2022,TJMG,Juiz de Fora,PESSOA JURÍDICA,,,PROCEDENTE,True,,6669
5034995-65.2023.8.21.0008,2023,TJRS,Canoas,PESSOA FÍSICA,PICPAY INSTITUICAO DE PAGAMENTO,Outros,ACORDO HOMOLOGADO,,,1473
5035030-67.2024.8.08.0035,2024,TJES,Vitória,PESSOA FÍSICA,027 MOTORS,Outros,ACORDO HOMOLOGADO,,,7400
5035080-03.2024.8.24.0018,2024,TJSC,Chapecó,PESSOA FÍSICA,GOL LINHAS AEREAS,Transporte aéreo,PROCEDENTE,True,2500.0,17090
5035409-84.2023.8.21.0001,2023,TJRS,Porto Alegre,PESSOA FÍSICA,,,IMPROCEDENTE,False,,7670
5035581-62.2024.8.21.0010,2024,TJRS,Caxias do Sul,PESSOA FÍSICA,FACTA FINANCEIRA S.A. CREDITO,Banco e financeira,PARCIALMENTE PROCEDENTE,True,1000.0,8675
5035725-98.2023.8.13.0105,2023,TJMG,Governador Valadares,PESSOA FÍSICA,,,,,,4382
5035730-88.2024.8.09.0011,2024,TJGO,Aparecida de Goiânia,PESSOA FÍSICA,BANCO PAN,Banco e financeira,IMPROCEDENTE,False,,16042
5036425-94.2024.8.08.0035,2024,TJES,Vitória,PESSOA FÍSICA,BANCO BRADESCO,Banco e financeira,IMPROCEDENTE,False,,4627
5036452-02.2024.8.09.0051,2024,TJGO,Goiânia,,,,IMPROCEDENTE,False,,7246
5036794-20.2023.8.13.0024,2023,TJMG,Belo Horizonte,PESSOA JURÍDICA,,,PROCEDENTE,True,,6605
5036956-44.2023.8.13.0079,2023,TJMG,Contagem,PESSOA JURÍDICA,BANCO DO BRASIL SA CPF: 00.000.000/0001-91,Banco e financeira,ACORDO HOMOLOGADO,,,1068
5037060-94.2023.8.24.0090,2023,TJSC,São Paulo,PESSOA FÍSICA,CONCRESERV CONCRETO,Outros,IMPROCEDENTE,False,10000.0,21268
5037128-11.2022.8.21.0010,2022,TJRS,Caxias do Sul,PESSOA FÍSICA,CLARO,Telecomunicações,ACORDO HOMOLOGADO,,,1722
5037504-54.2024.8.13.0105,2024,TJMG,Governador Valadares,PESSOA FÍSICA,PAGSEGURO INTERNET INSTITUICAO DE PAGAMENTO S.A. CPF: 08.561.701/0001-01 E OUTROS,Outros,ACORDO HOMOLOGADO,,,762
5037829-19.2024.8.08.0024,2024,TJES,Vitória,PESSOA FÍSICA,,,PROCEDENTE,True,6000.0,15188
5038068-87.2024.8.08.0035,2024,TJES,Vitória,PESSOA FÍSICA,ASSOCIACAO DE APOSENTADOS MUTUALISTA PARA BENEFICIOS COLETIVOS - AMBEC,Outros,PARCIALMENTE PROCEDENTE,True,,6285
5038350-84.2023.8.09.0051,2023,TJGO,Retratação,PESSOA FÍSICA,,,ACORDO HOMOLOGADO,,5000.0,15071
5038432-67.2025.8.21.0001,2025,TJRS,Porto Alegre,PESSOA FÍSICA,TAM LINHAS AEREAS,Transporte aéreo,ACORDO HOMOLOGADO,,,1691
5038486-80.2023.8.21.0008,2023,TJRS,Canoas,PESSOA FÍSICA,BOLOGNESI ENGENHARIA,Outros,EXTINTO SEM MÉRITO,False,,1557
5038525-66.2024.8.24.0038,2024,TJSC,Joinville,PESSOA FÍSICA,,,PARCIALMENTE PROCEDENTE,True,46561.79,8076
5039003-28.2024.8.13.0702,2024,TJMG,Uberlândia,,,,,,,2803
5039294-38.2022.8.24.0008,2022,TJSC,Blumenau,PESSOA FÍSICA,BANCO DO BRASIL,Banco e financeira,EXTINTO SEM MÉRITO,False,,1919
5039295-70.2023.8.21.0008,2023,TJRS,Canoas,PESSOA FÍSICA,BANCO DO ESTADO DO RIO GRANDE DO SUL S/A - BANRISUL,Banco e financeira,ACORDO HOMOLOGADO,,,1772
5039440-78.2024.8.24.0018,2024,TJSC,Chapecó,PESSOA FÍSICA,AZUL LINHAS AEREAS BRASILEIRAS,Transporte aéreo,ACORDO HOMOLOGADO,,,2058
5039469-04.2023.8.13.0105,2023,TJMG,Governador Valadares,PESSOA FÍSICA,,,IMPROCEDENTE,False,,5698
5039548-86.2025.8.13.0145,2025,TJMG,Juiz de Fora,PESSOA JURÍDICA,BANCO MERCANTIL DO BRASIL SA CPF: 17.184.037/0001-10,Banco e financeira,ACORDO HOMOLOGADO,,,1436
5039585-85.2025.8.24.0023,2025,TJSC,Ibirama,PESSOA FÍSICA,BANCO BRADESCO,Banco e financeira,EXTINTO SEM MÉRITO,False,,3922
5039587-55.2025.8.24.0023,2025,TJSC,Florianópolis,PESSOA FÍSICA,BANCO BRADESCO,Banco e financeira,ACORDO HOMOLOGADO,,,2164
5039834-03.2024.8.09.0051,2024,TJGO,Goiânia,PESSOA FÍSICA,BRASIL CARD INSTITUICAO DE PAGAMENTOS,Outros,ACORDO HOMOLOGADO,,,2051
5040387-86.2024.8.08.0048,2024,TJES,Vitória,PESSOA FÍSICA,,,,,,1048
5040468-11.2020.8.13.0024,2020,TJMG,Belo Horizonte,PESSOA JURÍDICA,AZUL LINHAS AEREAS BRASILEIRAS,Transporte aéreo,EXTINTO SEM MÉRITO,False,,6656
5040571-67.2025.8.13.0145,2025,TJMG,Juiz de Fora,PESSOA JURÍDICA,TELEFONICA BRASIL S.A. CPF: 02.558.157/0001-62,Telecomunicações,EXTINTO SEM MÉRITO,False,,1953
5041401-95.2025.8.24.0090,2025,TJSC,,PESSOA FÍSICA,,,PARCIALMENTE PROCEDENTE,True,10340.0,13291
5041517-86.2024.8.08.0024,2024,TJES,Vitória,PESSOA FÍSICA,,,EXTINTO SEM MÉRITO,False,,4390
5041942-07.2024.8.13.0079,2024,TJMG,Contagem,,,,EXTINTO SEM MÉRITO,False,,1868
5042232-74.2024.8.21.0022,2024,TJRS,Pelotas,PESSOA FÍSICA,BANCO BRADESCO,Banco e financeira,EXTINTO SEM MÉRITO,False,,3146
5042278-92.2022.8.24.0008,2022,TJSC,Blumenau,PESSOA FÍSICA,BANCO SANTANDER (BRASIL),Banco e financeira,PARCIALMENTE PROCEDENTE,True,10000.0,8174
5042716-04.2022.8.13.0145,2022,TJMG,Juiz de Fora,PESSOA JURÍDICA,,,PROCEDENTE,True,,7641
5042879-25.2022.8.21.0027,2022,TJRS,Santa Maria,PESSOA FÍSICA,BANCO C6 CONSIGNADO,Banco e financeira,ACORDO HOMOLOGADO,,,4217
5043080-90.2022.8.24.0008,2022,TJSC,Blumenau,PESSOA FÍSICA,,,PARCIALMENTE PROCEDENTE,True,4853.25,16668
5043120-25.2025.8.13.0024,2025,TJMG,Belo Horizonte,PESSOA FÍSICA,SAMSUNG ELETRONICA DA AMAZONIA LTDA CPF: 00.280.273/0001-37 E OUTROS,Energia,PARCIALMENTE PROCEDENTE,True,2000.0,8072
5043392-50.2022.8.21.0008,2022,TJRS,Canoas,PESSOA FÍSICA,TAM LINHAS AEREAS,Transporte aéreo,ACORDO HOMOLOGADO,,,1564
5043743-17.2020.8.24.0038,2020,TJSC,Joinville,PESSOA FÍSICA,COMPANHIA ÁGUAS DE JOINVILLE,Saneamento,PROCEDENTE,True,4000.0,114800
5044430-57.2023.8.21.0010,2023,TJRS,Caxias,,,,PROCEDENTE,True,3000.0,6374
5044493-33.2021.8.13.0024,2021,TJMG,,,,,PROCEDENTE,True,,1366
5045532-51.2020.8.24.0038,2020,TJSC,Joinville,PESSOA FÍSICA,COMPANHIA ÁGUAS DE JOINVILLE,Saneamento,IMPROCEDENTE,False,,117335
5045553-27.2022.8.21.0010,2022,TJRS,Caxias do Sul,PESSOA FÍSICA,NU FINANCEIRA S.A. - SOCIEDADE DE CREDITO,Banco e financeira,ACORDO HOMOLOGADO,,,1874
5045620-93.2025.8.13.0079,2025,TJMG,Contagem,PESSOA FÍSICA,,,PROCEDENTE,True,,15576
5045715-27.2022.8.13.0145,2022,TJMG,Juiz de Fora,PESSOA FÍSICA,,,IMPROCEDENTE,False,20000.0,6058
5045817-90.2023.8.13.0702,2023,TJMG,Uberlândia,PESSOA JURÍDICA,IVAN NEGOCIOS IMOBILIARIOS LTDA - EPP CPF: 20.869.012/0001-64,Outros,EXTINTO SEM MÉRITO,False,,1584
5046790-13.2021.8.13.0024,2021,TJMG,Belo Horizonte,PESSOA JURÍDICA,BANCO BRADESCARD,Banco e financeira,ACORDO HOMOLOGADO,,,883
5047428-32.2020.8.24.0038,2020,TJSC,Joinville,PESSOA FÍSICA,BANCO SAFRA,Banco e financeira,PARCIALMENTE PROCEDENTE,True,,12463
5047464-49.2025.8.13.0024,2025,TJMG,Belo Horizonte,PESSOA JURÍDICA,MAGAZINE LUIZA S/A CPF: 47.960.950/0267-83,Varejo e serviços,PROCEDENTE,True,744.8,14804
5047528-21.2024.8.13.0145,2024,TJMG,Juiz de Fora,PESSOA FÍSICA,,,,,,7735
5047557-51.2018.8.09.0094,2018,TJGO,Jata,,,,PARCIALMENTE PROCEDENTE,True,4000.0,6933
5047561-54.2022.8.13.0024,2022,TJMG,Belo Horizonte,PESSOA JURÍDICA,,,PARCIALMENTE PROCEDENTE,True,4000.0,6364
5047955-87.2022.8.21.0008,2022,TJRS,Canoas,PESSOA FÍSICA,UNIVERSO ONLINE,Outros,,,1500.0,10071
5048963-54.2024.8.24.0038,2024,TJSC,Joinville,PESSOA FÍSICA,,,IMPROCEDENTE,False,,10816
5049001-08.2022.8.21.0010,2022,TJRS,Caxias do Sul,PESSOA FÍSICA,GOL LINHAS AEREAS,Transporte aéreo,ACORDO HOMOLOGADO,,,1695
5049097-57.2024.8.13.0145,2024,TJMG,Juiz de Fora,PESSOA FÍSICA,AZUL LINHAS AÉREAS BRASILEIRAS S/A CPF: 09.296.295/0001-60,Transporte aéreo,IMPROCEDENTE,False,,14721
5049601-34.2022.8.13.0145,2022,TJMG,Juiz de Fora,PESSOA JURÍDICA,,,IMPROCEDENTE,False,,5404
5050180-51.2021.8.09.0137,2021,TJGO,Rio Verde,,,,PROCEDENTE,True,270.0,9639
5050199-39.2024.8.21.0001,2024,TJRS,Porto Alegre,PESSOA FÍSICA,BANCO C6,Banco e financeira,PROCEDENTE,True,300.0,2568
5050686-93.2023.8.13.0024,2023,TJMG,Belo Horizonte,PESSOA FÍSICA,,,EXTINTO SEM MÉRITO,False,,2415
5051070-81.2023.8.13.0145,2023,TJMG,Juiz de Fora,PESSOA JURÍDICA,,,IMPROCEDENTE,False,,10909
5051286-72.2022.8.09.0150,2022,TJGO,Trindade,PESSOA JURÍDICA,NOVO MUNDO MÓVEIS E UTILIDADES LTDA SENTENÇA NOS JUIZADOS ESPECIAIS CÍVEIS O PROCESSO,Outros,PARCIALMENTE PROCEDENTE,True,,14124
5051550-88.2022.8.21.0010,2022,TJRS,Caxias do Sul,PESSOA FÍSICA,UBER DO BRASIL TECNOLOGIA,Outros,ACORDO HOMOLOGADO,,,1711
5051567-02.2025.8.13.0024,2025,TJMG,,,,,PROCEDENTE,True,451.53,8785
5051634-64.2025.8.13.0024,2025,TJMG,Belo Horizonte,PESSOA JURÍDICA,TAM LINHAS AEREAS S/A. CPF: 02.012.862/0001-60,Transporte aéreo,IMPROCEDENTE,False,,7212
5051659-77.2025.8.13.0024,2025,TJMG,Belo Horizonte,PESSOA JURÍDICA,UBER DO BRASIL TECNOLOGIA LTDA. CPF: 17.895.646/0001-87,Outros,IMPROCEDENTE,False,,12850
5051708-57.2021.8.24.0023,2021,TJSC,Criciúma,PESSOA FÍSICA,BANCO BRADESCARD,Banco e financeira,PARCIALMENTE PROCEDENTE,True,8000.0,9200
5051848-80.2022.8.21.0010,2022,TJRS,Caxias do Sul,PESSOA FÍSICA,,,PROCEDENTE,True,25000.0,19051
5052058-63.2024.8.21.0010,2024,TJRS,Caxias do Sul,PESSOA FÍSICA,BANCO PAN,Banco e financeira,IMPROCEDENTE,False,,8439
5052566-07.2021.8.09.0088,2021,TJGO,Itumbiara,,,,PROCEDENTE,True,556.01,5006
5052821-34.2024.8.24.0090,2024,TJSC,Capital Processar e Julgar As Causas Cíveis,PESSOA FÍSICA,PASSAREDO TRANSPORTES AEREOS,Outros,EXTINTO SEM MÉRITO,False,,14432
5053500-57.2025.8.21.0001,2025,TJRS,Porto Alegre,PESSOA FÍSICA,SUL AMERICA SEGUROS DE PESSOAS E PREVIDENCIA,Seguros,PROCEDENTE,True,,3586
5053947-95.2025.8.13.0024,2025,TJMG,Belo Horizonte,PESSOA JURÍDICA,TAM LINHAS AEREAS S/A. CPF: 02.012.862/0001-60,Transporte aéreo,PROCEDENTE,True,,5431
5054114-81.2021.8.09.0051,2021,TJGO,Goiânia,PESSOA FÍSICA,,,EXTINTO SEM MÉRITO,False,,2495
5055405-66.2022.8.09.0024,2022,TJGO,,PESSOA JURÍDICA,AUTOVIP ASSOCIAÇÃO MUTUA DE PROTEÇÃO VEICULAR DO BRASIL NAJ - 2022 NÚCLEO DE ACELERAÇÃO JU,Outros,IMPROCEDENTE,False,,9064
5056131-58.2024.8.13.0024,2024,TJMG,,,,,PROCEDENTE,True,3000.0,11528
5056188-89.2025.8.21.0001,2025,TJRS,Porto Alegre,PESSOA FÍSICA,NU PAGAMENTOS S.A. - INSTITUICAO DE PAGAMENTO,Outros,IMPROCEDENTE,False,,4351
5056798-10.2025.8.13.0024,2025,TJMG,Belo Horizonte,PESSOA JURÍDICA,UBER DO BRASIL TECNOLOGIA LTDA. CPF: 17.895.646/0001-87,Outros,IMPROCEDENTE,False,,6364
5056980-93.2023.8.13.0079,2023,TJMG,Contagem,PESSOA JURÍDICA,,,EXTINTO SEM MÉRITO,False,,4728
5057275-87.2024.8.21.0010,2024,TJRS,Caxias do Sul,PESSOA FÍSICA,BANCO PAN,Banco e financeira,IMPROCEDENTE,False,,20375
5058611-46.2023.8.13.0702,2023,TJMG,Uberlândia,,,,IMPROCEDENTE,False,4473.14,26331
5059448-84.2024.8.21.0010,2024,TJRS,Caxias do Sul,PESSOA FÍSICA,PARANÁ BANCO,Banco e financeira,IMPROCEDENTE,False,,14740
5059564-33.2025.8.24.0023,2025,TJSC,Jaraguá do Sul,PESSOA FÍSICA,ITAU UNIBANCO,Banco e financeira,IMPROCEDENTE,False,,13752
5059713-93.2024.8.09.0051,2024,TJGO,Goiânia,,,,IMPROCEDENTE,False,,7245
5060027-66.2021.8.24.0038,2021,TJSC,Joinville,PESSOA FÍSICA,BANCO SANTANDER (BRASIL),Banco e financeira,PARCIALMENTE PROCEDENTE,True,,22487
5062289-45.2025.8.21.0001,2025,TJRS,Porto Alegre,PESSOA FÍSICA,BOTICARIO PRODUTOS DE BELEZA,Outros,IMPROCEDENTE,False,1500.0,12704
5062708-49.2024.8.24.0023,2024,TJSC,Florianópolis,PESSOA FÍSICA,,,,,,8545
5063613-42.2024.8.09.0162,2024,TJGO,Valparaíso de Goiás,PESSOA FÍSICA,,,EXTINTO SEM MÉRITO,False,,2012
5063846-74.2024.8.21.0010,2024,TJRS,Caxias do Sul,PESSOA FÍSICA,FACTA FINANCEIRA S.A. CREDITO,Banco e financeira,IMPROCEDENTE,False,,8347
5063939-19.2021.8.24.0023,2021,TJSC,Florianópolis,PESSOA FÍSICA,BANCO CETELEM,Banco e financeira,PROCEDENTE,True,10000.0,12645
5065000-12.2021.8.24.0023,2021,TJSC,Florianópolis,PESSOA FÍSICA,BANCO DO BRASIL,Banco e financeira,EXTINTO SEM MÉRITO,False,,2181
5066140-63.2023.8.09.0012,2023,TJGO,Aparecida de Goiânia,PESSOA FÍSICA,,,PARCIALMENTE PROCEDENTE,True,,6783
5066698-53.2021.8.24.0023,2021,TJSC,Florianópolis,PESSOA FÍSICA,,,PARCIALMENTE PROCEDENTE,True,5831.4,11231
5067439-96.2021.8.13.0024,2021,TJMG,Belo Horizonte,PESSOA FÍSICA,,,PROCEDENTE,True,,4668
5067594-02.2021.8.13.0024,2021,TJMG,Belo Horizonte,PESSOA JURÍDICA,TIM,Telecomunicações,,,,788
5068068-13.2024.8.09.0142,2024,TJGO,Santa Helena de Goiás,PESSOA FÍSICA,,,EXTINTO SEM MÉRITO,False,,3978
5069691-72.2021.8.13.0024,2021,TJMG,Belo Horizonte,PESSOA FÍSICA,,,IMPROCEDENTE,False,4000.0,11240
5072296-80.2024.8.24.0023,2024,TJSC,Florianópolis,PESSOA JURÍDICA,,,EXTINTO SEM MÉRITO,False,,2685
5074139-96.2024.8.09.0088,2024,TJGO,Itumbiara,PESSOA FÍSICA,MERCADOPAGOCOM REPRESENTACOES,Outros,IMPROCEDENTE,False,,8926
5075715-95.2023.8.09.0012,2023,TJGO,,PESSOA FÍSICA,SEBBA MADEIRAS E MATERIAIS PARA CONSTRUÇÃO LTDA FILIAL,Outros,ACORDO HOMOLOGADO,,,5058
5076221-22.2021.8.09.0051,2021,TJGO,,PESSOA JURÍDICA,CENTRAL BUSINESS LTDA (CENTRAL BUSINESS) PROJETO DE SENTENÇA VERSAM OS AUT,Outros,PARCIALMENTE PROCEDENTE,True,12949.5,3832
5077504-84.2020.8.24.0023,2020,TJSC,Florianópolis,PESSOA FÍSICA,BANCO BMG,Banco e financeira,ACORDO HOMOLOGADO,,,2209
5078058-78.2022.8.09.0051,2022,TJGO,Goiânia,PESSOA FÍSICA,EDITORA E DISTRIBUIDORA EDUCACIONAL,Ensino,ACORDO HOMOLOGADO,,,1271
5078524-41.2025.8.09.0092,2025,TJGO,Jaraguá,PESSOA FÍSICA,,,EXTINTO SEM MÉRITO,False,,3351
5079433-16.2024.8.24.0023,2024,TJSC,Florianópolis,PESSOA FÍSICA,FUNDO DE INVESTIMENTO EM DIREITOS CREDITORIOS NAO PADRONIZADOS NPL II,Banco e financeira,IMPROCEDENTE,False,,6087
5080176-48.2019.8.09.0175,2019,TJGO,,,,,IMPROCEDENTE,False,1500.0,8132
5080513-02.2023.8.21.0001,2023,TJRS,Porto Alegre,PESSOA FÍSICA,MGW ATIVOS GESTAO E ADMINISTRACAO DE CREDITOS FINANCEIROS LTDA - SCP CHICAGO,Banco e financeira,ACORDO HOMOLOGADO,,,1620
5080763-35.2023.8.21.0001,2023,TJRS,Porto Alegre,PESSOA FÍSICA,,,IMPROCEDENTE,False,,6891
5081601-04.2018.8.13.0024,2018,TJMG,Belo Horizonte,PESSOA JURÍDICA,,,IMPROCEDENTE,False,,13977
5082451-47.2023.8.09.0007,2023,TJGO,Anápolis,,,,PROCEDENTE,True,2000.0,6722
5082867-13.2024.8.24.0023,2024,TJSC,Florianópolis,PESSOA FÍSICA,PEFISA SA CREDITO FINANCIAMENTO E INVESTIMENTO,Banco e financeira,PARCIALMENTE PROCEDENTE,True,659.38,11918
5083063-66.2023.8.09.0077,2023,TJGO,Iporá,PESSOA FÍSICA,,,IMPROCEDENTE,False,,5717
5083712-14.2025.8.13.0024,2025,TJMG,Belo Horizonte,PESSOA FÍSICA,BRASIL CARD INSTITUICAO DE PAGAMENTOS LTDA CPF: 03.130.170/0001-89,Outros,ACORDO HOMOLOGADO,,,1294
5087612-23.2023.8.21.0001,2023,TJRS,Porto Alegre,PESSOA FÍSICA,NOVA PONTOCOM COMERCIO ELETRONICO,Energia,EXTINTO SEM MÉRITO,False,,1626
5088262-52.2025.8.13.0024,2025,TJMG,Belo Horizonte,PESSOA JURÍDICA,CONDOMÍNIO DO CONJUNTO HABITACIONAL SANTOS DUMONT CPF: 19.795.319/0001-89 E OUTROS,Outros,EXTINTO SEM MÉRITO,False,,8412
5088356-39.2021.8.13.0024,2021,TJMG,Belo Horizonte,PESSOA JURÍDICA,,,IMPROCEDENTE,False,,5539
5088451-30.2025.8.13.0024,2025,TJMG,Belo Horizonte,PESSOA JURÍDICA,TAM LINHAS AEREAS S/A. CPF: 02.012.862/0001-60,Transporte aéreo,PROCEDENTE,True,,5515
5088819-03.2024.8.09.0051,2024,TJGO,,PESSOA FÍSICA,AZUL LINHAS AEREAS BRASILEIRAS,Transporte aéreo,IMPROCEDENTE,False,4000.0,8604
5090160-69.2021.8.09.0051,2021,TJGO,Goiânia,,,,IMPROCEDENTE,False,,7606
5090503-17.2023.8.21.0001,2023,TJRS,Porto Alegre,PESSOA FÍSICA,BANCO ITAU CONSIGNADO,Banco e financeira,EXTINTO SEM MÉRITO,False,,1399
5090840-87.2022.8.24.0023,2022,TJSC,Florianópolis,PESSOA FÍSICA,BANCO BRADESCO FINANCIAMENTOS,Banco e financeira,EXTINTO SEM MÉRITO,False,,4744
5090952-02.2024.8.09.0024,2024,TJGO,Caldas Novas,PESSOA FÍSICA,BANCO ITAU CONSIGNADO,Banco e financeira,ACORDO HOMOLOGADO,,,2467
5091109-45.2023.8.21.0001,2023,TJRS,Porto Alegre,PESSOA FÍSICA,HOEPERS RECUPERADORA DE CREDITO,Banco e financeira,PARCIALMENTE PROCEDENTE,True,,5772
5091318-95.2022.8.24.0023,2022,TJSC,Florianópolis,PESSOA JURÍDICA,,,ACORDO HOMOLOGADO,,,7665
5091643-05.2024.8.13.0024,2024,TJMG,Belo Horizonte,PESSOA FÍSICA,,,PROCEDENTE,True,80000.0,11699
5093308-40.2023.8.21.0001,2023,TJRS,Porto Alegre,PESSOA FÍSICA,,,ACORDO HOMOLOGADO,,,1536
5093655-31.2020.8.13.0024,2020,TJMG,Belo Horizonte,PESSOA FÍSICA,BANCO LOSANGO S.A. - BANCO MULTIPLO,Banco e financeira,EXTINTO SEM MÉRITO,False,,1777
5095298-48.2025.8.13.0024,2025,TJMG,Belo Horizonte,PESSOA JURÍDICA,CEMIG DISTRIBUIÇÃO S.A. CPF: 06.981.180/0001-16,Energia,IMPROCEDENTE,False,,10556
5095513-56.2022.8.09.0051,2022,TJGO,,PESSOA FÍSICA,GOL LINHAS AEREAS,Transporte aéreo,ACORDO HOMOLOGADO,,3000.0,11005
5096022-07.2022.8.21.0001,2022,TJRS,Porto Alegre,PESSOA FÍSICA,BOA VISTA SERVICOS,Bureau de crédito,EXTINTO SEM MÉRITO,False,,1405
5096101-78.2024.8.09.0088,2024,TJGO,Itumbiara,,,,ACORDO HOMOLOGADO,,,1840
5096681-63.2021.8.09.0137,2021,TJGO,Rio Verde,PESSOA FÍSICA,,,IMPROCEDENTE,False,,9549
5097261-91.2025.8.13.0024,2025,TJMG,Belo Horizonte,PESSOA JURÍDICA,GOL LINHAS AEREAS S.A CPF: 07.575.651/0001-59,Transporte aéreo,EXTINTO SEM MÉRITO,False,,992
5099293-24.2022.8.21.0001,2022,TJRS,Porto Alegre,PESSOA FÍSICA,DREBES & CIA,Outros,PARCIALMENTE PROCEDENTE,True,,14301
5099369-93.2025.8.13.0024,2025,TJMG,Belo Horizonte,PESSOA JURÍDICA,CARTAO BRB S/A CPF: 01.984.199/0001-00,Banco e financeira,EXTINTO SEM MÉRITO,False,,816
5100698-95.2022.8.21.0001,2022,TJRS,Porto Alegre,PESSOA FÍSICA,LOJAS RENNER,Varejo e serviços,IMPROCEDENTE,False,,6831
5101893-32.2021.8.09.0051,2021,TJGO,Goiânia Forum Cível,,,,ACORDO HOMOLOGADO,,,6694
5102406-97.2021.8.09.0051,2021,TJGO,Goiânia,,,,IMPROCEDENTE,False,,5223
5104162-12.2024.8.13.0024,2024,TJMG,Belo Horizonte,PESSOA FÍSICA,,,EXTINTO SEM MÉRITO,False,,1016
5104639-82.2024.8.21.0001,2024,TJRS,Canoas,PESSOA FÍSICA,BOA VISTA SERVICOS,Bureau de crédito,IMPROCEDENTE,False,2000.0,14773
5104809-88.2023.8.21.0001,2023,TJRS,Porto Alegre,PESSOA FÍSICA,,,IMPROCEDENTE,False,,14992
5105148-47.2023.8.21.0001,2023,TJRS,Porto Alegre,PESSOA FÍSICA,MORANO SERVICOS ADMINISTRATIVOS,Outros,ACORDO HOMOLOGADO,,,1811
5105307-38.2021.8.09.0051,2021,TJGO,Goiânia,,,,IMPROCEDENTE,False,3949.05,23757
5106121-21.2019.8.09.0051,2019,TJGO,Goiânia,PESSOA FÍSICA,ESTADO DE GOIÁS,Poder público,PARCIALMENTE PROCEDENTE,True,50000.0,14440
5106935-77.2024.8.21.0001,2024,TJRS,Porto Alegre,PESSOA FÍSICA,BANCO DO ESTADO DO RIO GRANDE DO SUL S/A - BANRISUL,Banco e financeira,IMPROCEDENTE,False,,8157
5108209-27.2022.8.09.0051,2022,TJGO,Goiânia,PESSOA FÍSICA,,,ACORDO HOMOLOGADO,,,18160
5109909-06.2025.8.13.0024,2025,TJMG,Belo Horizonte,PESSOA FÍSICA,SEM PARAR INSTITUICAO DE PAGAMENTO LTDA CPF: 04.088.208/0001-65,Outros,ACORDO HOMOLOGADO,,,757
5112675-20.2025.8.09.0064,2025,TJGO,,PESSOA FÍSICA,,,IMPROCEDENTE,False,,33501
5112942-56.2021.8.09.0088,2021,TJGO,Itumbiara,PESSOA FÍSICA,ITAPEVA VII MULTICARTEIRA FUNDO DE INVESTIMENTO EM DIREITOS CREDITÓRIOS NÃO,Banco e financeira,IMPROCEDENTE,False,,4968
5113199-47.2023.8.21.0001,2023,TJRS,Porto Alegre,PESSOA FÍSICA,ITAU UNIBANCO,Banco e financeira,IMPROCEDENTE,False,,6114
5115222-72.2025.8.09.0051,2025,TJGO,,,,,EXTINTO SEM MÉRITO,False,,6319
5115560-58.2021.8.13.0024,2021,TJMG,Belo Horizonte,PESSOA JURÍDICA,,,PARCIALMENTE PROCEDENTE,True,1021.0,7167
5116234-49.2022.8.21.0001,2022,TJRS,Porto Alegre,PESSOA FÍSICA,FUNDO DE INVESTIMENTO EM DIREITOS CREDITORIOS MULTSEGMENTOS NPL IPANEMA VI - NAO PADRONIZA,Banco e financeira,PARCIALMENTE PROCEDENTE,True,1000.0,6282
5116390-19.2024.8.13.0024,2024,TJMG,Belo Horizonte,PESSOA JURÍDICA,,,EXTINTO SEM MÉRITO,False,,2380
5116890-90.2021.8.13.0024,2021,TJMG,Belo Horizonte,PESSOA JURÍDICA,,,,,,638
5116925-58.2025.8.21.0001,2025,TJRS,Porto Alegre,PESSOA FÍSICA,DREBES & CIA,Outros,IMPROCEDENTE,False,,12568
5117107-15.2023.8.21.0001,2023,TJRS,Porto Alegre,PESSOA FÍSICA,MOVIDA LOCACAO DE VEICULOS,Outros,EXTINTO SEM MÉRITO,False,,1390
5118279-55.2024.8.21.0001,2024,TJRS,Porto Alegre,PESSOA FÍSICA,,,PARCIALMENTE PROCEDENTE,True,15000.0,12644
5118285-62.2024.8.21.0001,2024,TJRS,Porto Alegre,PESSOA FÍSICA,,,EXTINTO SEM MÉRITO,False,,1920
5119484-09.2023.8.13.0024,2023,TJMG,Belo Horizonte,PESSOA FÍSICA,,,IMPROCEDENTE,False,,9017
5120439-87.2023.8.21.0001,2023,TJRS,Porto Alegre,PESSOA FÍSICA,SKY SERVICOS DE BANDA LARGA,Telecomunicações,PARCIALMENTE PROCEDENTE,True,,12719
5120891-63.2024.8.21.0001,2024,TJRS,Porto Alegre,PESSOA FÍSICA,ITAU UNIBANCO,Banco e financeira,IMPROCEDENTE,False,,11645
5121639-53.2021.8.13.0024,2021,TJMG,Belo Horizonte,PESSOA JURÍDICA,,,IMPROCEDENTE,False,,9072
5121706-26.2025.8.21.0001,2025,TJRS,Porto Alegre,PESSOA FÍSICA,,,EXTINTO SEM MÉRITO,False,,15905
5121843-78.2020.8.09.0013,2020,TJGO,Araçu,,,,IMPROCEDENTE,False,,3170
5122328-69.2021.8.09.0134,2021,TJGO,Quirinópolis Gabinete,,,,ACORDO HOMOLOGADO,,,1657
5122725-31.2021.8.09.0134,2021,TJGO,Quirinópolis,PESSOA FÍSICA,BANCO ITAU CONSIGNADO,Banco e financeira,EXTINTO SEM MÉRITO,False,,1342
5122757-91.2021.8.09.0051,2021,TJGO,,PESSOA FÍSICA,ESPAÇO LASE - EL PASSEIO SERVIÇOS ESTETICOS,Outros,ACORDO HOMOLOGADO,,,3974
5123414-69.2022.8.13.0024,2022,TJMG,Belo Horizonte,PESSOA JURÍDICA,,,IMPROCEDENTE,False,5000.0,11752
5124553-34.2024.8.09.0174,2024,TJGO,Senador Canedo,PESSOA FÍSICA,,,ACORDO HOMOLOGADO,,,1918
5125210-20.2023.8.09.0106,2023,TJGO,Suas Atividades de Trabalho,,,,PARCIALMENTE PROCEDENTE,True,4330.99,12709
5126522-04.2025.8.13.0024,2025,TJMG,Belo Horizonte,PESSOA FÍSICA,,,PARCIALMENTE PROCEDENTE,True,8029.78,20054
5126796-92.2025.8.09.0051,2025,TJGO,Goiânia,,,,EXTINTO SEM MÉRITO,False,,9343
5127936-08.2023.8.13.0024,2023,TJMG,Belo Horizonte,PESSOA JURÍDICA,,,PARCIALMENTE PROCEDENTE,True,,4250
5128599-20.2024.8.13.0024,2024,TJMG,Belo Horizonte,PESSOA JURÍDICA,SAMBA PRIME PROMOCOES E EVENTOS LTDA CPF: 30.401.513/0001-75,Outros,IMPROCEDENTE,False,,4699
5128933-72.2022.8.21.0001,2022,TJRS,Porto Alegre,PESSOA FÍSICA,,,EXTINTO SEM MÉRITO,False,,1282
5129528-87.2023.8.13.0024,2023,TJMG,Belo Horizonte,PESSOA JURÍDICA,,,PROCEDENTE,True,3000.0,9654
5130276-15.2024.8.09.0051,2024,TJGO,Goiânia,PESSOA JURÍDICA,,,IMPROCEDENTE,False,,11942
5130783-30.2023.8.21.0001,2023,TJRS,Porto Alegre,PESSOA FÍSICA,,,EXTINTO SEM MÉRITO,False,,2507
5132225-31.2023.8.21.0001,2023,TJRS,Porto Alegre,PESSOA FÍSICA,RECOVERY DO BRASIL CONSULTORIA,Outros,PARCIALMENTE PROCEDENTE,True,,12305
5132416-76.2023.8.21.0001,2023,TJRS,Porto Alegre,PESSOA FÍSICA,SERASA,Bureau de crédito,,,1098.91,6487
5133193-61.2023.8.21.0001,2023,TJRS,Porto Alegre,PESSOA FÍSICA,,,ACORDO HOMOLOGADO,,,2180
5133473-66.2022.8.21.0001,2022,TJRS,Porto Alegre,PESSOA FÍSICA,BANCO BMG,Banco e financeira,ACORDO HOMOLOGADO,,,1678
5133879-23.2021.8.09.0174,2021,TJGO,Senador Canedo,,,,IMPROCEDENTE,False,3000.0,17759
5135313-09.2025.8.21.0001,2025,TJRS,Porto Alegre,PESSOA FÍSICA,BANCO SANTANDER (BRASIL),Banco e financeira,EXTINTO SEM MÉRITO,False,,1505
5136256-24.2023.8.09.0003,2023,TJGO,Alexânia,PESSOA FÍSICA,BANCO PANAMERICANO,Banco e financeira,IMPROCEDENTE,False,,11976
5136991-51.2021.8.13.0024,2021,TJMG,Belo Horizonte,PESSOA JURÍDICA,,,,,,612
5137753-12.2024.8.21.0001,2024,TJRS,Porto Alegre,PESSOA FÍSICA,AGAFARMA-ASSOCIACAO GAUCHA DE FARMACIAS E DROGARIAS INDEPENDENTES,Outros,ACORDO HOMOLOGADO,,,1492
5137804-15.2020.8.13.0024,2020,TJMG,,,,,PROCEDENTE,True,,8562
5140778-53.2021.8.09.0007,2021,TJGO,Anápolis,,,,IMPROCEDENTE,False,,2296
5141191-94.2022.8.09.0051,2022,TJGO,Goiânia,PESSOA FÍSICA,CLARO,Telecomunicações,,,5000.0,5652
5143818-57.2023.8.21.0001,2023,TJRS,Porto Alegre,PESSOA FÍSICA,,,IMPROCEDENTE,False,,3556
5146034-54.2024.8.21.0001,2024,TJRS,Porto Alegre,PESSOA FÍSICA,COOP DE ECON E CRED MUTUO DOS MEDICOS DE P ALEGRE,Outros,EXTINTO SEM MÉRITO,False,,1642
5147185-26.2022.8.21.0001,2022,TJRS,Porto Alegre,PESSOA FÍSICA,ATIVOS S.A. SECURITIZADORA DE CREDITOS FINANCEIROS,Banco e financeira,PARCIALMENTE PROCEDENTE,True,,8881
5149156-67.2020.8.13.0024,2020,TJMG,Belo Horizonte,PESSOA JURÍDICA,,,IMPROCEDENTE,False,,32554
5149506-97.2023.8.21.0001,2023,TJRS,Porto Alegre,PESSOA FÍSICA,SERASA,Bureau de crédito,EXTINTO SEM MÉRITO,False,,1419
5150760-71.2024.8.21.0001,2024,TJRS,Porto Alegre,PESSOA FÍSICA,,,IMPROCEDENTE,False,,5147
5150927-11.2021.8.09.0007,2021,TJGO,,PESSOA FÍSICA,,,PROCEDENTE,True,2000.0,7674
5152876-84.2023.8.21.0001,2023,TJRS,Porto Alegre,PESSOA FÍSICA,123 VIAGENS E TURISMO,Outros,,,,2101
5153664-66.2024.8.09.0173,2024,TJGO,São Simão,PESSOA FÍSICA,BANCO PAN,Banco e financeira,IMPROCEDENTE,False,,8315
5155324-15.2024.8.09.0135,2024,TJGO,Quirinópolis,PESSOA FÍSICA,HOTEL URBANO VIAGENS E TURISMO,Outros,PARCIALMENTE PROCEDENTE,True,7076.0,10404
5155596-38.2022.8.09.0051,2022,TJGO,Goiânia,PESSOA JURÍDICA,DECOLARCOM LTDA SENTENÇA RELATÓRIO DISPENSADO POR FORÇA DO ART. 38,Outros,,,5000.0,6505
5156604-40.2024.8.09.0064,2024,TJGO,,PESSOA FÍSICA,NU PAGAMENTOS,Outros,IMPROCEDENTE,False,,9392
5157070-17.2022.8.13.0024,2022,TJMG,Belo Horizonte,PESSOA JURÍDICA,,,,,,747
5157179-24.2024.8.09.0072,2024,TJGO,Inhumas,,,,ACORDO HOMOLOGADO,,,2567
5157246-43.2022.8.21.0001,2022,TJRS,Porto Alegre,PESSOA FÍSICA,UNIAO SEGURADORA S.A. - VIDA E PREVIDENCIA,Seguros,IMPROCEDENTE,False,10000.0,3965
5158867-25.2021.8.09.0137,2021,TJGO,,PESSOA FÍSICA,SEGURADORA LÍDER DO CONSÓRCIO DO SEGURO DPVAT,Seguros,IMPROCEDENTE,False,1000.0,7489
5158899-80.2022.8.21.0001,2022,TJRS,Porto Alegre,PESSOA FÍSICA,CLARO,Telecomunicações,IMPROCEDENTE,False,,12482
5159255-41.2023.8.21.0001,2023,TJRS,Porto Alegre,PESSOA FÍSICA,TIM,Telecomunicações,EXTINTO SEM MÉRITO,False,,1530
5160301-02.2022.8.21.0001,2022,TJRS,Porto Alegre,PESSOA FÍSICA,BANCO AGIBANK,Banco e financeira,IMPROCEDENTE,False,5000.0,11178
5161366-51.2018.8.09.0051,2018,TJGO,,,,,IMPROCEDENTE,False,,8384
5162574-17.2023.8.21.0001,2023,TJRS,Porto Alegre,PESSOA FÍSICA,MUNICÍPIO DE PORTO ALEGRE / RS,Poder público,PROCEDENTE,True,5000.0,19012
5163045-95.2020.8.09.0090,2020,TJGO,Jandaia,PESSOA FÍSICA,ATHLETIC WAY COMÉRCIO DE EQUIPAMENTOS PARA,Outros,ACORDO HOMOLOGADO,,,3600
5163159-69.2023.8.21.0001,2023,TJRS,Porto Alegre,PESSOA FÍSICA,CLARO,Telecomunicações,ACORDO HOMOLOGADO,,,1282
5163981-58.2023.8.21.0001,2023,TJRS,Porto Alegre,PESSOA FÍSICA,CLARO,Telecomunicações,IMPROCEDENTE,False,1000.0,17171
5164028-32.2023.8.21.0001,2023,TJRS,Porto Alegre,PESSOA FÍSICA,ITAU UNIBANCO,Banco e financeira,IMPROCEDENTE,False,,8243
5164995-90.2021.8.09.0095,2021,TJGO,Joviânia,PESSOA FÍSICA,MUNICÍPIO DE ALOÂNDIA - GO,Poder público,PARCIALMENTE PROCEDENTE,True,4420.0,18068
5165007-09.2023.8.09.0007,2023,TJGO,Anápolis,PESSOA FÍSICA,UBER DO BRASIL TECNOLOGIA,Outros,IMPROCEDENTE,False,,5009
5166201-29.2023.8.21.0001,2023,TJRS,Porto Alegre,PESSOA FÍSICA,TAM LINHAS AEREAS,Transporte aéreo,ACORDO HOMOLOGADO,,,1515
5166331-06.2022.8.13.0024,2022,TJMG,Belo Horizonte,PESSOA JURÍDICA,,,IMPROCEDENTE,False,,11422
5166551-04.2022.8.13.0024,2022,TJMG,Belo Horizonte,PESSOA JURÍDICA,,,IMPROCEDENTE,False,,7283
5166921-59.2024.8.21.0001,2024,TJRS,Porto Alegre,PESSOA FÍSICA,MARISA LOJAS,Varejo e serviços,ACORDO HOMOLOGADO,,,1756
5168751-86.2019.8.13.0024,2019,TJMG,,,,,PROCEDENTE,True,2000.0,5270
5170972-08.2020.8.13.0024,2020,TJMG,Belo Horizonte,PESSOA JURÍDICA,,,IMPROCEDENTE,False,,8506
5170982-31.2022.8.21.0001,2022,TJRS,Porto Alegre,PESSOA FÍSICA,,,IMPROCEDENTE,False,,4294
5171066-92.2021.8.09.0068,2021,TJGO,,,,,EXTINTO SEM MÉRITO,False,,5649
5172723-86.2022.8.09.0051,2022,TJGO,Goiânia,,,,IMPROCEDENTE,False,,5484
5174859-42.2023.8.21.0001,2023,TJRS,Porto Alegre,PESSOA FÍSICA,BOA SORTE SABEDORIA PROSPERIDADE SERVICOS EDUCACIONAIS,Outros,ACORDO HOMOLOGADO,,,1704
5175637-12.2023.8.21.0001,2023,TJRS,Porto Alegre,PESSOA FÍSICA,TELEFONICA BRASIL,Telecomunicações,PARCIALMENTE PROCEDENTE,True,1000.0,6633
5178236-21.2023.8.21.0001,2023,TJRS,Porto Alegre,PESSOA FÍSICA,,,IMPROCEDENTE,False,,14064
5178810-44.2023.8.21.0001,2023,TJRS,Porto Alegre,PESSOA FÍSICA,UBER DO BRASIL TECNOLOGIA,Outros,IMPROCEDENTE,False,2500.0,13325
5179652-87.2024.8.21.0001,2024,TJRS,Porto Alegre,PESSOA FÍSICA,SERASA,Bureau de crédito,IMPROCEDENTE,False,1000.0,13943
5179894-80.2023.8.21.0001,2023,TJRS,Porto Alegre,PESSOA FÍSICA,,,EXTINTO SEM MÉRITO,False,,1400
5181116-41.2020.8.13.0024,2020,TJMG,Belo Horizonte,PESSOA JURÍDICA,,,IMPROCEDENTE,False,,5503
5181426-83.2018.8.09.0006,2018,TJGO,,,,,,,,6115
5181617-53.2024.8.13.0024,2024,TJMG,Belo Horizonte,PESSOA JURÍDICA,FUNERARIA VALORIZE SANTA LUZIA LTDA CPF: 28.636.997/0001-90,Outros,IMPROCEDENTE,False,,6712
5182761-12.2024.8.21.0001,2024,TJRS,Porto Alegre,PESSOA FÍSICA,BOA VISTA SERVICOS,Bureau de crédito,PARCIALMENTE PROCEDENTE,True,10000.0,30020
5184011-38.2021.8.13.0024,2021,TJMG,Belo Horizonte,,,,IMPROCEDENTE,False,,9458
5185069-71.2024.8.13.0024,2024,TJMG,,,,,EXTINTO SEM MÉRITO,False,,3104
5185220-29.2022.8.09.0150,2022,TJGO,Trindade,PESSOA FÍSICA,GOL LINHAS AEREAS S.A. SENTENÇA NOS JUIZADOS ESPECIAIS CÍVEIS O PROCESSO ORIENTAR-SE-Á,Transporte aéreo,PARCIALMENTE PROCEDENTE,True,4000.0,13382
5185574-84.2023.8.09.0064,2023,TJGO,,PESSOA FÍSICA,,,EXTINTO SEM MÉRITO,False,,12698
5185852-61.2022.8.09.0051,2022,TJGO,Goiânia,PESSOA FÍSICA,HOHL MAQUINAS AGRICOLAS,Outros,IMPROCEDENTE,False,,6047
5186245-56.2022.8.13.0024,2022,TJMG,Belo Horizonte,PESSOA JURÍDICA,,,ACORDO HOMOLOGADO,,,2078
5187196-84.2021.8.13.0024,2021,TJMG,Belo Horizonte,PESSOA JURÍDICA,,,PARCIALMENTE PROCEDENTE,True,,48370
5188797-28.2021.8.13.0024,2021,TJMG,Belo Horizonte,PESSOA JURÍDICA,,,IMPROCEDENTE,False,,4290
5188949-21.2024.8.21.0001,2024,TJRS,Porto Alegre,PESSOA FÍSICA,DREBES & CIA,Outros,PARCIALMENTE PROCEDENTE,True,1000.0,7177
5189272-76.2024.8.13.0024,2024,TJMG,Belo Horizonte,PESSOA JURÍDICA,NU PAGAMENTOS S.A. - INSTITUICAO DE PAGAMENTO CPF: 18.236.120/0001-58 E OUTROS,Outros,IMPROCEDENTE,False,,24399
5189835-75.2021.8.13.0024,2021,TJMG,Belo Horizonte,PESSOA JURÍDICA,,,EXTINTO SEM MÉRITO,False,,640
5190174-34.2021.8.13.0024,2021,TJMG,Belo Horizonte,PESSOA JURÍDICA,,,IMPROCEDENTE,False,,2525
5190531-12.2019.8.09.0051,2019,TJGO,,,,,IMPROCEDENTE,False,,16400
5190685-32.2021.8.13.0024,2021,TJMG,Belo Horizonte,PESSOA JURÍDICA,,,PROCEDENTE,True,1198.8,12563
5191033-91.2024.8.09.0174,2024,TJGO,Senador Canedo,,,,EXTINTO SEM MÉRITO,False,,4825
5191125-41.2022.8.21.0001,2022,TJRS,Porto Alegre,PESSOA FÍSICA,LOURENCO & SOUZA ADVOGADOS ASSOCIADOS,Outros,PROCEDENTE,True,,6172
5191782-62.2024.8.13.0024,2024,TJMG,Belo Horizonte,PESSOA JURÍDICA,MADEIRAMADEIRA COMERCIO ELETRONICO S/A CPF: 10.490.181/0001-35,Energia,EXTINTO SEM MÉRITO,False,,1592
5192073-46.2023.8.21.0001,2023,TJRS,Porto Alegre,PESSOA FÍSICA,,,,,201.49,5802
5192146-39.2021.8.13.0024,2021,TJMG,Belo Horizonte,PESSOA JURÍDICA,,,IMPROCEDENTE,False,,3061
5192389-59.2023.8.21.0001,2023,TJRS,Porto Alegre,PESSOA FÍSICA,SERASA,Bureau de crédito,IMPROCEDENTE,False,,5521
5192564-40.2022.8.13.0024,2022,TJMG,Belo Horizonte,PESSOA JURÍDICA,BANCO PAN S.A. CPF: 59.285.411/0001-13 E OUTROS,Banco e financeira,IMPROCEDENTE,False,,3428
5193082-43.2023.8.21.0001,2023,TJRS,Porto Alegre,PESSOA FÍSICA,TIM,Telecomunicações,IMPROCEDENTE,False,,7270
5194861-96.2024.8.21.0001,2024,TJRS,Porto Alegre,PESSOA FÍSICA,,,IMPROCEDENTE,False,,6039
5195368-44.2023.8.13.0024,2023,TJMG,Belo Horizonte,PESSOA FÍSICA,,,PROCEDENTE,True,20000.0,25142
5195395-88.2022.8.09.0051,2022,TJGO,Goiânia,,,,IMPROCEDENTE,False,,28598
5196753-26.2022.8.09.0007,2022,TJGO,,PESSOA JURÍDICA,GOL LINHAS AEREAS SA NAJ - 2022 NÚCLEO DE ACELERAÇÃO JULGAMENTOS EMENTA: AÇÃO DE INDENIZ,Transporte aéreo,PARCIALMENTE PROCEDENTE,True,,8036
5198005-68.2018.8.09.0051,2018,TJGO,Goiânia,PESSOA FÍSICA,FUNDO DE INVESTIMENTO EM DIREITOS CREDITORIOS NAO PADRONIZADOS NPL I,Banco e financeira,IMPROCEDENTE,False,,10701
5198876-11.2024.8.21.0001,2024,TJRS,Porto Alegre,PESSOA FÍSICA,,,IMPROCEDENTE,False,,7337
5199035-85.2023.8.21.0001,2023,TJRS,Porto Alegre,PESSOA FÍSICA,,,PARCIALMENTE PROCEDENTE,True,,9291
5200364-44.2025.8.09.0051,2025,TJGO,,,,,PARCIALMENTE PROCEDENTE,True,2000.0,22819
5200463-55.2023.8.13.0024,2023,TJMG,Belo Horizonte,PESSOA JURÍDICA,,,PROCEDENTE,True,,7649
5203139-18.2021.8.09.0101,2021,TJGO,Luziânia,PESSOA FÍSICA,CREDSYSTEM ADMINISTRADORA DE CARTÕES DE CRÉDITO,Banco e financeira,PARCIALMENTE PROCEDENTE,True,,10753
5205044-98.2021.8.09.0120,2021,TJGO,Paraúna,PESSOA FÍSICA,ESTADO DE GOIÁS,Poder público,IMPROCEDENTE,False,,5041
5205323-36.2022.8.13.0024,2022,TJMG,Belo Horizonte,PESSOA FÍSICA,,,IMPROCEDENTE,False,,5252
5205967-75.2021.8.09.0007,2021,TJGO,,,,,ACORDO HOMOLOGADO,,,703
5206089-39.2022.8.21.0001,2022,TJRS,Porto Alegre,PESSOA FÍSICA,,,ACORDO HOMOLOGADO,,,1504
5206362-81.2023.8.21.0001,2023,TJRS,Porto Alegre,PESSOA FÍSICA,BANCO CREFISA,Banco e financeira,ACORDO HOMOLOGADO,,,1470
5208437-10.2022.8.09.0051,2022,TJGO,,PESSOA FÍSICA,LINHARES CORRESPONDENTE DE INSTITUICOES FINANCEIRAS LTDA (LINHARES CRED),Banco e financeira,IMPROCEDENTE,False,,13861
5209382-17.2021.8.09.0088,2021,TJGO,Itumbiara,PESSOA FÍSICA,BANCO PAN SA E OUTRA,Banco e financeira,PROCEDENTE,True,,11690
5209658-14.2023.8.21.0001,2023,TJRS,Porto Alegre,PESSOA FÍSICA,,,IMPROCEDENTE,False,,13292
5212140-48.2024.8.13.0024,2024,TJMG,Belo Horizonte,PESSOA JURÍDICA,AZUL LINHAS AÉREAS BRASILEIRAS S/A CPF: 09.296.295/0001-60,Transporte aéreo,EXTINTO SEM MÉRITO,False,,805
5212979-55.2022.8.09.0024,2022,TJGO,Caldas Novas,,,,IMPROCEDENTE,False,,4188
5213309-41.2022.8.13.0024,2022,TJMG,Nova Lima,PESSOA JURÍDICA,AZUL LINHAS AEREAS BRASILEIRAS S.A. CPF: 09.296.295/0033-47,Transporte aéreo,IMPROCEDENTE,False,,7440
5214689-63.2021.8.09.0051,2021,TJGO,Goiânia,PESSOA FÍSICA,CLARO,Telecomunicações,,,5000.0,5869
5217395-55.2022.8.13.0024,2022,TJMG,Belo Horizonte,PESSOA FÍSICA,,,IMPROCEDENTE,False,,4315
5220802-98.2024.8.13.0024,2024,TJMG,Belo Horizonte,,,,PROCEDENTE,True,8087.58,7517
5224064-06.2024.8.21.0001,2024,TJRS,Canoas,PESSOA FÍSICA,BOA VISTA SERVICOS,Bureau de crédito,IMPROCEDENTE,False,,20996
5225621-28.2024.8.21.0001,2024,TJRS,Porto Alegre,PESSOA FÍSICA,FACTA FINANCEIRA S.A. CREDITO,Banco e financeira,EXTINTO SEM MÉRITO,False,,5908
5227963-04.2024.8.09.0047,2024,TJGO,,,,,,,,499
5228530-77.2023.8.09.0012,2023,TJGO,Aparecida de Goiânia Processo N,PESSOA JURÍDICA,GOL LINHAS AÉREAS SA SENTENÇA NOS JUIZADOS ESPECIAIS CÍVEIS,Transporte aéreo,IMPROCEDENTE,False,,8243
5228698-59.2023.8.09.0051,2023,TJGO,O Valor Ser Transferido Para A Conta Corrente,PESSOA JURÍDICA,POSITIVO DISTRIBUICAO,Outros,ACORDO HOMOLOGADO,,,16358
5229329-21.2023.8.09.0045,2023,TJGO,Formosa Formosa,,,,IMPROCEDENTE,False,,3565
5229784-72.2022.8.13.0024,2022,TJMG,Belo Horizonte,PESSOA JURÍDICA,,,IMPROCEDENTE,False,,4980
5230094-09.2023.8.09.0007,2023,TJGO,Anápolis,,,,PROCEDENTE,True,4000.0,6662
5230391-17.2024.8.13.0024,2024,TJMG,Belo Horizonte,PESSOA FÍSICA,,,IMPROCEDENTE,False,2000.0,21672
5230898-75.2024.8.13.0024,2024,TJMG,Belo Horizonte,PESSOA JURÍDICA,TELEFONICA BRASIL S.A. CPF: 02.558.157/0001-62 E OUTROS,Telecomunicações,PARCIALMENTE PROCEDENTE,True,5000.0,13742
5235008-34.2024.8.09.0120,2024,TJGO,Paraúna,PESSOA FÍSICA,TELEFONICA BRASIL,Telecomunicações,IMPROCEDENTE,False,,3049
5235450-77.2023.8.09.0041,2023,TJGO,Estrela do Norte,,,,EXTINTO SEM MÉRITO,False,,8569
5238565-47.2021.8.09.0051,2021,TJGO,Aparecida de Goiânia,,,,PARCIALMENTE PROCEDENTE,True,7000.0,16210
5240259-51.2021.8.09.0051,2021,TJGO,Goiânia,PESSOA FÍSICA,RAIA DROGASIL,Outros,ACORDO HOMOLOGADO,,500.0,7705
5240792-25.2024.8.21.0001,2024,TJRS,Porto Alegre,PESSOA FÍSICA,BANCO SANTANDER (BRASIL),Banco e financeira,IMPROCEDENTE,False,,4270
5245347-02.2023.8.09.0051,2023,TJGO,Goiânia,PESSOA FÍSICA,,,IMPROCEDENTE,False,,4437
5247987-12.2022.8.09.0051,2022,TJGO,Goiânia,,,,PROCEDENTE,True,6000.0,10393
5248589-80.2018.8.09.0006,2018,TJGO,Anápolis,,,,PARCIALMENTE PROCEDENTE,True,10000.0,21267
5250141-51.2022.8.09.0035,2022,TJGO,Corumbaíba,,,,PARCIALMENTE PROCEDENTE,True,5500.0,15931
5250253-71.2024.8.13.0024,2024,TJMG,Belo Horizonte,PESSOA JURÍDICA,EUCATUR-EMPRESA UNIAO CASCAVEL DE TRANSPORTES E TURISMO LTDA CPF: 76.080.738/0133-18,Poder público,EXTINTO SEM MÉRITO,False,,4775
5251246-51.2023.8.13.0024,2023,TJMG,Belo Horizonte,PESSOA JURÍDICA,,,PROCEDENTE,True,10000.0,7740
5253087-95.2024.8.09.0044,2024,TJGO,Formosa,PESSOA FÍSICA,,,ACORDO HOMOLOGADO,,,1810
5254425-85.2021.8.09.0149,2021,TJGO,Trindade,PESSOA FÍSICA,BANCO ITAU - UNIBANCO,Banco e financeira,IMPROCEDENTE,False,,12852
5254538-40.2021.8.09.0084,2021,TJGO,Itapirapuã,,,,ACORDO HOMOLOGADO,,,3747
5255038-60.2023.8.21.0001,2023,TJRS,Porto Alegre,PESSOA FÍSICA,ASSOCIAÇÃO DOS FUNCIONÁRIOS MUNICIPAIS DE PORTO ALEGRE,Outros,PARCIALMENTE PROCEDENTE,True,20000.0,20060
5255540-83.2022.8.13.0024,2022,TJMG,Belo Horizonte,PESSOA JURÍDICA,,,PROCEDENTE,True,6000.0,10209
5255769-07.2021.8.09.0051,2021,TJGO,Goiânia,PESSOA FÍSICA,,,ACORDO HOMOLOGADO,,,15899
5256078-64.2022.8.13.0024,2022,TJMG,Belo Horizonte,PESSOA JURÍDICA,,,PROCEDENTE,True,,4914
5256255-32.2023.8.09.0112,2023,TJGO,Nerópolis,,,,PARCIALMENTE PROCEDENTE,True,3500.0,8301
5256664-33.2024.8.13.0024,2024,TJMG,Belo Horizonte,PESSOA JURÍDICA,MAGAZINE LUIZA S/A CPF: 47.960.950/0001-21 E OUTROS,Varejo e serviços,ACORDO HOMOLOGADO,,,1086
5257346-97.2017.8.09.0006,2017,TJGO,Anápolis,,,,IMPROCEDENTE,False,,11089
5257698-95.2021.8.09.0012,2021,TJGO,,,,,EXTINTO SEM MÉRITO,False,,2472
5260607-12.2021.8.09.0077,2021,TJGO,,PESSOA FÍSICA,,,EXTINTO SEM MÉRITO,False,,5791
5261668-51.2024.8.13.0024,2024,TJMG,Belo Horizonte,PESSOA FÍSICA,,,ACORDO HOMOLOGADO,,,1575
5262711-91.2022.8.13.0024,2022,TJMG,Belo Horizonte,PESSOA JURÍDICA,,,,,,5811
5263711-22.2023.8.09.0051,2023,TJGO,Goiânia,,,,IMPROCEDENTE,False,,6970
5264407-39.2023.8.09.0025,2023,TJGO,,PESSOA FÍSICA,SMILES VIAGENS E TURISMO,Outros,PROCEDENTE,True,,11230
5272408-18.2021.8.09.0046,2021,TJGO,Formoso,PESSOA FÍSICA,CLARO S/A - PREPOSTA NATHANNY THAYS BARBOSA MAIA CPF 749.763.381-34,Telecomunicações,ACORDO HOMOLOGADO,,,3097
5273510-89.2023.8.09.0051,2023,TJGO,Goiânia,,,,IMPROCEDENTE,False,,9505
5275031-35.2024.8.09.0051,2024,TJGO,Goiânia,PESSOA JURÍDICA,,,EXTINTO SEM MÉRITO,False,,6407
5276296-09.2023.8.09.0051,2023,TJGO,,PESSOA JURÍDICA,LATAM LINHAS AÉREAS SA PROJETO DE SENTENÇA VERSAM OS AUTOS DIGITAIS SOBRE RECLAMAÇÃO,Transporte aéreo,ACORDO HOMOLOGADO,,5000.0,6091
5278548-19.2022.8.09.0051,2022,TJGO,Goiânia,,,,PARCIALMENTE PROCEDENTE,True,2000.0,3853
5278807-91.2018.8.09.0006,2018,TJGO,Anápolis,,,,PARCIALMENTE PROCEDENTE,True,5000.0,11888
5279253-66.2024.8.21.0001,2024,TJRS,Porto Alegre,PESSOA FÍSICA,,,EXTINTO SEM MÉRITO,False,,1512
5279572-16.2024.8.09.0018,2024,TJGO,Bom Jesus,PESSOA FÍSICA,W EMPREENDIMENTOS IMOBILIARIOS,Outros,EXTINTO SEM MÉRITO,False,,2301
5279794-02.2024.8.21.0001,2024,TJRS,Porto Alegre,PESSOA FÍSICA,SOCIEDADE DE EDUCACAO RITTER DOS REIS,Outros,ACORDO HOMOLOGADO,,,1439
5282474-44.2023.8.13.0024,2023,TJMG,Belo Horizonte,PESSOA JURÍDICA,,,ACORDO HOMOLOGADO,,,1805
5283532-82.2023.8.13.0024,2023,TJMG,,,,,,,,457
5287388-54.2023.8.13.0024,2023,TJMG,,,,,PARCIALMENTE PROCEDENTE,True,,10661
5287441-96.2022.8.09.0051,2022,TJGO,Goiânia,PESSOA FÍSICA,TRANSPORTES AEREOS PORTUGUESES,Outros,IMPROCEDENTE,False,,20574
5287918-04.2021.8.09.0133,2021,TJGO,Posse,PESSOA FÍSICA,,,EXTINTO SEM MÉRITO,False,,4108
5288183-19.2025.8.09.0051,2025,TJGO,Goiânia,PESSOA FÍSICA,ESTADO DE GOIÁS,Poder público,IMPROCEDENTE,False,,10479
5288942-37.2024.8.21.0001,2024,TJRS,Porto Alegre,PESSOA FÍSICA,ITAU UNIBANCO HOLDING,Banco e financeira,IMPROCEDENTE,False,,11691
5291495-06.2022.8.09.0084,2022,TJGO,Itapirapuã,,,,EXTINTO SEM MÉRITO,False,,4354
5291831-46.2021.8.09.0051,2021,TJGO,,PESSOA FÍSICA,99 TECNOLOGIA,Outros,EXTINTO SEM MÉRITO,False,,1281
5293066-86.2021.8.09.0006,2021,TJGO,Anápolis,PESSOA JURÍDICA,,,ACORDO HOMOLOGADO,,,1556
5296003-96.2024.8.13.0024,2024,TJMG,Belo Horizonte,PESSOA JURÍDICA,BANCO BRADESCO S.A. CPF: 60.746.948/0001-12,Banco e financeira,PARCIALMENTE PROCEDENTE,True,,7770
5296057-93.2022.8.09.0137,2022,TJGO,Rio Verde,PESSOA FÍSICA,,,ACORDO HOMOLOGADO,,,2023
5302293-88.2024.8.09.0073,2024,TJGO,Inhumas,,,,ACORDO HOMOLOGADO,,,1757
5302896-93.2025.8.09.0149,2025,TJGO,São Luís de Montes Belos,PESSOA JURÍDICA,,,ACORDO HOMOLOGADO,,,1309
5306063-78.2024.8.21.0001,2024,TJRS,Porto Alegre,PESSOA FÍSICA,BANCO DO ESTADO DO RIO GRANDE DO SUL S/A - BANRISUL,Banco e financeira,IMPROCEDENTE,False,1200.0,6753
5306887-36.2021.8.09.0111,2021,TJGO,Nazário,,,,IMPROCEDENTE,False,,10430
5307542-18.2025.8.09.0127,2025,TJGO,Pires do Rio,PESSOA FÍSICA,,,IMPROCEDENTE,False,,5038
5313519-79.2024.8.21.0001,2024,TJRS,Porto Alegre,PESSOA FÍSICA,BOA VISTA SERVICOS,Bureau de crédito,ACORDO HOMOLOGADO,,,1940
5315508-23.2024.8.21.0001,2024,TJRS,Porto Alegre,PESSOA FÍSICA,,,PARCIALMENTE PROCEDENTE,True,18000.0,12334
5315568-93.2024.8.21.0001,2024,TJRS,Porto Alegre,PESSOA FÍSICA,,,IMPROCEDENTE,False,,5342
5319192-53.2024.8.21.0001,2024,TJRS,Porto Alegre,PESSOA FÍSICA,BOA VISTA SERVICOS,Bureau de crédito,IMPROCEDENTE,False,,15418
5319200-30.2024.8.21.0001,2024,TJRS,Porto Alegre,PESSOA FÍSICA,BOA VISTA SERVICOS,Bureau de crédito,IMPROCEDENTE,False,,25982
5319971-40.2023.8.09.0142,2023,TJGO,Santa Helena de Goiás,PESSOA FÍSICA,,,ACORDO HOMOLOGADO,,,2312
5320269-97.2024.8.21.0001,2024,TJRS,Porto Alegre,PESSOA FÍSICA,ITAU UNIBANCO,Banco e financeira,IMPROCEDENTE,False,,5455
5320554-67.2025.8.09.0170,2025,TJGO,Campinorte,PESSOA FÍSICA,GLOBAL SOLUÇÕES FINANCEIRAS,Banco e financeira,IMPROCEDENTE,False,,8098
5321059-62.2025.8.09.0007,2025,TJGO,Anápolis,PESSOA FÍSICA,BANCO BRADESCO FINANCIAMENTOS S.A. CPF/CNPJ: 07.207.996/0001-50,Banco e financeira,EXTINTO SEM MÉRITO,False,,2998
5322107-28.2024.8.13.0024,2024,TJMG,,,,,IMPROCEDENTE,False,,6817
5324107-28.2025.8.09.0169,2025,TJGO,,PESSOA FÍSICA,,,PARCIALMENTE PROCEDENTE,True,1000.0,13684
5324288-33.2022.8.09.0137,2022,TJGO,Rio Verde,PESSOA FÍSICA,,,IMPROCEDENTE,False,,14043
5325333-30.2023.8.09.0075,2023,TJGO,Ipameri,PESSOA FÍSICA,,,EXTINTO SEM MÉRITO,False,,5690
5325902-65.2024.8.09.0117,2024,TJGO,Palmeiras de Goiás,PESSOA FÍSICA,RESIDENCIAL FLORIDA EMPREENDIMENTOS IMOBILIARIOS,Outros,ACORDO HOMOLOGADO,,,3071
5330056-98.2022.8.09.0149,2022,TJGO,Trindade,,,,PARCIALMENTE PROCEDENTE,True,10000.0,8598
5331835-23.2017.8.09.0098,2017,TJGO,Jussara,,,,PARCIALMENTE PROCEDENTE,True,510.5,7893
5332516-27.2023.8.09.0051,2023,TJGO,,PESSOA FÍSICA,BANCO BRADESCO,Banco e financeira,ACORDO HOMOLOGADO,,4000.0,4715
5334413-56.2024.8.09.0051,2024,TJGO,,PESSOA FÍSICA,TAM LINHAS AEREAS,Transporte aéreo,PROCEDENTE,True,3000.0,10093
5337085-39.2024.8.09.0115,2024,TJGO,Orizona,,,,ACORDO HOMOLOGADO,,,2941
5338353-63.2023.8.09.0051,2023,TJGO,,PESSOA FÍSICA,LATAM AIRLINES BRASIL TAM LINHAS AÉREAS,Transporte aéreo,PROCEDENTE,True,6000.0,5024
5343302-13.2022.8.09.0069,2022,TJGO,,,,,PARCIALMENTE PROCEDENTE,True,,7916
5343644-44.2023.8.09.0051,2023,TJGO,Goiânia,PESSOA FÍSICA,ADÃO IMOVEIS VIDA NOVA,Outros,IMPROCEDENTE,False,,9195
5343897-35.2023.8.09.0050,2023,TJGO,Goianésia,PESSOA FÍSICA,AGP TECNOLOGIA EM INFORMATICA DO BRASIL,Outros,PARCIALMENTE PROCEDENTE,True,,18943
5346715-36.2024.8.09.0175,2024,TJGO,,PESSOA FÍSICA,,,ACORDO HOMOLOGADO,,,2016
5354628-85.2025.8.09.0029,2025,TJGO,Catalão,,,,PROCEDENTE,True,5000.0,4720
5371555-94.2024.8.09.0051,2024,TJGO,Goiânia,PESSOA FÍSICA,,,ACORDO HOMOLOGADO,,5000.0,17348
5372186-29.2022.8.09.0012,2022,TJGO,Aparecida de Goiânia,,,,EXTINTO SEM MÉRITO,False,,2102
5376104-02.2024.8.09.0067,2024,TJGO,Goiatuba,PESSOA JURÍDICA,BANCO BMG S.A SENTENÇA TRATA-SE DE DEMANDA AJUIZADA POR JOAO FERREIRA PRADO EM DESFAVOR DE,Banco e financeira,EXTINTO SEM MÉRITO,False,,1906
5377585-97.2024.8.09.0067,2024,TJGO,Goiatuba,PESSOA JURÍDICA,BANCO SAFRA S A SENTENÇA TRATA-SE DE DEMANDA AJUIZADA POR JOAO FERREIRA PRADO EM DESFAVOR,Banco e financeira,EXTINTO SEM MÉRITO,False,,1921
5379909-50.2020.8.09.0051,2020,TJGO,Goiânia,PESSOA JURÍDICA,,,PROCEDENTE,True,10000.0,18489
5381631-80.2024.8.09.0051,2024,TJGO,,,,,PARCIALMENTE PROCEDENTE,True,,10190
5381695-69.2023.8.09.0134,2023,TJGO,Quirinópolis,,,,ACORDO HOMOLOGADO,,,1612
5382652-57.2022.8.09.0085,2022,TJGO,Itapuranga,PESSOA FÍSICA,,,EXTINTO SEM MÉRITO,False,,1816
5383205-08.2020.8.09.0075,2020,TJGO,Ipameri,,,,IMPROCEDENTE,False,,4955
5384765-51.2020.8.09.0150,2020,TJGO,Trindade,PESSOA JURÍDICA,,,EXTINTO SEM MÉRITO,False,,3267
5385254-67.2025.8.09.0068,2025,TJGO,,,,,PARCIALMENTE PROCEDENTE,True,5000.0,7833
5386535-71.2022.8.09.0130,2022,TJGO,Porangatu,PESSOA FÍSICA,,,IMPROCEDENTE,False,,7540
5388448-49.2021.8.09.0122,2021,TJGO,Petrolina de Goiás,,,,ACORDO HOMOLOGADO,,,1665
5389497-08.2025.8.09.0051,2025,TJGO,Goiânia,PESSOA JURÍDICA,SUDACRED SOCIEDADE DE CREDITO DIRETO S/A SENTENÇA TRATA-SE DE AÇÃO DECLARATÓRIA DE NU,Banco e financeira,IMPROCEDENTE,False,,13875
5390672-42.2022.8.09.0051,2022,TJGO,Goiânia,,,,EXTINTO SEM MÉRITO,False,,2656
5391347-56.2022.8.09.0131,2022,TJGO,Porangatu,PESSOA FÍSICA,EXPRESSO SATELITE NORTE,Outros,IMPROCEDENTE,False,,14112
5393017-33.2024.8.09.0011,2024,TJGO,Aparecida de Goiânia,,,,IMPROCEDENTE,False,,4362
5394118-34.2022.8.09.0025,2022,TJGO,Caldas Novas,,,,IMPROCEDENTE,False,37.52,4615
5396193-53.2017.8.09.0047,2017,TJGO,Goianápolis,PESSOA FÍSICA,CLARO,Telecomunicações,IMPROCEDENTE,False,,6192
5398842-03.2022.8.09.0051,2022,TJGO,Goiânia,PESSOA FÍSICA,,,PROCEDENTE,True,4000.0,14842
5401790-16.2025.8.09.0146,2025,TJGO,São Luís de Montes Belos,PESSOA FÍSICA,,,ACORDO HOMOLOGADO,,,1958
5403420-42.2022.8.09.0137,2022,TJGO,Rio Verde,PESSOA FÍSICA,,,IMPROCEDENTE,False,,7192
5404206-02.2024.8.09.0110,2024,TJGO,Mozarlândia,PESSOA FÍSICA,,,IMPROCEDENTE,False,,4571
5405162-02.2025.8.09.0007,2025,TJGO,,,,,IMPROCEDENTE,False,,3530
5407306-02.2023.8.09.0012,2023,TJGO,Aparecida de Goiânia,PESSOA FÍSICA,,,ACORDO HOMOLOGADO,,,5438
5413400-74.2023.8.09.0170,2023,TJGO,Campinorte,PESSOA FÍSICA,,,PARCIALMENTE PROCEDENTE,True,15000.0,13986
5415338-18.2023.8.09.0134,2023,TJGO,Quirinópolis,,,,PARCIALMENTE PROCEDENTE,True,1000.0,22657
5416351-10.2023.8.09.0051,2023,TJGO,Goiânia,PESSOA FÍSICA,,,ACORDO HOMOLOGADO,,,2372
5419014-27.2025.8.09.0029,2025,TJGO,Catalão,,,,PARCIALMENTE PROCEDENTE,True,,4362
5421863-26.2022.8.09.0045,2022,TJGO,Formosa,PESSOA FÍSICA,,,IMPROCEDENTE,False,,6736
5423311-79.2023.8.09.0051,2023,TJGO,,PESSOA FÍSICA,ESCOLA BRASILEIRA DE IMPLANTES DENTARIOS,Outros,ACORDO HOMOLOGADO,,,5528
5425302-90.2023.8.09.0051,2023,TJGO,,PESSOA FÍSICA,LATAM AIRLINES GROUP,Transporte aéreo,PROCEDENTE,True,39.99,5167
5428545-23.2023.8.09.0025,2023,TJGO,Caldas Novas,PESSOA FÍSICA,GOL LINHAS AEREAS,Transporte aéreo,PROCEDENTE,True,913.89,11519
5431858-65.2022.8.09.0012,2022,TJGO,,,,,EXTINTO SEM MÉRITO,False,,2137
5431995-81.2024.8.09.0075,2024,TJGO,Ipameri,PESSOA FÍSICA,BANCO E COOPERATIVA SICREDI,Banco e financeira,IMPROCEDENTE,False,,9138
5433520-10.2023.8.09.0051,2023,TJGO,,PESSOA FÍSICA,NG3 GOIANIA CONSULTORIA E SERVICOS ADMINISTRATIVOS,Outros,IMPROCEDENTE,False,9675.84,13688
5434924-09.2017.8.09.0051,2017,TJGO,Goiânia,,,,PROCEDENTE,True,,6804
5441444-12.2021.8.09.0029,2021,TJGO,Catalão,,,,IMPROCEDENTE,False,,3057
5442848-84.2021.8.09.0066,2021,TJGO,Goiás,PESSOA FÍSICA,,,IMPROCEDENTE,False,,2710
5443730-86.2024.8.09.0051,2024,TJGO,Goiânia,,,,ACORDO HOMOLOGADO,,,1320
5447370-97.2024.8.09.0051,2024,TJGO,Goiânia,PESSOA FÍSICA,NU PAGAMENTOS,Outros,ACORDO HOMOLOGADO,,,3370
5451459-71.2021.8.09.0051,2021,TJGO,Goiânia,,,,PARCIALMENTE PROCEDENTE,True,2100.0,7657
5452188-48.2022.8.09.0153,2022,TJGO,,,,,IMPROCEDENTE,False,7631.9,13298
5454584-84.2021.8.09.0071,2021,TJGO,,PESSOA FÍSICA,,,IMPROCEDENTE,False,,4633
5456547-87.2022.8.09.0170,2022,TJGO,Campinorte,PESSOA FÍSICA,SINDICATO DOS TRABALHADORES NA INDUSTRIA DA CONST PESADA NO EST DE GO STICEP,Outros,IMPROCEDENTE,False,,7906
5458798-47.2022.8.09.0051,2022,TJGO,Goiânia,,,,ACORDO HOMOLOGADO,,,2664
5458872-32.2025.8.09.0137,2025,TJGO,Rio Verde,PESSOA FÍSICA,,,EXTINTO SEM MÉRITO,False,,14267
5476841-33.2023.8.09.0007,2023,TJGO,Anápolis,PESSOA FÍSICA,,,IMPROCEDENTE,False,,7855
5480876-62.2022.8.09.0042,2022,TJGO,Fazenda Nova,,,,ACORDO HOMOLOGADO,,,2124
5481638-59.2023.8.09.0134,2023,TJGO,Quirinópolis,,,,ACORDO HOMOLOGADO,,,1215
5483048-37.2021.8.09.0001,2021,TJGO,Abadiânia,,,,IMPROCEDENTE,False,,2510
5492935-02.2025.8.09.0164,2025,TJGO,Cidade Ocidental,,,,PARCIALMENTE PROCEDENTE,True,5000.0,11733
5494809-46.2020.8.09.0051,2020,TJGO,,,,,IMPROCEDENTE,False,10215.42,7265
5496220-57.2023.8.09.0007,2023,TJGO,,PESSOA FÍSICA,,,IMPROCEDENTE,False,,5932
5497051-02.2025.8.09.0051,2025,TJGO,Goiânia,PESSOA JURÍDICA,,,PARCIALMENTE PROCEDENTE,True,1963.2,11391
5498828-57.2025.8.09.0007,2025,TJGO,,,,,ACORDO HOMOLOGADO,,,1287
5499581-94.2023.8.09.0003,2023,TJGO,Alexânia,PESSOA FÍSICA,BRB BANCO DE BRASILIA,Banco e financeira,PARCIALMENTE PROCEDENTE,True,7000.0,12235
5503807-32.2022.8.09.0051,2022,TJGO,Goiânia,,,,IMPROCEDENTE,False,,11453
5505198-85.2023.8.09.0051,2023,TJGO,,PESSOA FÍSICA,CONCEITO EM VIDROS,Outros,IMPROCEDENTE,False,,11272
5507587-66.2021.8.09.0163,2021,TJGO,Valparaíso de Goiás,PESSOA FÍSICA,CONDOMINIO PARQUE CLUB,Outros,IMPROCEDENTE,False,,6878
5510315-96.2019.8.09.0051,2019,TJGO,,PESSOA JURÍDICA,SANEAMENTO DE GOIAS S/A NAJ - 2021 META 2 NÚCLEO DE ACELERAÇÃO JULGAMENTOS EMENTA: AÇÃO DE,Saneamento,PROCEDENTE,True,3000.0,22465
5513073-77.2021.8.09.0051,2021,TJGO,Goiânia,,,,EXTINTO SEM MÉRITO,False,,1452
5513496-38.2022.8.09.0007,2022,TJGO,Anápolis,,,,PARCIALMENTE PROCEDENTE,True,,2808
5515665-60.2022.8.09.0051,2022,TJGO,,PESSOA FÍSICA,BANCO ITAU CONSIGNADO,Banco e financeira,EXTINTO SEM MÉRITO,False,,1240
5517933-57.2021.8.09.0137,2021,TJGO,Rio Verde,PESSOA FÍSICA,,,EXTINTO SEM MÉRITO,False,,8335
5518892-26.2021.8.09.0170,2021,TJGO,Campinorte Serventia,PESSOA FÍSICA,ENEL DISTRIBUIÇÃO GOIÁS (CELG DISTRIBUIÇÃO S/A),Energia,IMPROCEDENTE,False,2000.0,18037
5520730-25.2021.8.09.0066,2021,TJGO,Goiás,PESSOA FÍSICA,,,EXTINTO SEM MÉRITO,False,,3629
5522644-43.2023.8.09.0038,2023,TJGO,Crixás,,,,IMPROCEDENTE,False,,8923
5522843-25.2020.8.09.0150,2020,TJGO,Trindade,PESSOA FÍSICA,KM LOGISTICA E SERVIÇOS,Outros,EXTINTO SEM MÉRITO,False,,4165
5523970-87.2021.8.09.0012,2021,TJGO,,,,,IMPROCEDENTE,False,,11995
5526813-74.2020.8.09.0007,2020,TJGO,Anápolis,,,,IMPROCEDENTE,False,,4338
5530416-23.2020.8.09.0051,2020,TJGO,Goiânia Autos N,,,,IMPROCEDENTE,False,,8745
5532741-97.2022.8.09.0051,2022,TJGO,,PESSOA FÍSICA,,,PARCIALMENTE PROCEDENTE,True,3000.0,6688
5533384-36.2022.8.09.0122,2022,TJGO,Petrolina de Goiás,PESSOA FÍSICA,,,IMPROCEDENTE,False,,12149
5535179-88.2021.8.09.0065,2021,TJGO,Goiás,PESSOA FÍSICA,,,PARCIALMENTE PROCEDENTE,True,,14930
5536435-40.2023.8.09.0051,2023,TJGO,Goiânia,PESSOA FÍSICA,GOL LINHAS AEREAS,Transporte aéreo,PARCIALMENTE PROCEDENTE,True,5000.0,12821
5538868-81.2025.8.09.0007,2025,TJGO,Anápolis,PESSOA FÍSICA,BANCO BMG S.A CPF/CNPJ: 61.186.680/0001-74 ENDEREÇO: PRES JUSCELINO KUBITSCHEK,Banco e financeira,IMPROCEDENTE,False,,6665
5540484-32.2020.8.09.0051,2020,TJGO,Goiânia,,,,ACORDO HOMOLOGADO,,574.98,5117
5542253-95.2020.8.09.0012,2020,TJGO,Aparecida de Goiânia,,,,ACORDO HOMOLOGADO,,,4218
5547434-24.2022.8.09.0007,2022,TJGO,,,,,PARCIALMENTE PROCEDENTE,True,,6168
5549063-95.2022.8.09.0051,2022,TJGO,Goiânia,PESSOA FÍSICA,ESTADO DE GOIÁS,Poder público,EXTINTO SEM MÉRITO,False,,5774
5550007-68.2020.8.09.0051,2020,TJGO,Goiânia,,,,ACORDO HOMOLOGADO,,,1239
5555004-98.2021.8.09.0006,2021,TJGO,Anápolis,,,,PROCEDENTE,True,21000.0,12443
5555266-30.2020.8.09.0088,2020,TJGO,Itumbiara,PESSOA FÍSICA,,,IMPROCEDENTE,False,,15268
5555580-09.2020.8.09.0174,2020,TJGO,Senador Canedo,,,,PARCIALMENTE PROCEDENTE,True,4000.0,13444
5557471-19.2023.8.09.0123,2023,TJGO,Piracanjuba,,,,EXTINTO SEM MÉRITO,False,,2487
5559037-54.2020.8.09.0140,2020,TJGO,Sanclerlândia,,,,ACORDO HOMOLOGADO,,,1572
5560761-21.2022.8.09.0012,2022,TJGO,,PESSOA FÍSICA,99 TECNOLOGIA,Outros,PROCEDENTE,True,6000.0,5191
5565024-66.2021.8.09.0098,2021,TJGO,Jussara,,,,PROCEDENTE,True,,8637
5565171-11.2020.8.09.0007,2020,TJGO,Anápolis,,,,PROCEDENTE,True,2000.0,8855
5566419-53.2022.8.09.0100,2022,TJGO,Luziânia,PESSOA FÍSICA,ESTADO DE GOIÁS,Poder público,PARCIALMENTE PROCEDENTE,True,,17540
5569801-61.2021.8.09.0012,2021,TJGO,,,,,IMPROCEDENTE,False,,11945
5572941-40.2020.8.09.0012,2020,TJGO,Aparecida de Goiânia,,,,IMPROCEDENTE,False,,5551
5573101-94.2022.8.09.0012,2022,TJGO,Aparecida de Goiânia,PESSOA JURÍDICA,,,EXTINTO SEM MÉRITO,False,,4505
5573582-47.2023.8.09.0004,2023,TJGO,,,,,IMPROCEDENTE,False,5724.0,11449
5581498-40.2025.8.09.0012,2025,TJGO,Aparecida de Goiânia,,,,PROCEDENTE,True,2000.0,11749
5582084-12.2021.8.09.0079,2021,TJGO,Itaberaí,PESSOA FÍSICA,,,IMPROCEDENTE,False,,3568
5587198-79.2022.8.09.0051,2022,TJGO,Goiânia,,,,PROCEDENTE,True,,11826
5588689-92.2020.8.09.0051,2020,TJGO,,PESSOA JURÍDICA,RENAULT DO BRASIL,Outros,EXTINTO SEM MÉRITO,False,,3666
5589202-60.2020.8.09.0051,2020,TJGO,Goiânia,,,,IMPROCEDENTE,False,500.0,7791
5589784-60.2020.8.09.0051,2020,TJGO,Goiânia,,,,IMPROCEDENTE,False,,7249
5595362-39.2020.8.09.0007,2020,TJGO,Anápolis,PESSOA FÍSICA,EXPLORERNET TECNOLOGIA DE PROVEDOR DE INTERNET,Outros,PARCIALMENTE PROCEDENTE,True,2000.0,7706
5595551-06.2025.8.09.0051,2025,TJGO,Goiânia,,,,PARCIALMENTE PROCEDENTE,True,10000.0,24150
5596746-34.2022.8.09.0050,2022,TJGO,Goianésia,PESSOA FÍSICA,BANCO PAN,Banco e financeira,ACORDO HOMOLOGADO,,,1197
5597255-25.2023.8.09.0051,2023,TJGO,,PESSOA FÍSICA,BANCO BRADESCO,Banco e financeira,IMPROCEDENTE,False,,11367
5597610-07.2022.8.09.0007,2022,TJGO,Anápolis,PESSOA FÍSICA,CLARO,Telecomunicações,PROCEDENTE,True,7000.0,5701
5598291-93.2021.8.09.0012,2021,TJGO,Aparecida de Goiânia,,,,ACORDO HOMOLOGADO,,,5279
5600445-39.2020.8.09.0006,2020,TJGO,Valoração,PESSOA JURÍDICA,,,PROCEDENTE,True,12300.17,15961
5600884-80.2018.8.09.0051,2018,TJGO,Goiânia,PESSOA FÍSICA,,,PROCEDENTE,True,1500.0,7231
5602324-12.2023.8.09.0092,2023,TJGO,Jaraguá,PESSOA FÍSICA,,,EXTINTO SEM MÉRITO,False,,3599
5603305-33.2021.8.09.0085,2021,TJGO,Itapuranga,PESSOA FÍSICA,,,PROCEDENTE,True,2399.0,5992
5603573-73.2023.8.09.0067,2023,TJGO,Goiatuba,,,,ACORDO HOMOLOGADO,,,2845
5604783-26.2023.8.09.0079,2023,TJGO,Itaberaí,PESSOA FÍSICA,,,ACORDO HOMOLOGADO,,,2144
5608446-53.2024.8.09.0012,2024,TJGO,,PESSOA FÍSICA,BANCO BRADESCO,Banco e financeira,IMPROCEDENTE,False,,9577
5609586-24.2024.8.09.0174,2024,TJGO,Senador Canedo,,,,IMPROCEDENTE,False,7500.0,6162
5611111-28.2022.8.09.0007,2022,TJGO,,PESSOA FÍSICA,BANCO ITAU,Banco e financeira,IMPROCEDENTE,False,,4422
5612888-76.2023.8.09.0051,2023,TJGO,,PESSOA FÍSICA,EQUATORIAL ENERGIA GOIÁS,Energia,PARCIALMENTE PROCEDENTE,True,8000.0,4517
5615985-90.2021.8.09.0007,2021,TJGO,,,,,IMPROCEDENTE,False,2000.0,7038
5618494-90.2020.8.09.0051,2020,TJGO,Goiânia,PESSOA FÍSICA,CONDOMINIO VILLAGE GREEN PARK,Outros,ACORDO HOMOLOGADO,,,7014
5618569-59.2024.8.09.0029,2024,TJGO,Catalão,PESSOA FÍSICA,,,IMPROCEDENTE,False,2831.11,3366
5618635-82.2022.8.09.0005,2022,TJGO,Alvorada do Norte,PESSOA FÍSICA,,,ACORDO HOMOLOGADO,,,4248
5622416-37.2023.8.09.0051,2023,TJGO,,PESSOA FÍSICA,TAM LINHAS AEREAS,Transporte aéreo,IMPROCEDENTE,False,3000.0,9335
5623930-25.2023.8.09.0051,2023,TJGO,Goiânia,PESSOA FÍSICA,,,PARCIALMENTE PROCEDENTE,True,4000.0,6188
5625446-08.2020.8.09.0012,2020,TJGO,,,,,IMPROCEDENTE,False,872.27,21897
5627220-19.2021.8.09.0051,2021,TJGO,Goiânia,PESSOA FÍSICA,,,PARCIALMENTE PROCEDENTE,True,20000.0,15874
5628964-78.2023.8.09.0051,2023,TJGO,,PESSOA FÍSICA,GOL LINHAS AEREAS,Transporte aéreo,PROCEDENTE,True,2000.0,9084
5629301-38.2021.8.09.0051,2021,TJGO,Goiânia Gabinete,PESSOA JURÍDICA,P C DIAS GONCALVES EIRELI - KARINE GOUVEIA ESTÉTICA NOS TERMOS DOS ARTIGOS 136 E SEGUINTES,Outros,PARCIALMENTE PROCEDENTE,True,9676.43,26825
5629482-96.2020.8.09.0011,2020,TJGO,,,,,ACORDO HOMOLOGADO,,,2667
5632592-06.2020.8.09.0011,2020,TJGO,Aparecida de Goiânia,PESSOA FÍSICA,BANCO BMG,Banco e financeira,IMPROCEDENTE,False,,14924
5634596-23.2023.8.09.0007,2023,TJGO,,,,,EXTINTO SEM MÉRITO,False,,780
5635086-30.2020.8.09.0143,2020,TJGO,São Miguel do Araguaia,,,,PROCEDENTE,True,,37961
5635767-86.2021.8.09.0006,2021,TJGO,Anápolis,PESSOA JURÍDICA,,,EXTINTO SEM MÉRITO,False,,3985
5639884-97.2024.8.09.0012,2024,TJGO,Aparecida de Goiânia,PESSOA FÍSICA,,,IMPROCEDENTE,False,,3763
5640988-13.2024.8.09.0049,2024,TJGO,Goianésia,PESSOA FÍSICA,,,IMPROCEDENTE,False,,19858
5645699-89.2023.8.09.0051,2023,TJGO,Goiânia,PESSOA FÍSICA,GOL LINHAS AEREAS INTELIGENTES,Transporte aéreo,PARCIALMENTE PROCEDENTE,True,5320.86,9548
5645708-85.2022.8.09.0051,2022,TJGO,,PESSOA FÍSICA,BANCO DO BRASIL,Banco e financeira,IMPROCEDENTE,False,,12687
5645710-92.2023.8.09.0092,2023,TJGO,Jaraguá,PESSOA JURÍDICA,,,IMPROCEDENTE,False,,5976
5657756-98.2020.8.09.0131,2020,TJGO,Porangatu,PESSOA FÍSICA,,,EXTINTO SEM MÉRITO,False,,4559
5658112-70.2023.8.09.0137,2023,TJGO,Rio Verde,PESSOA FÍSICA,,,IMPROCEDENTE,False,,12446
5664901-18.2024.8.09.0051,2024,TJGO,Goiânia,,,,IMPROCEDENTE,False,,10402
5666513-74.2021.8.09.0025,2021,TJGO,Caldas Novas,PESSOA FÍSICA,,,ACORDO HOMOLOGADO,,,1383
5666883-64.2022.8.09.0010,2022,TJGO,,PESSOA FÍSICA,,,PARCIALMENTE PROCEDENTE,True,2000.0,3997
5671511-70.2022.8.09.0051,2022,TJGO,Goiânia,,,,PARCIALMENTE PROCEDENTE,True,,2748
5675041-56.2021.8.09.0071,2021,TJGO,,PESSOA JURÍDICA,AYMORE CREDITO FINANCIAMENTO E INV. S.A. S E N T E N Ç A ELIO SEBASTIAO ALVES,Banco e financeira,EXTINTO SEM MÉRITO,False,,1428
5676774-15.2024.8.09.0051,2024,TJGO,Goiânia,PESSOA FÍSICA,CASH TIME PAY PRODUTOS E SERVICOS DIGITAIS,Outros,IMPROCEDENTE,False,84.83,9360
5677133-35.2021.8.09.0094,2021,TJGO,Jataí,PESSOA FÍSICA,AZUL LINHAS AEREAS BRASILEIRAS,Transporte aéreo,ACORDO HOMOLOGADO,,,1608
5680273-54.2023.8.09.0079,2023,TJGO,Itaberaí,,,,PARCIALMENTE PROCEDENTE,True,2000.0,17112
5681123-14.2023.8.09.0175,2023,TJGO,,PESSOA FÍSICA,,,EXTINTO SEM MÉRITO,False,,1728
5682010-79.2023.8.09.0051,2023,TJGO,,PESSOA FÍSICA,HAPVIDA ASSISTENCIA MEDICA,Plano de saúde,PROCEDENTE,True,3000.0,4755
5685179-16.2019.8.09.0051,2019,TJGO,Goiânia,PESSOA JURÍDICA,CIA ULTRAGAZ S/A SENTENÇA EMENTA: SENTENÇA. AÇÃO ANULATÓRIA DE MULTA C/C PEDIDO DE TUTEL,Outros,IMPROCEDENTE,False,,17762
5687323-44.2021.8.09.0066,2021,TJGO,Goiás,PESSOA FÍSICA,,,IMPROCEDENTE,False,,7892
5688389-02.2024.8.09.0051,2024,TJGO,Goiânia,PESSOA FÍSICA,BANCO BMG,Banco e financeira,PARCIALMENTE PROCEDENTE,True,,33766
5693780-45.2021.8.09.0114,2021,TJGO,Niquelândia,,,,IMPROCEDENTE,False,,7188
5693834-64.2025.8.09.0051,2025,TJGO,Goiânia,PESSOA FÍSICA,BANCO BMG,Banco e financeira,IMPROCEDENTE,False,,27899
5694785-32.2022.8.09.0029,2022,TJGO,Catalão,,,,IMPROCEDENTE,False,,14769
5695842-68.2024.8.09.0012,2024,TJGO,,PESSOA FÍSICA,BANCO PAN,Banco e financeira,IMPROCEDENTE,False,,4243
5696142-78.2022.8.09.0051,2022,TJGO,,PESSOA FÍSICA,INGRESSO.COM,Outros,IMPROCEDENTE,False,,6858
5701994-48.2024.8.09.0137,2024,TJGO,Rio Verde,PESSOA FÍSICA,,,EXTINTO SEM MÉRITO,False,,3469
5703076-95.2024.8.09.0014,2024,TJGO,Aragarças,PESSOA FÍSICA,STRADA TRANSPORTES E LOGISTICA DE CARGAS EM GERAL,Outros,ACORDO HOMOLOGADO,,,3479
5705948-06.2023.8.09.0051,2023,TJGO,Goiânia,PESSOA FÍSICA,,,EXTINTO SEM MÉRITO,False,,4555
5707929-37.2025.8.09.0007,2025,TJGO,Anápolis,PESSOA FÍSICA,FACEBOOK SERVICOS ONLINE DO BRASIL,Outros,ACORDO HOMOLOGADO,,,1303
5711964-73.2023.8.09.0051,2023,TJGO,Outras Atividades,PESSOA FÍSICA,FACEBOOK SERVICOS ONLINE DO BRASIL,Outros,PARCIALMENTE PROCEDENTE,True,,15280
5713389-04.2024.8.09.0051,2024,TJGO,,,,,PROCEDENTE,True,5000.0,10592
5718213-16.2023.8.09.0156,2023,TJGO,Varjão,PESSOA JURÍDICA,,,EXTINTO SEM MÉRITO,False,,2145
5718660-48.2023.8.09.0012,2023,TJGO,Aparecida de Goiânia,,,,EXTINTO SEM MÉRITO,False,,2822
5720705-68.2024.8.09.0051,2024,TJGO,Goiânia,PESSOA FÍSICA,BANCO BRADESCO,Banco e financeira,IMPROCEDENTE,False,,11061
5721750-81.2022.8.09.0147,2022,TJGO,,PESSOA FÍSICA,,,ACORDO HOMOLOGADO,,,1524
5722159-83.2024.8.09.0051,2024,TJGO,Tempo Desperdiçado,PESSOA FÍSICA,AZUL LINHAS AÉREAS BRASILEIRAS S.A. SENTENÇA DISPENSADO O RELATÓRIO,Transporte aéreo,PARCIALMENTE PROCEDENTE,True,,12486
5722766-02.2023.8.09.0029,2023,TJGO,Catalão,PESSOA FÍSICA,,,PARCIALMENTE PROCEDENTE,True,6000.0,5851
5727155-61.2023.8.09.0051,2023,TJGO,Goiânia,PESSOA FÍSICA,,,IMPROCEDENTE,False,,17440
5728905-64.2024.8.09.0051,2024,TJGO,Goiânia,PESSOA FÍSICA,,,IMPROCEDENTE,False,,9540
5747476-74.2022.8.09.0012,2022,TJGO,Aparecida de Goiânia,PESSOA FÍSICA,COLEGIO VERITAS II,Ensino,EXTINTO SEM MÉRITO,False,,1481
5755519-43.2023.8.09.0051,2023,TJGO,Goiânia,,,,IMPROCEDENTE,False,,10626
5755847-36.2024.8.09.0051,2024,TJGO,Goiânia,,,,IMPROCEDENTE,False,,9933
5756678-84.2024.8.09.0051,2024,TJGO,Goiânia,PESSOA JURÍDICA,FACTA FINANCEIRA S.A. CREDITO,Banco e financeira,PARCIALMENTE PROCEDENTE,True,,18853
5758699-04.2022.8.09.0051,2022,TJGO,Goiânia,PESSOA FÍSICA,,,EXTINTO SEM MÉRITO,False,,5278
5763828-87.2023.8.09.0169,2023,TJGO,,PESSOA FÍSICA,,,EXTINTO SEM MÉRITO,False,,3385
5763833-83.2024.8.09.0134,2024,TJGO,Quirinópolis,,,,PARCIALMENTE PROCEDENTE,True,5000.0,24322
5771480-24.2023.8.09.0051,2023,TJGO,Goiânia,,,,IMPROCEDENTE,False,,9716
5774438-65.2024.8.09.0174,2024,TJGO,Senador Canedo,PESSOA JURÍDICA,BANCO PAN S.A.59.285.411/0001-13 AUTORIZO USO DE CÓPIA DESTA SENTENÇA PARA CUMPRIMENTO,Banco e financeira,ACORDO HOMOLOGADO,,,1331
5774455-82.2024.8.09.0051,2024,TJGO,Goiânia Processo N,,,,EXTINTO SEM MÉRITO,False,,2797
5775524-86.2023.8.09.0051,2023,TJGO,Goiânia,PESSOA FÍSICA,,,PROCEDENTE,True,3000.0,10547
5780817-07.2022.8.09.0137,2022,TJGO,Rio Verde,PESSOA FÍSICA,,,PARCIALMENTE PROCEDENTE,True,,9398
5781137-59.2022.8.09.0007,2022,TJGO,Anápolis,,,,PROCEDENTE,True,4000.0,5003
5789885-94.2024.8.09.0012,2024,TJGO,Aparecida de Goiânia,PESSOA FÍSICA,UBER DO BRASIL TECNOLOGIA,Outros,ACORDO HOMOLOGADO,,1400.0,6339
5790368-41.2023.8.09.0051,2023,TJGO,Goiânia,,,,PARCIALMENTE PROCEDENTE,True,4050.0,6385
5793178-09.2023.8.09.0012,2023,TJGO,Aparecida de Goiânia,,,,EXTINTO SEM MÉRITO,False,,1647
5794615-22.2023.8.09.0130,2023,TJGO,Porangatu,PESSOA FÍSICA,EQUATORIAL GOIAS DISTRIBUIDORA DE ENERGIA,Energia,IMPROCEDENTE,False,,15405
5796516-66.2023.8.09.0084,2023,TJGO,,PESSOA FÍSICA,ATACADO DOS PISOS,Varejo e serviços,PARCIALMENTE PROCEDENTE,True,605.96,8635
5810276-11.2024.8.09.0064,2024,TJGO,Desarquivamento,PESSOA FÍSICA,99 TECNOLOGIA,Outros,PARCIALMENTE PROCEDENTE,True,,13416
5821041-14.2024.8.09.0170,2024,TJGO,Natureza Moral,PESSOA JURÍDICA,ASSOCIACAO BRASILEIRA DOS APOSENTADOS E PENSIONISTAS DA NACAO SENTENÇA TRATA-SE DE AÇÃO DE,Outros,PARCIALMENTE PROCEDENTE,True,3000.0,14212
5823327-31.2024.8.09.0051,2024,TJGO,Goiânia,PESSOA FÍSICA,,,PARCIALMENTE PROCEDENTE,True,4000.0,9072
5834567-51.2023.8.09.0051,2023,TJGO,Goiânia,,,,EXTINTO SEM MÉRITO,False,,2314
5838655-36.2024.8.09.0007,2024,TJGO,Anápolis,PESSOA FÍSICA,PASCHOALOTTO SERVICOS FINANCEIROS,Banco e financeira,IMPROCEDENTE,False,,3160
5848302-20.2024.8.09.0051,2024,TJGO,Goiânia,PESSOA JURÍDICA,,,PROCEDENTE,True,350.7,20673
5849684-48.2024.8.09.0051,2024,TJGO,Goiânia,PESSOA JURÍDICA,AZUL LINHAS AEREAS BRASILEIRAS,Transporte aéreo,PROCEDENTE,True,322.64,25631
5855281-56.2024.8.09.0064,2024,TJGO,Goianira,PESSOA FÍSICA,,,PROCEDENTE,True,8000.0,23871
5858703-57.2023.8.09.0134,2023,TJGO,Quirinópolis,,,,PARCIALMENTE PROCEDENTE,True,1000.0,29211
5864537-17.2024.8.09.0066,2024,TJGO,Santo Antônio do Descoberto,PESSOA FÍSICA,FACEBOOK SERVICOS ONLINE DO BRASIL,Outros,ACORDO HOMOLOGADO,,,1387
5866721-10.2024.8.09.0174,2024,TJGO,Senador Canedo,PESSOA FÍSICA,ASSOCIACAO DE APOSENTADOS MUTUALISTA PARA BENEFICIOS COLETIVOS - AMBEC08.254.798/0001-00,Outros,EXTINTO SEM MÉRITO,False,,1776
5867334-65.2023.8.09.0012,2023,TJGO,,,,,PARCIALMENTE PROCEDENTE,True,,7629
5875261-28.2024.8.09.0051,2024,TJGO,,PESSOA FÍSICA,A ASSOCIACAO NO BRASIL DE APOSENTADOS E PENSIONISTAS DA PREVIDENCIA SOCIAL - AP BRASIL,Outros,PARCIALMENTE PROCEDENTE,True,3000.0,10385
5887009-57.2024.8.09.0051,2024,TJGO,Goiânia Gabinete do Juiz,,,,PARCIALMENTE PROCEDENTE,True,20000.0,14708
5915366-46.2024.8.09.0116,2024,TJGO,Padre Bernardo Gabinete,,,,PROCEDENTE,True,44347.5,5448
5916659-52.2024.8.09.0051,2024,TJGO,Goiânia,,,,PROCEDENTE,True,8000.0,13961
5916893-54.2024.8.09.0012,2024,TJGO,Aparecida de Goiânia,PESSOA FÍSICA,,,IMPROCEDENTE,False,,8974
5924088-04.2024.8.09.0170,2024,TJGO,Campinorte,PESSOA FÍSICA,UNASPUB - UNIAO NACIONAL DE AUXILIO AOS SERVIDORES PUBLICOS,Poder público,ACORDO HOMOLOGADO,,,3772
5931391-38.2024.8.09.0051,2024,TJGO,Goiânia,PESSOA FÍSICA,,,IMPROCEDENTE,False,,13061
5943086-86.2024.8.09.0051,2024,TJGO,Goiânia,PESSOA FÍSICA,,,PARCIALMENTE PROCEDENTE,True,,30298
5947260-41.2024.8.09.0051,2024,TJGO,Goiânia,,BANCO BMG S.A NATUREZA: PROCESSO CÍVEL E DO TRABALHO -> PROCESSO DE CONHECIMENTO -> PROCED,Banco e financeira,PARCIALMENTE PROCEDENTE,True,,21411
5949071-50.2024.8.09.0014,2024,TJGO,Aragarças,PESSOA JURÍDICA,UNASPUB - UNIAO NACIONAL DE AUXILIO AOS SERVIDORES PUBLICOS SENTENÇA TRATA-SE DE AÇÃO,Poder público,PROCEDENTE,True,1058.09,12722
5954616-09.2024.8.09.0077,2024,TJGO,Iporá,PESSOA FÍSICA,AUTO POSTO S. S,Outros,IMPROCEDENTE,False,,11086
5983827-71.2024.8.09.0051,2024,TJGO,Goiânia,PESSOA FÍSICA,BANCO BMG,Banco e financeira,PARCIALMENTE PROCEDENTE,True,6000.0,33104
5984785-57.2024.8.09.0051,2024,TJGO,Goiânia Processo N,,,,,,,12598
5997214-56.2024.8.09.0051,2024,TJGO,Goiânia,PESSOA FÍSICA,TAM LINHAS AEREAS,Transporte aéreo,PROCEDENTE,True,13000.0,11347
6000471-04.2024.8.03.0004,2024,TJAP,Amapá,PESSOA FÍSICA,,,IMPROCEDENTE,False,,6209
6001596-47.2023.8.03.0002,2023,TJAP,,PESSOA FÍSICA,LINHAS DE MACAPA TRANSMISSORA DE ENERGIA,Energia,EXTINTO SEM MÉRITO,False,,3114
6002509-29.2023.8.03.0002,2023,TJAP,,PESSOA FÍSICA,LINHAS DE MACAPA TRANSMISSORA DE ENERGIA,Energia,EXTINTO SEM MÉRITO,False,,3106
6003037-66.2023.8.03.0001,2023,TJAP,Macapá,PESSOA FÍSICA,BANCO ITAUCARD,Banco e financeira,IMPROCEDENTE,False,,3724
6003113-90.2023.8.03.0001,2023,TJAP,,PESSOA FÍSICA,COMPANHIA DE ELETRICIDADE DO AMAPA E OUTROS,Energia,EXTINTO SEM MÉRITO,False,,4796
6003797-44.2025.8.03.0001,2025,TJAP,,PESSOA FÍSICA,LATAM AIRLINES GROUP,Transporte aéreo,EXTINTO SEM MÉRITO,False,,1221
6004023-73.2024.8.09.0112,2024,TJGO,Nerópolis,,,,IMPROCEDENTE,False,,6449
6004205-06.2023.8.03.0001,2023,TJAP,,PESSOA FÍSICA,COMPANHIA DE ELETRICIDADE DO AMAPA,Energia,ACORDO HOMOLOGADO,,,952
6004554-09.2023.8.03.0001,2023,TJAP,,PESSOA FÍSICA,,,EXTINTO SEM MÉRITO,False,,1935
6005370-54.2024.8.03.0001,2024,TJAP,,PESSOA FÍSICA,SHPS TECNOLOGIA E SERVICOS,Outros,EXTINTO SEM MÉRITO,False,,1075
6005599-48.2023.8.03.0001,2023,TJAP,,PESSOA FÍSICA,GOTOGATE AGENCIA DE VIAGENS LTDA E OUTROS,Outros,PROCEDENTE,True,,18065
6008810-92.2023.8.03.0001,2023,TJAP,,PESSOA FÍSICA,TELEFONICA BRASIL,Telecomunicações,PARCIALMENTE PROCEDENTE,True,,5113
6010924-67.2024.8.03.0001,2024,TJAP,,PESSOA FÍSICA,COMPANHIA DE ELETRICIDADE DO AMAPA,Energia,PROCEDENTE,True,,4846
6016154-69.2024.8.09.0051,2024,TJGO,Goiânia,,,,PARCIALMENTE PROCEDENTE,True,,21745
6023293-59.2025.8.03.0001,2025,TJAP,,,,,EXTINTO SEM MÉRITO,False,,682
6024515-11.2024.8.09.0040,2024,TJGO,Edéia,,,,IMPROCEDENTE,False,,14153
6024728-81.2024.8.09.0051,2024,TJGO,Goiânia,PESSOA JURÍDICA,BANCO BMG S.A SENTENÇA CUIDA-SE DE AÇÃO DECLARATÓRIA DE NULIDADE DE CLÁUSULA CONTRATUAL,Banco e financeira,PARCIALMENTE PROCEDENTE,True,,24151
6028864-90.2024.8.09.0029,2024,TJGO,Catalão,PESSOA FÍSICA,TELEFONICA BRASIL,Telecomunicações,IMPROCEDENTE,False,,4789
6044711-87.2024.8.03.0001,2024,TJAP,,PESSOA FÍSICA,ASSUPERO ENSINO SUPERIOR,Ensino,EXTINTO SEM MÉRITO,False,,9154
6048155-10.2024.8.09.0051,2024,TJGO,Goiânia,PESSOA JURÍDICA,,,IMPROCEDENTE,False,500.0,24510
6048796-19.2024.8.03.0001,2024,TJAP,,PESSOA FÍSICA,,,IMPROCEDENTE,False,,2857
6052288-19.2024.8.03.0001,2024,TJAP,,PESSOA FÍSICA,LOCALIZA RENT A CAR,Outros,IMPROCEDENTE,False,,8310
6052975-93.2024.8.03.0001,2024,TJAP,Mogi das Cruzes,PESSOA JURÍDICA,CS BRASIL FROTAS,Outros,IMPROCEDENTE,False,,11448
6061544-83.2024.8.03.0001,2024,TJAP,,PESSOA JURÍDICA,,,EXTINTO SEM MÉRITO,False,,3192
6089525-66.2024.8.09.0051,2024,TJGO,Goiânia,,,,IMPROCEDENTE,False,20000.0,21616
6119495-58.2024.8.09.0101,2024,TJGO,Luziânia Gabinete da Juíza Jéssica Lourenço,PESSOA JURÍDICA,NU FINANCEIRA S.A. - SOCIEDADE DE CREDITO,Banco e financeira,IMPROCEDENTE,False,,10218
6132013-36.2024.8.09.0051,2024,TJGO,,PESSOA JURÍDICA,VERO S.A. E OUTRA SENTENÇA VERSAM OS AUTOS DIGITAIS SOBRE RECLAMAÇÃO AFORADA C,Outros,PARCIALMENTE PROCEDENTE,True,,5705
6149395-42.2024.8.09.0051,2024,TJGO,Goiânia,,,,PROCEDENTE,True,5000.0,18925
6150383-63.2024.8.09.0051,2024,TJGO,Goiânia,PESSOA FÍSICA,SEBRASEG CLUBE DE BENEFICIOS,Outros,PARCIALMENTE PROCEDENTE,True,509.2,21124
6150655-57.2024.8.09.0051,2024,TJGO,Goiânia,,,,ACORDO HOMOLOGADO,,,1877
7000098-76.2025.8.22.0008,2025,TJRO,,PESSOA FÍSICA,,,ACORDO HOMOLOGADO,,,2106
7000272-24.2021.8.22.0009,2021,TJRO,,PESSOA FÍSICA,,,IMPROCEDENTE,False,,9791
7000278-29.2024.8.22.0008,2024,TJRO,,PESSOA FÍSICA,SERASA,Bureau de crédito,IMPROCEDENTE,False,,7010
7000425-47.2023.8.22.0022,2023,TJRO,,PESSOA FÍSICA,,,IMPROCEDENTE,False,,7539
7000487-47.2023.8.22.0003,2023,TJRO,,PESSOA JURÍDICA,FUNDO DE INVESTIMENTO EM DIREITOS CREDITORIOS NAO PADRONIZADOS NPL II,Banco e financeira,EXTINTO SEM MÉRITO,False,,3103
7000631-09.2023.8.22.0007,2023,TJRO,,PESSOA FÍSICA,TAM LINHAS AEREAS,Transporte aéreo,IMPROCEDENTE,False,,7192
7000702-29.2019.8.22.0014,2019,TJRO,,PESSOA FÍSICA,GOMES E AMARAL,Outros,IMPROCEDENTE,False,,5666
7000715-61.2024.8.22.0011,2024,TJRO,,PESSOA FÍSICA,AZUL LINHAS AÉREAS BRASILEIRA,Transporte aéreo,IMPROCEDENTE,False,,4512
7000787-51.2024.8.22.0010,2024,TJRO,,PESSOA FÍSICA,SERASA,Bureau de crédito,IMPROCEDENTE,False,,4353
7000793-27.2021.8.22.0022,2021,TJRO,,PESSOA FÍSICA,REQUERIDO: BANCO C6 CONSIGNADO,Banco e financeira,ACORDO HOMOLOGADO,,,1717
7001000-34.2022.8.22.0008,2022,TJRO,,PESSOA FÍSICA,AGUILERA AUTOPECAS,Outros,EXTINTO SEM MÉRITO,False,,3599
7001051-69.2023.8.22.0021,2023,TJRO,,PESSOA FÍSICA,,,IMPROCEDENTE,False,,7025
7001076-05.2024.8.22.0003,2024,TJRO,,PESSOA FÍSICA,UNIAO CENTRO RONDONIENSE DE ENSINO SUPERIOR,Ensino,IMPROCEDENTE,False,,8485
7001110-97.2022.8.22.0019,2022,TJRO,,PESSOA FÍSICA,NELSON MONTEIRO DE CARVALHO NETO,Outros,IMPROCEDENTE,False,,9278
7001150-76.2022.8.22.0020,2022,TJRO,,PESSOA FÍSICA,FELICIANO LYRA MOURA,Outros,EXTINTO SEM MÉRITO,False,,2143
7001200-43.2024.8.22.0017,2024,TJRO,,PESSOA FÍSICA,,,ACORDO HOMOLOGADO,,,2552
7001333-21.2024.8.22.0006,2024,TJRO,,PESSOA FÍSICA,AZUL LINHAS AÉREAS BRASILEIRA,Transporte aéreo,IMPROCEDENTE,False,1500.0,15211
7001382-96.2019.8.22.0019,2019,TJRO,,PESSOA FÍSICA,EDITORA DIARIO DA AMAZONIA,Outros,ACORDO HOMOLOGADO,,,1361
7001406-39.2023.8.22.0002,2023,TJRO,,PESSOA FÍSICA,,,IMPROCEDENTE,False,,10582
7001417-96.2022.8.22.0004,2022,TJRO,Ouro Preto do Oeste,,,,PROCEDENTE,True,47586.04,18925
7001561-38.2025.8.22.0013,2025,TJRO,,PESSOA FÍSICA,,,ACORDO HOMOLOGADO,,,1480
7001707-23.2023.8.22.0022,2023,TJRO,,PESSOA FÍSICA,NOVALAR,Outros,EXTINTO SEM MÉRITO,False,,1875
7001770-21.2022.8.22.0010,2022,TJRO,,PESSOA FÍSICA,LATAM LINHAS AEREAS,Transporte aéreo,PROCEDENTE,True,,5218
7001804-34.2020.8.22.0020,2020,TJRO,,PESSOA FÍSICA,BANCO DO ESTADO DO RIO GRANDE DO SUL,Banco e financeira,EXTINTO SEM MÉRITO,False,,1570
7001814-73.2023.8.22.0020,2023,TJRO,,PESSOA FÍSICA,,,IMPROCEDENTE,False,,12469
7001826-38.2023.8.22.0004,2023,TJRO,,PESSOA FÍSICA,DIMAS CORDEIRO DE PAULA,Outros,ACORDO HOMOLOGADO,,,1199
7002118-53.2024.8.22.0015,2024,TJRO,,PESSOA FÍSICA,ENERGISA RONDONIA - DISTRIBUIDORA DE ENERGIA,Energia,,,,5836
7002233-92.2024.8.22.0009,2024,TJRO,Forma Detalhada,PESSOA FÍSICA,,,PROCEDENTE,True,2000.0,14000
7002505-10.2024.8.22.0002,2024,TJRO,,PESSOA FÍSICA,GUSTAVO ANTONIO FERES PAIXAO,Outros,IMPROCEDENTE,False,,15009
7002689-03.2023.8.22.0001,2023,TJRO,Porto Velho,PESSOA FÍSICA,EXPRESSO GUANABARA,Outros,PROCEDENTE,True,2000.0,6395
7002757-16.2020.8.22.0014,2020,TJRO,,PESSOA JURÍDICA,BANCO BRADESCO,Banco e financeira,IMPROCEDENTE,False,,8613
7002811-21.2021.8.22.0022,2021,TJRO,,PESSOA FÍSICA,,,PROCEDENTE,True,10000.0,4176
7002855-46.2025.8.22.0007,2025,TJRO,,PESSOA FÍSICA,,,ACORDO HOMOLOGADO,,,1084
7002873-19.2024.8.22.0002,2024,TJRO,,PESSOA FÍSICA,,,IMPROCEDENTE,False,,6265
7002918-93.2019.8.22.0003,2019,TJRO,,PESSOA FÍSICA,ACE SEGURADORA,Seguros,IMPROCEDENTE,False,,5391
7003002-05.2021.8.22.0010,2021,TJRO,,PESSOA FÍSICA,BANCO BRADESCO FINANCIAMENTOS,Banco e financeira,IMPROCEDENTE,False,5000.0,23219
7003015-26.2024.8.22.0001,2024,TJRO,Porto Velho,PESSOA FÍSICA,HOTEL URBANO VIAGENS E TURISMO,Outros,IMPROCEDENTE,False,7544.78,10630
7003074-47.2020.8.22.0003,2020,TJRO,,PESSOA FÍSICA,,,IMPROCEDENTE,False,,11749
7003099-45.2020.8.22.0008,2020,TJRO,,PESSOA FÍSICA,ITAPEVA VII MULTICARTEIRA FUNDO DE INVESTIMENTO EM DIREITOS CREDITÓRIOS NÃO PADRONIZADOS,Banco e financeira,IMPROCEDENTE,False,,4447
7003318-84.2022.8.22.0009,2022,TJRO,,PESSOA FÍSICA,ENERGISA RONDONIA - DISTRIBUIDORA DE ENERGIA,Energia,IMPROCEDENTE,False,1000.0,15032
7003428-73.2023.8.22.0001,2023,TJRO,,PESSOA FÍSICA,IFOOD.COM AGENCIA DE RESTAURANTES ONLINE,Outros,ACORDO HOMOLOGADO,,,5377
7003490-06.2025.8.22.0014,2025,TJRO,,PESSOA JURÍDICA,,,ACORDO HOMOLOGADO,,,2421
7003692-81.2023.8.22.0004,2023,TJRO,Ouro Preto do Oeste,PESSOA FÍSICA,123 VIAGENS E TURISMO,Outros,PARCIALMENTE PROCEDENTE,True,2000.0,9328
7003772-57.2024.8.22.0021,2024,TJRO,Sua Respectiva Sede,PESSOA FÍSICA,,,PARCIALMENTE PROCEDENTE,True,,14021
7003885-63.2023.8.22.0015,2023,TJRO,Guajará Mirim,,,,ACORDO HOMOLOGADO,,,3746
7004466-51.2022.8.22.0003,2022,TJRO,,PESSOA FÍSICA,WB COMPONENTES AUTOMOTIVOS,Outros,EXTINTO SEM MÉRITO,False,,4016
7004483-84.2022.8.22.0004,2022,TJRO,Ouro Preto do Oeste,,,,ACORDO HOMOLOGADO,,,8991
7004634-53.2022.8.22.0003,2022,TJRO,Eleição,PESSOA FÍSICA,,,EXTINTO SEM MÉRITO,False,,5345
7004843-52.2023.8.22.0014,2023,TJRO,,PESSOA FÍSICA,IRMAOS GONCALVES COMERCIO E INDUSTRIA,Outros,IMPROCEDENTE,False,,6170
7005186-92.2020.8.22.0001,2020,TJRO,,PESSOA JURÍDICA,BANCO DO BRASIL,Banco e financeira,IMPROCEDENTE,False,,4958
7005319-37.2020.8.22.0001,2020,TJRO,,PESSOA FÍSICA,TELEFONICA BRASIL,Telecomunicações,,,,1843
7005370-14.2021.8.22.0001,2021,TJRO,,PESSOA FÍSICA,CENTRAIS ELETRICAS DE RONDONIA S/A - CERON,Energia,IMPROCEDENTE,False,,4931
7005875-70.2024.8.22.0010,2024,TJRO,,PESSOA FÍSICA,CONCEITO TRANSPORTES E TURISMO,Outros,PROCEDENTE,True,3000.0,4755
7005990-28.2023.8.22.0010,2023,TJRO,,PESSOA FÍSICA,,,IMPROCEDENTE,False,,3227
7006477-47.2022.8.22.0005,2022,TJRO,,PESSOA FÍSICA,ASSOCIACAO SOLUCAO,Outros,IMPROCEDENTE,False,,7444
7008386-84.2023.8.22.0007,2023,TJRO,,PESSOA FÍSICA,AZUL LINHAS AÉREAS BRASILEIRA,Transporte aéreo,IMPROCEDENTE,False,,8937
7008406-59.2024.8.22.0001,2024,TJRO,,,,,ACORDO HOMOLOGADO,,,1904
7008980-98.2023.8.22.0007,2023,TJRO,,PESSOA FÍSICA,REVISA COMERCIAL DE PNEUS E PECAS,Outros,EXTINTO SEM MÉRITO,False,,7513
7009100-93.2022.8.22.0002,2022,TJRO,,PESSOA FÍSICA,ADVOGADO DO(A) RÉU: PAULA MALTZ NAHON,Outros,ACORDO HOMOLOGADO,,,4336
7009117-61.2024.8.22.0002,2024,TJRO,,PESSOA FÍSICA,,,IMPROCEDENTE,False,,6574
7009243-46.2022.8.22.0014,2022,TJRO,,PESSOA FÍSICA,CONSTRUTORA MORENA SUL,Outros,EXTINTO SEM MÉRITO,False,,2443
7009674-75.2025.8.22.0014,2025,TJRO,Vilhena,PESSOA JURÍDICA,BANCO ITAU CONSIGNADO,Banco e financeira,IMPROCEDENTE,False,,9639
7009683-78.2022.8.22.0002,2022,TJRO,,PESSOA FÍSICA,BANCO BMG,Banco e financeira,IMPROCEDENTE,False,,19374
7009967-79.2024.8.22.0014,2024,TJRO,,PESSOA FÍSICA,AAPB ASSOCIACAO DOS APOSENTADOS E PENSIONISTASDO BRASIL,Outros,ACORDO HOMOLOGADO,,,1183
7010341-03.2025.8.22.0001,2025,TJRO,,PESSOA FÍSICA,,,IMPROCEDENTE,False,,7611
7011626-07.2020.8.22.0001,2020,TJRO,,PESSOA FÍSICA,LATAM LINHAS AEREAS,Transporte aéreo,EXTINTO SEM MÉRITO,False,,3676
7012314-27.2024.8.22.0001,2024,TJRO,,PESSOA FÍSICA,,,EXTINTO SEM MÉRITO,False,,4600
7013208-93.2021.8.22.0005,2021,TJRO,,PESSOA FÍSICA,BANCO DO BRASIL,Banco e financeira,EXTINTO SEM MÉRITO,False,,4028
7013298-76.2022.8.22.0002,2022,TJRO,,PESSOA FÍSICA,ENERGISA RONDONIA - DISTRIBUIDORA DE ENERGIA,Energia,IMPROCEDENTE,False,,8715
7013483-37.2024.8.22.0005,2024,TJRO,,,,,IMPROCEDENTE,False,3200.0,19398
7014541-58.2022.8.22.0001,2022,TJRO,,PESSOA FÍSICA,,,PARCIALMENTE PROCEDENTE,True,,3782
7015906-61.2024.8.22.0007,2024,TJRO,Domicílio do Consumidor É Absoluta,PESSOA FÍSICA,UNASPUB - UNIAO NACIONAL DE AUXILIO AOS SERVIDORES PUBLICOS,Poder público,PROCEDENTE,True,5000.0,20066
7016208-74.2025.8.22.0001,2025,TJRO,,PESSOA FÍSICA,,,IMPROCEDENTE,False,,23215
7016717-39.2024.8.22.0001,2024,TJRO,,PESSOA FÍSICA,,,IMPROCEDENTE,False,,15870
7017564-23.2024.8.22.0007,2024,TJRO,,PESSOA FÍSICA,EAGLE SOCIEDADE DE CREDITO DIRETO,Banco e financeira,PARCIALMENTE PROCEDENTE,True,521.4,14508
7019950-59.2015.8.22.0001,2015,TJRO,,PESSOA FÍSICA,,,PROCEDENTE,True,3075.95,9766
7020393-34.2020.8.22.0001,2020,TJRO,,PESSOA FÍSICA,CENTRAL NACIONAL UNIMED - COOPERATIVA CENTRAL,Plano de saúde,PARCIALMENTE PROCEDENTE,True,600.0,13435
7021222-10.2023.8.22.0001,2023,TJRO,,PESSOA FÍSICA,MARCELO NEUMANN MOREIRAS PESSOA,Outros,EXTINTO SEM MÉRITO,False,,12067
7021768-31.2024.8.22.0001,2024,TJRO,,PESSOA FÍSICA,NOVA ROVER DISTRIBUIDORA DE ALIMENTOS,Outros,EXTINTO SEM MÉRITO,False,,4198
7023306-81.2023.8.22.0001,2023,TJRO,,PESSOA FÍSICA,AZUL LINHAS AÉREAS BRASILEIRA,Transporte aéreo,IMPROCEDENTE,False,,10928
7027618-42.2019.8.22.0001,2019,TJRO,,PESSOA FÍSICA,COMPANHIA DE ÁGUAS E ESGOSTOS DE RONDÔNIA - CAERD CNPJ Nº 05.914.254/0001-39,Saneamento,EXTINTO SEM MÉRITO,False,,7967
7027624-73.2024.8.22.0001,2024,TJRO,,PESSOA FÍSICA,,,PARCIALMENTE PROCEDENTE,True,286.6,10555
7029722-36.2021.8.22.0001,2021,TJRO,,PESSOA JURÍDICA,COMPANHIA DE AGUAS E ESGOTOS DE RONDONIA CAERD,Saneamento,IMPROCEDENTE,False,,4322
7051167-08.2024.8.22.0001,2024,TJRO,,PESSOA FÍSICA,BANCO BRADESCO FINANCIAMENTOS,Banco e financeira,EXTINTO SEM MÉRITO,False,,3815
7051228-29.2025.8.22.0001,2025,TJRO,,PESSOA FÍSICA,NEON PAGAMENTOS,Outros,IMPROCEDENTE,False,,5862
7052436-82.2024.8.22.0001,2024,TJRO,,PESSOA FÍSICA,GOL LINHAS AEREAS,Transporte aéreo,IMPROCEDENTE,False,,6491
7053483-62.2022.8.22.0001,2022,TJRO,,PESSOA FÍSICA,JP CONFECCOES,Outros,IMPROCEDENTE,False,,5686
7057081-53.2024.8.22.0001,2024,TJRO,,PESSOA FÍSICA,MARCOS DELLI RIBEIRO RODRIGUES,Outros,EXTINTO SEM MÉRITO,False,,10428
7057375-13.2021.8.22.0001,2021,TJRO,Disposto Nos Arts,PESSOA FÍSICA,ENERGISA,Outros,IMPROCEDENTE,False,,4152
7058805-97.2021.8.22.0001,2021,TJRO,,PESSOA FÍSICA,AGP TECNOLOGIA EM INFORMATICA DO BRASIL,Outros,IMPROCEDENTE,False,,6370
7064695-46.2023.8.22.0001,2023,TJRO,,PESSOA FÍSICA,CDC PORTO VELHO,Outros,EXTINTO SEM MÉRITO,False,,2371
7072849-87.2022.8.22.0001,2022,TJRO,,PESSOA FÍSICA,ENERGISA RONDONIA - DISTRIBUIDORA DE ENERGIA,Energia,IMPROCEDENTE,False,,4422
7076494-86.2023.8.22.0001,2023,TJRO,,PESSOA FÍSICA,,,EXTINTO SEM MÉRITO,False,,2165
7084890-86.2022.8.22.0001,2022,TJRO,,PESSOA FÍSICA,GOL LINHAS AEREAS,Transporte aéreo,EXTINTO SEM MÉRITO,False,,1600
7086645-48.2022.8.22.0001,2022,TJRO,Porto Velho,PESSOA FÍSICA,AZUL LINHAS AEREAS BRASILEIRAS,Transporte aéreo,PROCEDENTE,True,2000.0,8270
8000002-49.2020.8.05.0119,2020,TJBA,,PESSOA FÍSICA,TIM CELULAR,Telecomunicações,ACORDO HOMOLOGADO,,,832
8000010-12.2025.8.05.0261,2025,TJBA,Tucano,PESSOA FÍSICA,BANCO SANTANDER (BRASIL),Banco e financeira,IMPROCEDENTE,False,,6254
8000020-68.2024.8.05.0139,2024,TJBA,,PESSOA FÍSICA,AZUL LINHAS AEREAS BRASILEIRAS,Transporte aéreo,PARCIALMENTE PROCEDENTE,True,8000.0,5954
8000028-86.2018.8.05.0258,2018,TJBA,Teofilândia,,,,ACORDO HOMOLOGADO,,,2370
8000029-71.2018.8.05.0258,2018,TJBA,Teofilândia,PESSOA FÍSICA,COELBA,Energia,IMPROCEDENTE,False,,8931
8000031-52.2020.8.05.0264,2020,TJBA,,PESSOA FÍSICA,BANCO BRADESCO,Banco e financeira,IMPROCEDENTE,False,,7618
8000055-07.2024.8.05.0049,2024,TJBA,Capim Grosso,,,,IMPROCEDENTE,False,,7346
8000076-71.2025.8.05.0170,2025,TJBA,,PESSOA FÍSICA,FACEBOOK SERVICOS ONLINE DO BRASIL,Outros,ACORDO HOMOLOGADO,,,2952
8000096-70.2015.8.05.0119,2015,TJBA,,,,,IMPROCEDENTE,False,2000.0,6864
8000107-11.2024.8.05.0014,2024,TJBA,Araci,PESSOA FÍSICA,R CASAES VIEIRA,Outros,PROCEDENTE,True,724.5,4444
8000133-24.2020.8.05.0119,2020,TJBA,,PESSOA FÍSICA,SKY SERVICOS DE BANDA LARGA,Telecomunicações,ACORDO HOMOLOGADO,,,835
8000134-75.2019.8.05.0270,2019,TJBA,Utinga,,,,PROCEDENTE,True,4000.0,7862
8000136-72.2017.8.05.0219,2017,TJBA,,,,,ACORDO HOMOLOGADO,,,1638
8000138-45.2022.8.05.0226,2022,TJBA,,PESSOA FÍSICA,BANCO PAN,Banco e financeira,ACORDO HOMOLOGADO,,,1916
8000147-58.2024.8.05.0057,2024,TJBA,,PESSOA FÍSICA,TAICOCA MINERACAO TRANSPORTES,Outros,ACORDO HOMOLOGADO,,,3361
8000172-93.2023.8.05.0255,2023,TJBA,,PESSOA FÍSICA,COMPANHIA DE ELETRICIDADE DO ESTADO DA BAHIA COELBA,Energia,IMPROCEDENTE,False,,6983
8000176-41.2025.8.05.0262,2025,TJBA,,PESSOA FÍSICA,,,PARCIALMENTE PROCEDENTE,True,2000.0,11586
8000182-98.2017.8.05.0239,2017,TJBA,Retratação,,,,EXTINTO SEM MÉRITO,False,,7227
8000186-29.2025.8.05.0119,2025,TJBA,,PESSOA FÍSICA,BANCO DO BRASIL S/A E OUTROS,Banco e financeira,IMPROCEDENTE,False,,5077
8000187-27.2017.8.05.0173,2017,TJBA,Mundo Novo,,,,PROCEDENTE,True,7000.0,9061
8000196-29.2025.8.05.0166,2025,TJBA,Miguel Calmon,PESSOA FÍSICA,FACEBOOK SERVICOS ONLINE DO BRASIL,Outros,ACORDO HOMOLOGADO,,,1962
8000212-71.2021.8.05.0182,2021,TJBA,,PESSOA FÍSICA,LOJAS RENNER S.A. E OUTROS,Varejo e serviços,PARCIALMENTE PROCEDENTE,True,,16340
8000219-84.2018.8.05.0209,2018,TJBA,,PESSOA FÍSICA,FUNDO DE INVESTIMENTO EM DIREITOS CREDITORIOS NAO-PADRONIZADOS NPL I,Banco e financeira,EXTINTO SEM MÉRITO,False,,1428
8000228-90.2025.8.05.0018,2025,TJBA,Barra,PESSOA FÍSICA,BANCO DO BRASIL,Banco e financeira,IMPROCEDENTE,False,,6293
8000242-08.2025.8.05.0040,2025,TJBA,,PESSOA FÍSICA,MUNICIPIO DE CAMAMU,Poder público,PARCIALMENTE PROCEDENTE,True,,11669
8000247-56.2024.8.05.0075,2024,TJBA,,PESSOA FÍSICA,TAM LINHAS AEREAS,Transporte aéreo,PARCIALMENTE PROCEDENTE,True,5000.0,9686
8000258-17.2018.8.05.0198,2018,TJBA,,PESSOA FÍSICA,BANCO BONSUCESSO CONSIGNADO S/A E OUTROS,Banco e financeira,IMPROCEDENTE,False,,4782
8000258-31.2018.8.05.0258,2018,TJBA,Teofilândia,,,,ACORDO HOMOLOGADO,,,2337
8000260-98.2018.8.05.0258,2018,TJBA,Teofilândia,,,,ACORDO HOMOLOGADO,,,2343
8000262-06.2022.8.05.0104,2022,TJBA,,PESSOA FÍSICA,SEEA-SOCIEDADE DE ESTUDOS EMPRESARIAIS DE ALAGOINHAS,Outros,,,,3667
8000265-23.2018.8.05.0258,2018,TJBA,Teofilândia,,,,ACORDO HOMOLOGADO,,,2321
8000267-93.2019.8.05.0181,2019,TJBA,Nova Soure,PESSOA FÍSICA,ITAU UNIBANCO E OUTROS,Banco e financeira,PARCIALMENTE PROCEDENTE,True,1425.9,28975
8000274-85.2019.8.05.0181,2019,TJBA,Nova Soure,PESSOA FÍSICA,BANCO BRADESCO,Banco e financeira,PARCIALMENTE PROCEDENTE,True,5653.44,13111
8000291-33.2021.8.05.0123,2021,TJBA,,PESSOA FÍSICA,COMPANHIA DE ELETRICIDADE DO ESTADO DA BAHIA COELBA,Energia,EXTINTO SEM MÉRITO,False,,1733
8000294-42.2025.8.05.0189,2025,TJBA,,PESSOA FÍSICA,,,PARCIALMENTE PROCEDENTE,True,4000.0,9322
8000315-49.2018.8.05.0258,2018,TJBA,Teofilândia,,,,ACORDO HOMOLOGADO,,,2362
8000330-36.2017.8.05.0231,2017,TJBA,,PESSOA FÍSICA,COMPANHIA DE ELETRICIDADE DO ESTADO DA BAHIA,Energia,IMPROCEDENTE,False,,6752
8000344-04.2019.8.05.0149,2019,TJBA,,PESSOA FÍSICA,TELEFONICA BRASIL,Telecomunicações,IMPROCEDENTE,False,3000.0,9307
8000378-39.2019.8.05.0226,2019,TJBA,,PESSOA FÍSICA,CLARO,Telecomunicações,EXTINTO SEM MÉRITO,False,,1366
8000379-31.2020.8.05.0277,2020,TJBA,,PESSOA FÍSICA,BANCO BONSUCESSO CONSIGNADO,Banco e financeira,IMPROCEDENTE,False,,5136
8000395-42.2018.8.05.0022,2018,TJBA,,PESSOA FÍSICA,,,EXTINTO SEM MÉRITO,False,,3629
8000401-94.2025.8.05.0057,2025,TJBA,,PESSOA FÍSICA,UNIÂO FEDERAL / FAZENDA NACIONAL,Poder público,EXTINTO SEM MÉRITO,False,,3390
8000403-65.2024.8.05.0165,2024,TJBA,Convicção Seguro,,,,IMPROCEDENTE,False,,11138
8000405-58.2019.8.05.0020,2019,TJBA,,PESSOA FÍSICA,INDUSTRIA DE LATICINIOS POLAR LTDA - ME E OUTROS,Outros,PROCEDENTE,True,6548.0,14395
8000405-76.2022.8.05.0077,2022,TJBA,,PESSOA FÍSICA,REU: VIA VAREJO,Varejo e serviços,ACORDO HOMOLOGADO,,,2669
8000412-34.2023.8.05.0077,2023,TJBA,,,,,IMPROCEDENTE,False,,5267
8000455-87.2024.8.05.0221,2024,TJBA,,PESSOA FÍSICA,MUNICIPIO DE CRAVOLANDIA,Poder público,IMPROCEDENTE,False,,11069
8000457-30.2021.8.05.0264,2021,TJBA,,PESSOA FÍSICA,BANCO BMG,Banco e financeira,IMPROCEDENTE,False,,9367
8000473-89.2025.8.05.0119,2025,TJBA,,PESSOA FÍSICA,MULTIMARCAS ADMINISTRADORA DE CONSORCIOS,Outros,PARCIALMENTE PROCEDENTE,True,54.28,4775
8000506-94.2018.8.05.0258,2018,TJBA,Teofilândia,,,,ACORDO HOMOLOGADO,,,2300
8000508-02.2024.8.05.0049,2024,TJBA,Capim Grosso,,,,IMPROCEDENTE,False,,11763
8000512-11.2025.8.05.0144,2025,TJBA,,PESSOA FÍSICA,WILL S.A. MEIOS DE PAGAMENTO,Outros,PROCEDENTE,True,2000.0,9733
8000524-18.2018.8.05.0258,2018,TJBA,Teofilândia,PESSOA FÍSICA,COELBA,Energia,IMPROCEDENTE,False,,8876
8000531-44.2017.8.05.0258,2017,TJBA,Teofilândia,,COELBA,Energia,IMPROCEDENTE,False,,8182
8000532-10.2021.8.05.0219,2021,TJBA,Santa Bárbara,PESSOA FÍSICA,,,IMPROCEDENTE,False,,6726
8000537-35.2021.8.05.0024,2021,TJBA,Belo Campo,PESSOA FÍSICA,TIM CELULAR,Telecomunicações,ACORDO HOMOLOGADO,,,2124
8000539-83.2018.8.05.0226,2018,TJBA,,PESSOA FÍSICA,CLARO,Telecomunicações,IMPROCEDENTE,False,,19389
8000545-93.2020.8.05.0170,2020,TJBA,,PESSOA FÍSICA,COMPANHIA DE ELETRICIDADE DO ESTADO DA BAHIA COELBA,Energia,PARCIALMENTE PROCEDENTE,True,,6185
8000546-13.2017.8.05.0258,2017,TJBA,Teofilândia,,COELBA,Energia,IMPROCEDENTE,False,,8169
8000551-54.2025.8.05.0161,2025,TJBA,,PESSOA FÍSICA,FLIXBUS TRANSPORTE E TECNOLOGIA DO BRASIL LTDA. E OUTROS,Outros,IMPROCEDENTE,False,,15729
8000558-93.2023.8.05.0168,2023,TJBA,,PESSOA FÍSICA,123 MILHAS VIAGENS E TURISMO,Outros,PARCIALMENTE PROCEDENTE,True,5000.0,7937
8000573-28.2024.8.05.0168,2024,TJBA,,PESSOA FÍSICA,BANCO BRADESCO FINANCIAMENTOS,Banco e financeira,EXTINTO SEM MÉRITO,False,,3563
8000610-09.2023.8.05.0033,2023,TJBA,,PESSOA FÍSICA,,,EXTINTO SEM MÉRITO,False,,2589
8000612-36.2017.8.05.0276,2017,TJBA,,PESSOA FÍSICA,,,IMPROCEDENTE,False,,6708
8000618-37.2025.8.05.0058,2025,TJBA,,PESSOA FÍSICA,,,EXTINTO SEM MÉRITO,False,,16213
8000619-78.2020.8.05.0096,2020,TJBA,,PESSOA FÍSICA,HSBC FINANCE (BRASIL) S.A. - BANCO MULTIPLO,Banco e financeira,EXTINTO SEM MÉRITO,False,,6722
8000652-07.2025.8.05.0189,2025,TJBA,,PESSOA FÍSICA,UNSBRAS UNIAO DOS SERVIDORES PUBLICOS DO BRASIL,Poder público,ACORDO HOMOLOGADO,,,1365
8000652-66.2024.8.05.0213,2024,TJBA,,PESSOA FÍSICA,TAM LINHAS AEREAS,Transporte aéreo,PROCEDENTE,True,3000.0,6097
8000654-91.2021.8.05.0261,2021,TJBA,,PESSOA FÍSICA,PICPAY SERVICOS,Outros,IMPROCEDENTE,False,,6566
8000670-63.2019.8.05.0213,2019,TJBA,,PESSOA FÍSICA,TELEFONICA BRASIL,Telecomunicações,PARCIALMENTE PROCEDENTE,True,3000.0,8547
8000690-06.2024.8.05.0237,2024,TJBA,,,,,PARCIALMENTE PROCEDENTE,True,500.0,9336
8000694-12.2023.8.05.0194,2023,TJBA,,PESSOA FÍSICA,BANCO DO BRASIL,Banco e financeira,PROCEDENTE,True,5000.0,14636
8000704-19.2020.8.05.0208,2020,TJBA,,PESSOA FÍSICA,BANCO DO BRASIL,Banco e financeira,ACORDO HOMOLOGADO,,,3070
8000707-76.2024.8.05.0258,2024,TJBA,,PESSOA FÍSICA,,,PROCEDENTE,True,561.12,13055
8000717-81.2019.8.05.0166,2019,TJBA,,PESSOA FÍSICA,,,IMPROCEDENTE,False,,7597
8000725-07.2022.8.05.0149,2022,TJBA,Lapão,PESSOA FÍSICA,BANCO ITAU CONSIGNADO,Banco e financeira,IMPROCEDENTE,False,,6751
8000728-12.2024.8.05.0239,2024,TJBA,,PESSOA FÍSICA,,,EXTINTO SEM MÉRITO,False,,8172
8000749-72.2017.8.05.0258,2017,TJBA,Teofilândia,,COELBA,Energia,IMPROCEDENTE,False,,8041
8000779-85.2024.8.05.0089,2024,TJBA,,PESSOA FÍSICA,,,EXTINTO SEM MÉRITO,False,,2229
8000782-36.2021.8.05.0189,2021,TJBA,,PESSOA FÍSICA,BANCO PAN,Banco e financeira,IMPROCEDENTE,False,,7855
8000786-77.2024.8.05.0089,2024,TJBA,,PESSOA FÍSICA,,,EXTINTO SEM MÉRITO,False,,2276
8000795-45.2018.8.05.0058,2018,TJBA,,PESSOA FÍSICA,,,IMPROCEDENTE,False,,4885
8000798-59.2025.8.05.0056,2025,TJBA,Petrolândia,PESSOA FÍSICA,COMPANHIA HIDRO ELETRICA DO SAO FRANCISCO,Energia,EXTINTO SEM MÉRITO,False,,3885
8000800-34.2025.8.05.0119,2025,TJBA,,PESSOA FÍSICA,TOXICOLOGIA PARDINI LABORATORIOS S/A E OUTROS,Outros,IMPROCEDENTE,False,,8850
8000862-26.2017.8.05.0258,2017,TJBA,Teofilândia,PESSOA FÍSICA,COELBA,Energia,IMPROCEDENTE,False,,8933
8000881-37.2019.8.05.0072,2019,TJBA,Cruz das Almas,PESSOA FÍSICA,OMNI S/A CREDITO FINANCIAMENTO E INVESTIMENTO,Banco e financeira,ACORDO HOMOLOGADO,,,1412
8000905-07.2020.8.05.0274,2020,TJBA,,PESSOA FÍSICA,,,PARCIALMENTE PROCEDENTE,True,1092.48,18202
8000919-52.2020.8.05.0189,2020,TJBA,,PESSOA FÍSICA,CENCOSUD BRASIL COMERCIAL,Outros,ACORDO HOMOLOGADO,,,2502
8000984-55.2022.8.05.0196,2022,TJBA,,PESSOA FÍSICA,BANCO DO BRASIL,Banco e financeira,IMPROCEDENTE,False,,8664
8001050-96.2021.8.05.0090,2021,TJBA,,PESSOA FÍSICA,INSTITUTO MANTENEDOR DE ENSINO SUPERIOR DA BAHIA,Ensino,IMPROCEDENTE,False,,4312
8001081-72.2020.8.05.0213,2020,TJBA,,PESSOA FÍSICA,BANCO BRADESCO,Banco e financeira,PROCEDENTE,True,103.29,8486
8001084-26.2024.8.05.0265,2024,TJBA,,PESSOA FÍSICA,,,ACORDO HOMOLOGADO,,,2069
8001085-27.2025.8.05.0216,2025,TJBA,,PESSOA FÍSICA,TAM LINHAS AEREAS,Transporte aéreo,PARCIALMENTE PROCEDENTE,True,,15459
8001101-79.2024.8.05.0227,2024,TJBA,,PESSOA FÍSICA,,,ACORDO HOMOLOGADO,,,2734
8001128-92.2021.8.05.0057,2021,TJBA,,PESSOA FÍSICA,BV FINANCEIRA SA CREDITO FINANCIAMENTO E INVESTIMENTO,Banco e financeira,ACORDO HOMOLOGADO,,,4193
8001128-95.2024.8.05.0119,2024,TJBA,,PESSOA FÍSICA,BANCO PAN S.A E OUTROS,Banco e financeira,IMPROCEDENTE,False,,9350
8001129-31.2020.8.05.0213,2020,TJBA,,PESSOA FÍSICA,SUMUP SOLUCOES DE PAGAMENTO BRASIL,Outros,IMPROCEDENTE,False,,4633
8001164-47.2021.8.05.0183,2021,TJBA,Olindina,PESSOA FÍSICA,,,IMPROCEDENTE,False,,6644
8001175-54.2019.8.05.0213,2019,TJBA,,PESSOA FÍSICA,EMPRESA BAIANA DE AGUAS E SANEAMENTO,Saneamento,IMPROCEDENTE,False,,7001
8001176-36.2025.8.05.0049,2025,TJBA,Capim Grosso,,,,IMPROCEDENTE,False,,11696
8001183-85.2025.8.05.0127,2025,TJBA,,PESSOA FÍSICA,BANCO DO BRASIL,Banco e financeira,IMPROCEDENTE,False,,13464
8001193-84.2025.8.05.0239,2025,TJBA,,PESSOA FÍSICA,TAM LINHAS AEREAS,Transporte aéreo,PARCIALMENTE PROCEDENTE,True,4000.0,6152
8001208-77.2023.8.05.0189,2023,TJBA,,PESSOA FÍSICA,BINCLUB SERVICOS DE ADMINISTRACAO E DE PROGRAMAS DE FIDELIDADE,Outros,ACORDO HOMOLOGADO,,,1733
8001219-83.2025.8.05.0077,2025,TJBA,,PESSOA FÍSICA,ASSOCIACAO DE PROTECAO VEICULAR DA BAHIA - PROTERCAR,Outros,EXTINTO SEM MÉRITO,False,,1681
8001223-44.2021.8.05.0277,2021,TJBA,,PESSOA FÍSICA,BANCO BRADESCO,Banco e financeira,EXTINTO SEM MÉRITO,False,,3014
8001247-08.2019.8.05.0127,2019,TJBA,,,,,IMPROCEDENTE,False,,9416
8001258-45.2025.8.05.0218,2025,TJBA,,PESSOA FÍSICA,BANCO BRADESCO,Banco e financeira,ACORDO HOMOLOGADO,,,2169
8001284-71.2023.8.05.0199,2023,TJBA,,PESSOA FÍSICA,BANCO BRADESCO,Banco e financeira,EXTINTO SEM MÉRITO,False,,4461
8001292-51.2024.8.05.0219,2024,TJBA,,PESSOA FÍSICA,ACOLHER - ASSOCIACAO DE PROTECAO E DEFESA DOS DIREITOS DOS APOSENTADOS E PENSIONISTAS,Outros,ACORDO HOMOLOGADO,,,3880
8001297-76.2017.8.05.0168,2017,TJBA,,PESSOA FÍSICA,BANCO BONSUCESSO,Banco e financeira,IMPROCEDENTE,False,,6238
8001301-61.2021.8.05.0237,2021,TJBA,São Gonçalo dos Campos,PESSOA FÍSICA,BANCO ITAU CONSIGNADO,Banco e financeira,IMPROCEDENTE,False,,4801
8001301-87.2025.8.05.0183,2025,TJBA,,PESSOA FÍSICA,BANCO BRADESCO,Banco e financeira,IMPROCEDENTE,False,,5611
8001322-46.2023.8.05.0276,2023,TJBA,,PESSOA FÍSICA,COMPANHIA DE ELETRICIDADE DO ESTADO DA BAHIA COELBA,Energia,PARCIALMENTE PROCEDENTE,True,1500.0,6602
8001322-84.2021.8.05.0189,2021,TJBA,,PESSOA FÍSICA,BANCO BRADESCO SA E OUTROS,Banco e financeira,ACORDO HOMOLOGADO,,,1902
8001354-42.2021.8.05.0237,2021,TJBA,São Gonçalo dos Campos,PESSOA FÍSICA,BANCO C6,Banco e financeira,EXTINTO SEM MÉRITO,False,,3670
8001386-02.2017.8.05.0168,2017,TJBA,,PESSOA FÍSICA,BANCO ITAU CONSIGNADO,Banco e financeira,IMPROCEDENTE,False,,18976
8001405-57.2023.8.05.0213,2023,TJBA,,PESSOA FÍSICA,BANCO BRADESCO,Banco e financeira,PARCIALMENTE PROCEDENTE,True,,8925
8001442-23.2022.8.05.0277,2022,TJBA,,PESSOA FÍSICA,RENOVA COMPANHIA SECURITIZADORA DE CREDITOS FINANCEIROS,Banco e financeira,PROCEDENTE,True,,4310
8001447-45.2025.8.05.0049,2025,TJBA,Capim Grosso,,,,IMPROCEDENTE,False,,11680
8001487-98.2023.8.05.0145,2023,TJBA,João Dourado,PESSOA FÍSICA,PORTO SEGURO COMPANHIA DE SEGUROS GERAIS,Seguros,ACORDO HOMOLOGADO,,,6067
8001490-53.2023.8.05.0145,2023,TJBA,,PESSOA FÍSICA,BANCO BRADESCO,Banco e financeira,IMPROCEDENTE,False,,3435
8001491-43.2025.8.05.0056,2025,TJBA,,PESSOA FÍSICA,VIA VAREJO,Varejo e serviços,PROCEDENTE,True,,10650
8001511-34.2020.8.05.0242,2020,TJBA,,PESSOA FÍSICA,BANCO MERCANTIL DO BRASIL,Banco e financeira,IMPROCEDENTE,False,,9738
8001553-39.2024.8.05.0276,2024,TJBA,,PESSOA FÍSICA,,,EXTINTO SEM MÉRITO,False,,7755
8001564-80.2018.8.05.0049,2018,TJBA,,PESSOA FÍSICA,BANCO PANAMERICANO,Banco e financeira,IMPROCEDENTE,False,,4040
8001565-89.2023.8.05.0049,2023,TJBA,,PESSOA FÍSICA,COMPANHIA DE ELETRICIDADE DO ESTADO DA BAHIA COELBA,Energia,IMPROCEDENTE,False,,5807
8001573-55.2021.8.05.0237,2021,TJBA,São Gonçalo dos Campos,PESSOA FÍSICA,BANCO MERCANTIL DO BRASIL,Banco e financeira,EXTINTO SEM MÉRITO,False,,3748
8001589-56.2024.8.05.0058,2024,TJBA,,PESSOA FÍSICA,APDAP PREV - ASSOCIAÇÃO DE PROTEÇÃO E DEFESA DOS DIREITOS DOS APOSENTADOS E PENSIONISTAS E,Outros,EXTINTO SEM MÉRITO,False,,16296
8001598-54.2019.8.05.0038,2019,TJBA,,PESSOA FÍSICA,BANCO BRADESCO S.A. E BANCO BRADESCO CARTOES S.A. (RÉUS),Banco e financeira,PARCIALMENTE PROCEDENTE,True,2000.0,7129
8001601-23.2021.8.05.0237,2021,TJBA,São Gonçalo dos Campos,PESSOA FÍSICA,BANCO SAFRA,Banco e financeira,IMPROCEDENTE,False,15000.0,8598
8001629-82.2025.8.05.0226,2025,TJBA,,PESSOA FÍSICA,,,IMPROCEDENTE,False,,10819
8001676-24.2025.8.05.0172,2025,TJBA,,PESSOA FÍSICA,BANCO BRADESCO,Banco e financeira,ACORDO HOMOLOGADO,,,4372
8001692-51.2023.8.05.0138,2023,TJBA,,PESSOA FÍSICA,INFLUENCIEI EDITORA LTDA E OUTROS (4),Outros,EXTINTO SEM MÉRITO,False,,4881
8001759-79.2024.8.05.0235,2024,TJBA,,PESSOA FÍSICA,BANCO BRADESCO,Banco e financeira,ACORDO HOMOLOGADO,,,1282
8001776-67.2020.8.05.0264,2020,TJBA,,PESSOA FÍSICA,COMPANHIA DE ELETRICIDADE DO ESTADO DA BAHIA COELBA,Energia,IMPROCEDENTE,False,,3750
8001837-75.2022.8.05.0063,2022,TJBA,,PESSOA FÍSICA,,,PROCEDENTE,True,1720.0,16274
8001852-34.2021.8.05.0110,2021,TJBA,,PESSOA FÍSICA,BANCO C6,Banco e financeira,ACORDO HOMOLOGADO,,,2667
8001923-80.2021.8.05.0063,2021,TJBA,Conceição do Coité,,,,EXTINTO SEM MÉRITO,False,,29296
8001992-76.2024.8.05.0041,2024,TJBA,,PESSOA FÍSICA,BANCO BRADESCO,Banco e financeira,EXTINTO SEM MÉRITO,False,,5055
8002012-11.2024.8.05.0189,2024,TJBA,,PESSOA FÍSICA,BANCO BRADESCO,Banco e financeira,PARCIALMENTE PROCEDENTE,True,6000.0,9294
8002023-31.2025.8.05.0213,2025,TJBA,,,,,ACORDO HOMOLOGADO,,,2220
8002026-30.2023.8.05.0124,2023,TJBA,,PESSOA FÍSICA,BANCO DO BRASIL,Banco e financeira,IMPROCEDENTE,False,,12416
8002076-44.2024.8.05.0149,2024,TJBA,Lapão,PESSOA FÍSICA,,,IMPROCEDENTE,False,,6175
8002134-74.2024.8.05.0237,2024,TJBA,,PESSOA FÍSICA,ABRASPREV ASSOCIACAO BRASILEIRA DOS CONTRIBUINTES DO REGIME GERAL DA PREVIDENCIA SOCIAL,Outros,PARCIALMENTE PROCEDENTE,True,2000.0,9229
8002218-55.2021.8.05.0213,2021,TJBA,,PESSOA FÍSICA,BANCO BRADESCO,Banco e financeira,IMPROCEDENTE,False,3000.0,16029
8002297-75.2020.8.05.0049,2020,TJBA,Capim Grosso,,,,ACORDO HOMOLOGADO,,,1673
8002317-51.2024.8.05.0235,2024,TJBA,,PESSOA FÍSICA,AZUL LINHAS AEREAS BRASILEIRAS,Transporte aéreo,PROCEDENTE,True,,8675
8002328-41.2024.8.05.0054,2024,TJBA,Qualidade do Serviço,PESSOA FÍSICA,TRANSPORTES AEREOS PORTUGUESES,Outros,PROCEDENTE,True,8000.0,15269
8002421-45.2022.8.05.0063,2022,TJBA,Modificação Posterior,PESSOA FÍSICA,,,PROCEDENTE,True,3000.0,12863
8002429-88.2024.8.05.0277,2024,TJBA,,PESSOA FÍSICA,ITAU UNIBANCO,Banco e financeira,IMPROCEDENTE,False,,7269
8002441-34.2024.8.05.0041,2024,TJBA,,PESSOA FÍSICA,BANCO BRADESCO,Banco e financeira,IMPROCEDENTE,False,,4326
8002556-26.2024.8.05.0277,2024,TJBA,São José dos Campos,PESSOA FÍSICA,BANCO ITAU CONSIGNADO,Banco e financeira,IMPROCEDENTE,False,,6908
8002682-44.2021.8.05.0063,2021,TJBA,Conceição do Coité,PESSOA FÍSICA,EMPRESA BAIANA DE AGUAS E SANEAMENTO,Saneamento,EXTINTO SEM MÉRITO,False,,33251
8002715-05.2019.8.05.0063,2019,TJBA,,PESSOA FÍSICA,CLARO,Telecomunicações,EXTINTO SEM MÉRITO,False,,1417
8002754-05.2023.8.05.0049,2023,TJBA,,PESSOA FÍSICA,,,IMPROCEDENTE,False,,5271
8003312-25.2024.8.05.0248,2024,TJBA,,PESSOA FÍSICA,CREFISA SA CREDITO FINANCIAMENTO E INVESTIMENTOS,Banco e financeira,IMPROCEDENTE,False,,9185
8003593-61.2018.8.05.0063,2018,TJBA,Conceição do Coité,PESSOA FÍSICA,,,ACORDO HOMOLOGADO,,,1055
8003609-15.2018.8.05.0063,2018,TJBA,,PESSOA FÍSICA,,,PROCEDENTE,True,3037.5,5570
8003647-27.2018.8.05.0063,2018,TJBA,,PESSOA FÍSICA,,,PROCEDENTE,True,7762.5,5576
8003707-52.2018.8.05.0272,2018,TJBA,Valente,PESSOA FÍSICA,CLARO,Telecomunicações,IMPROCEDENTE,False,,18618
8003721-36.2018.8.05.0272,2018,TJBA,,PESSOA FÍSICA,CLARO,Telecomunicações,IMPROCEDENTE,False,,21708
8003722-21.2018.8.05.0272,2018,TJBA,,PESSOA FÍSICA,CLARO,Telecomunicações,IMPROCEDENTE,False,,21687
8003784-41.2024.8.05.0049,2024,TJBA,Capim Grosso,,,,IMPROCEDENTE,False,,7361
8004001-27.2016.8.05.0191,2016,TJBA,Paulo Afonso,PESSOA FÍSICA,,,ACORDO HOMOLOGADO,,,1525
8004593-94.2025.8.05.0049,2025,TJBA,Capim Grosso,PESSOA FÍSICA,BANCO BRADESCO,Banco e financeira,PARCIALMENTE PROCEDENTE,True,5000.0,14314
8004794-57.2023.8.05.0049,2023,TJBA,,PESSOA FÍSICA,BANCO DO BRASIL,Banco e financeira,IMPROCEDENTE,False,,7042
8004970-65.2025.8.05.0049,2025,TJBA,Capim Grosso,PESSOA FÍSICA,BANCO BRADESCO,Banco e financeira,IMPROCEDENTE,False,,11814
8005065-95.2025.8.05.0049,2025,TJBA,Capim Grosso,PESSOA FÍSICA,BANCO BRADESCO,Banco e financeira,PARCIALMENTE PROCEDENTE,True,5000.0,15544
8006016-26.2024.8.05.0049,2024,TJBA,Capim Grosso,,,,PARCIALMENTE PROCEDENTE,True,250.0,11413
8014416-33.2024.8.05.0274,2024,TJBA,Vitória da Conquista,PESSOA FÍSICA,HYUNDAI MOTOR BRASIL MONTADORA DE AUTOMOVEIS,Outros,ACORDO HOMOLOGADO,,,1736
8020597-89.2020.8.05.0080,2020,TJBA,Feira de Santana,PESSOA JURÍDICA,3P ENGENHARIA,Outros,ACORDO HOMOLOGADO,,,1417
8028925-32.2025.8.05.0080,2025,TJBA,,PESSOA FÍSICA,,,ACORDO HOMOLOGADO,,,5013
8037992-11.2016.8.11.0002,2016,TJMT,,,,,EXTINTO SEM MÉRITO,False,,1023
8076871-82.2021.8.05.0001,2021,TJBA,,PESSOA FÍSICA,MAPFRE SEGUROS GERAIS,Seguros,ACORDO HOMOLOGADO,,,2006
8081019-05.2022.8.05.0001,2022,TJBA,,PESSOA FÍSICA,AZUL LINHAS AEREAS BRASILEIRAS,Transporte aéreo,PROCEDENTE,True,5000.0,16150
